#
# There is insufficient memory for the Java Runtime Environment to continue.
# Native memory allocation (malloc) failed to allocate 1497776 bytes. Error detail: Chunk::new
# Possible reasons:
#   The system is out of physical RAM or swap space
#   This process is running with CompressedOops enabled, and the Java Heap may be blocking the growth of the native heap
# Possible solutions:
#   Reduce memory load on the system
#   Increase physical memory or swap space
#   Check if swap backing store is full
#   Decrease Java heap size (-Xmx/-Xms)
#   Decrease number of Java threads
#   Decrease Java thread stack sizes (-Xss)
#   Set larger code cache with -XX:ReservedCodeCacheSize=
#   JVM is running with Zero Based Compressed Oops mode in which the Java heap is
#     placed in the first 32GB address space. The Java Heap base address is the
#     maximum limit for the native heap growth. Please use -XX:HeapBaseMinAddress
#     to set the Java Heap base and to place the Java Heap above 32GB virtual address.
# This output file may be truncated or incomplete.
#
#  Out of Memory Error (arena.cpp:168), pid=24820, tid=16076
#
# JRE version: OpenJDK Runtime Environment (21.0.3) (build 21.0.3+-12282718-b509.11)
# Java VM: OpenJDK 64-Bit Server VM (21.0.3+-12282718-b509.11, mixed mode, tiered, compressed oops, compressed class ptrs, g1 gc, windows-amd64)
# No core dump will be written. Minidumps are not enabled by default on client versions of Windows
#

---------------  S U M M A R Y ------------

Command Line: --add-opens=java.base/java.lang=ALL-UNNAMED --add-opens=java.base/java.lang.invoke=ALL-UNNAMED --add-opens=java.base/java.util=ALL-UNNAMED --add-opens=java.prefs/java.util.prefs=ALL-UNNAMED --add-exports=jdk.compiler/com.sun.tools.javac.api=ALL-UNNAMED --add-exports=jdk.compiler/com.sun.tools.javac.util=ALL-UNNAMED --add-opens=java.base/java.util=ALL-UNNAMED --add-opens=java.prefs/java.util.prefs=ALL-UNNAMED --add-opens=java.base/java.nio.charset=ALL-UNNAMED --add-opens=java.base/java.net=ALL-UNNAMED --add-opens=java.base/java.util.concurrent.atomic=ALL-UNNAMED --add-opens=java.xml/javax.xml.namespace=ALL-UNNAMED -XX:MaxMetaspaceSize=4G -XX:ReservedCodeCacheSize=512m -XX:+HeapDumpOnOutOfMemoryError -Xmx8G -Dfile.encoding=UTF-8 -Duser.country=IN -Duser.language=en -Duser.variant -javaagent:C:\Users\jyoti\.gradle\wrapper\dists\gradle-8.14-all\c2qonpi39x1mddn7hk5gh9iqj\gradle-8.14\lib\agents\gradle-instrumentation-agent-8.14.jar org.gradle.launcher.daemon.bootstrap.GradleDaemon 8.14

Host: 12th Gen Intel(R) Core(TM) i5-12450H, 12 cores, 7G,  Windows 11 , 64 bit Build 22621 (10.0.22621.5415)
Time: Fri Jul  3 22:18:05 2026 India Standard Time elapsed time: 1217.889964 seconds (0d 0h 20m 17s)

---------------  T H R E A D  ---------------

Current thread (0x00000267722a9280):  JavaThread "C2 CompilerThread0" daemon [_thread_in_native, id=16076, stack(0x000000f4e7c00000,0x000000f4e7d00000) (1024K)]


Current CompileTask:
C2:1217890 40971 %     4       org.gradle.internal.instantiation.generator.AbstractClassGenerator::inspectType @ 107 (602 bytes)

Stack: [0x000000f4e7c00000,0x000000f4e7d00000]
Native frames: (J=compiled Java code, j=interpreted, Vv=VM code, C=native code)
V  [jvm.dll+0x6cafb9]
V  [jvm.dll+0x858523]
V  [jvm.dll+0x85aa7e]
V  [jvm.dll+0x85b163]
V  [jvm.dll+0x27d356]
V  [jvm.dll+0xbf93d]
V  [jvm.dll+0xbfe73]
V  [jvm.dll+0x2f0eb1]
V  [jvm.dll+0x5f5a39]
V  [jvm.dll+0x24fad2]
V  [jvm.dll+0x24840d]
V  [jvm.dll+0x245fce]
V  [jvm.dll+0x1c5804]
V  [jvm.dll+0x25575c]
V  [jvm.dll+0x253c36]
V  [jvm.dll+0x3ec996]
V  [jvm.dll+0x800d78]
V  [jvm.dll+0x6c98cd]
C  [ucrtbase.dll+0x29333]
C  [KERNEL32.DLL+0x1259d]
C  [ntdll.dll+0x5af78]


---------------  P R O C E S S  ---------------

Threads class SMR info:
_java_thread_list=0x0000026714764d20, length=272, elements={
0x0000026741b8cc90, 0x00000267722bdd80, 0x00000267722bf1b0, 0x00000267722c1990,
0x00000267722c0a10, 0x00000267722a7a90, 0x00000267722a84f0, 0x00000267722a9280,
0x00000267722cb4b0, 0x0000026771803dd0, 0x000002677260f1b0, 0x0000026772a38570,
0x000002677830e020, 0x00000267781d8510, 0x00000267784dada0, 0x00000267784d9360,
0x00000267784da080, 0x000002677a2812e0, 0x000002677a2805c0, 0x000002677a282000,
0x000002677c3bfee0, 0x000002677cad3550, 0x000002677cad3be0, 0x000002677cad76f0,
0x000002677cad0760, 0x000002677a4736b0, 0x000002677a473d40, 0x000002677a46d440,
0x000002677a46fba0, 0x000002677a470230, 0x000002677a46f510, 0x000002677a4743d0,
0x000002677a474a60, 0x000002677a477850, 0x0000026706b56d90, 0x0000026706b4fe00,
0x0000026706b54630, 0x0000026706b4f770, 0x0000026706b53280, 0x0000026706b52bf0,
0x0000026706b4dd30, 0x0000026706b50490, 0x0000026706b50b20, 0x0000026706b51840,
0x0000026706b53910, 0x0000026706b4e3c0, 0x0000026706b54cc0, 0x0000026706b53fa0,
0x0000026706b511b0, 0x0000026706b56070, 0x0000026706b51ed0, 0x0000026706b4f0e0,
0x0000026706b57420, 0x0000026706b58e60, 0x0000026706b56700, 0x0000026706b57ab0,
0x0000026706b58140, 0x0000026706b594f0, 0x0000026706b587d0, 0x0000026706b52560,
0x0000026706b5a210, 0x0000026706b59b80, 0x0000026706b5a8a0, 0x0000026706b5bc50,
0x0000026706b5af30, 0x0000026706b5c970, 0x0000026706b5b5c0, 0x0000026706b5c2e0,
0x0000026706b5d000, 0x000002677cddd5c0, 0x000002677cdde2e0, 0x000002677cde1df0,
0x000002677cde1760, 0x000002677cdde970, 0x000002677cde2b10, 0x000002677cddf000,
0x000002677cddc8a0, 0x000002677cde5270, 0x000002677cde31a0, 0x000002677cde5900,
0x000002677cde3ec0, 0x000002677cde4550, 0x000002677cde4be0, 0x000002677cde5f90,
0x000002677b9f2d90, 0x000002677b9f2700, 0x000002677b9f3420, 0x000002677e3b9cc0,
0x000002677e3b8910, 0x000002677e3b8fa0, 0x000002677e3b9630, 0x00000267725c1b30,
0x00000267725c0e10, 0x00000267725c21c0, 0x00000267725c14a0, 0x0000026705a03a30,
0x0000026705a05470, 0x0000026705a01ff0, 0x0000026705a02d10, 0x0000026705a02680,
0x0000026705a033a0, 0x0000026705a040c0, 0x0000026705a04750, 0x0000026705a04de0,
0x000002677c670120, 0x000002677c6721f0, 0x000002677c66ed70, 0x000002677c66f400,
0x000002670565e6e0, 0x00000267777e5410, 0x00000267777e5aa0, 0x00000267777e2620,
0x00000267057da040, 0x00000267057da6d0, 0x00000267057dc7a0, 0x00000267057db3f0,
0x00000267057dad60, 0x00000267057dba80, 0x00000267057dc110, 0x0000026704dc8ce0,
0x0000026704dc9370, 0x0000026704dc9a00, 0x00000267057dce30, 0x00000267057dd4c0,
0x000002670584dc50, 0x000002670584b4f0, 0x000002670584bb80, 0x000002670584e2e0,
0x000002670584c210, 0x0000026704070720, 0x0000026704072160, 0x0000026704073510,
0x0000026704070090, 0x0000026704070db0, 0x000002670608d400, 0x000002670608da90,
0x000002670608cd70, 0x000002670608c6e0, 0x0000026704f3cd10, 0x000002670584c8a0,
0x000002670584ae60, 0x000002670584cf30, 0x000002670584d5c0, 0x0000026705ec6010,
0x0000026705ec66a0, 0x0000026705ec3220, 0x0000026705ec38b0, 0x0000026705ec4c60,
0x0000026705ec52f0, 0x0000026705ec3f40, 0x0000026705ec5980, 0x0000026705ec45d0,
0x00000267796b1c30, 0x00000267796b4a20, 0x00000267796b3670, 0x00000267796b3d00,
0x000002677c66fa90, 0x000002677c670e40, 0x000002677c6707b0, 0x000002677c6714d0,
0x000002677c671b60, 0x00000267069bc080, 0x00000267069bc710, 0x00000267069ba640,
0x00000267069bcda0, 0x00000267069bb9f0, 0x00000267069bb360, 0x00000267069bacd0,
0x00000267069bd430, 0x00000267069b9fb0, 0x0000026704967a30, 0x00000267049673a0,
0x00000267049680c0, 0x0000026704965ff0, 0x000002677b9f3ab0, 0x0000026705f7d2d0,
0x0000026705f7d960, 0x0000026705f7dff0, 0x0000026705f7cc40, 0x0000026705d8d360,
0x0000026705d8c640, 0x0000026705d8ccd0, 0x0000026705d8bfb0, 0x000002670565bd80,
0x00000267040727f0, 0x0000026704071440, 0x0000026779a923e0, 0x000002677bb8f450,
0x000002677bb91bb0, 0x000002677bb90e90, 0x000002677bb8fae0, 0x000002677bb92240,
0x000002677b96a8f0, 0x000002677bb928d0, 0x000002677896ea40, 0x000002670565c410,
0x000002677c6b9080, 0x0000026779a91d50, 0x0000026772a11c60, 0x0000026772a14a50,
0x0000026772a115d0, 0x0000026772a12980, 0x000002677896f0d0, 0x000002677896d690,
0x000002677896d000, 0x000002677896bc50, 0x000002677896c2e0, 0x000002677896dd20,
0x000002677896c970, 0x0000026704072e80, 0x0000026704071ad0, 0x0000026705e1c160,
0x0000026705e1a090, 0x000002670602ca20, 0x000002677d3677f0, 0x0000026706d2d370,
0x000002670c37a610, 0x0000026706d2e720, 0x000002677c6b9da0, 0x0000026706d2e090,
0x0000026706d2f440, 0x000002677c6bbe70, 0x000002677c6bc500, 0x000002677c6b9710,
0x000002677bb90170, 0x000002670c37b330, 0x000002670c378bd0, 0x0000026705e19370,
0x0000026705e18ce0, 0x000002677bb90800, 0x000002677bb91520, 0x0000026706d2c650,
0x0000026706d2cce0, 0x0000026705e19a00, 0x0000026705e1a720, 0x000002677d368510,
0x000002677d3698c0, 0x000002670c377eb0, 0x0000026706e74110, 0x0000026706e761e0,
0x00000267047851e0, 0x000002670c378540, 0x0000026705e1bad0, 0x00000267174187f0,
0x0000026717418160, 0x0000026704783110, 0x0000026704785f00, 0x000002670c379260,
0x000002670c379f80, 0x000002670602ddd0, 0x000002670602bd00, 0x000002670602e460,
0x000002670602c390, 0x0000026706c42150, 0x0000026704785870, 0x000002670602f180,
0x00000267047844c0, 0x000002670602d0b0, 0x0000026706e754c0, 0x0000026704784b50,
0x0000026706e73a80, 0x0000026704786590, 0x000002670602d740, 0x0000026704783e30,
0x000002670c83f8a0, 0x000002670602eaf0, 0x000002670c8405c0, 0x000002670c83ff30,
0x0000026706e733f0, 0x000002677b96af80, 0x0000026706e74e30, 0x000002670ba847c0
}
_to_delete_list=0x0000026712b41fd0, length=271, elements={
0x0000026741b8cc90, 0x00000267722bdd80, 0x00000267722bf1b0, 0x00000267722c1990,
0x00000267722c0a10, 0x00000267722a7a90, 0x00000267722a84f0, 0x00000267722a9280,
0x00000267722cb4b0, 0x0000026771803dd0, 0x000002677260f1b0, 0x0000026772a38570,
0x000002677830e020, 0x00000267781d8510, 0x00000267784dada0, 0x00000267784d9360,
0x00000267784da080, 0x000002677a2812e0, 0x000002677a2805c0, 0x000002677a282000,
0x000002677c3bfee0, 0x000002677cad3550, 0x000002677cad3be0, 0x000002677cad76f0,
0x000002677cad0760, 0x000002677a4736b0, 0x000002677a473d40, 0x000002677a46d440,
0x000002677a46fba0, 0x000002677a470230, 0x000002677a46f510, 0x000002677a4743d0,
0x000002677a474a60, 0x000002677a477850, 0x0000026706b56d90, 0x0000026706b4fe00,
0x0000026706b54630, 0x0000026706b4f770, 0x0000026706b53280, 0x0000026706b52bf0,
0x0000026706b4dd30, 0x0000026706b50490, 0x0000026706b50b20, 0x0000026706b51840,
0x0000026706b53910, 0x0000026706b4e3c0, 0x0000026706b54cc0, 0x0000026706b53fa0,
0x0000026706b511b0, 0x0000026706b56070, 0x0000026706b51ed0, 0x0000026706b4f0e0,
0x0000026706b57420, 0x0000026706b58e60, 0x0000026706b56700, 0x0000026706b57ab0,
0x0000026706b58140, 0x0000026706b594f0, 0x0000026706b587d0, 0x0000026706b52560,
0x0000026706b5a210, 0x0000026706b59b80, 0x0000026706b5a8a0, 0x0000026706b5bc50,
0x0000026706b5af30, 0x0000026706b5c970, 0x0000026706b5b5c0, 0x0000026706b5c2e0,
0x0000026706b5d000, 0x000002677cddd5c0, 0x000002677cdde2e0, 0x000002677cde1df0,
0x000002677cde1760, 0x000002677cdde970, 0x000002677cde2b10, 0x000002677cddf000,
0x000002677cddc8a0, 0x000002677cde5270, 0x000002677cde31a0, 0x000002677cde5900,
0x000002677cde3ec0, 0x000002677cde4550, 0x000002677cde4be0, 0x000002677cde5f90,
0x000002677b9f2d90, 0x000002677b9f2700, 0x000002677b9f3420, 0x000002677e3b9cc0,
0x000002677e3b8910, 0x000002677e3b8fa0, 0x000002677e3b9630, 0x00000267725c1b30,
0x00000267725c0e10, 0x00000267725c21c0, 0x00000267725c14a0, 0x0000026705a03a30,
0x0000026705a05470, 0x0000026705a01ff0, 0x0000026705a02d10, 0x0000026705a02680,
0x0000026705a033a0, 0x0000026705a040c0, 0x0000026705a04750, 0x0000026705a04de0,
0x000002677c670120, 0x000002677c6721f0, 0x000002677c66ed70, 0x000002677c66f400,
0x000002670565e6e0, 0x00000267777e5410, 0x00000267777e5aa0, 0x00000267777e2620,
0x00000267057da040, 0x00000267057da6d0, 0x00000267057dc7a0, 0x00000267057db3f0,
0x00000267057dad60, 0x00000267057dba80, 0x00000267057dc110, 0x0000026704dc8ce0,
0x0000026704dc9370, 0x0000026704dc9a00, 0x00000267057dce30, 0x00000267057dd4c0,
0x000002670584dc50, 0x000002670584b4f0, 0x000002670584bb80, 0x000002670584e2e0,
0x000002670584c210, 0x0000026704070720, 0x0000026704072160, 0x0000026704073510,
0x0000026704070090, 0x0000026704070db0, 0x000002670608d400, 0x000002670608da90,
0x000002670608cd70, 0x000002670608c6e0, 0x0000026704f3cd10, 0x000002670584c8a0,
0x000002670584ae60, 0x000002670584cf30, 0x000002670584d5c0, 0x0000026705ec6010,
0x0000026705ec66a0, 0x0000026705ec3220, 0x0000026705ec38b0, 0x0000026705ec4c60,
0x0000026705ec52f0, 0x0000026705ec3f40, 0x0000026705ec5980, 0x0000026705ec45d0,
0x00000267796b1c30, 0x00000267796b4a20, 0x00000267796b3670, 0x00000267796b3d00,
0x000002677c66fa90, 0x000002677c670e40, 0x000002677c6707b0, 0x000002677c6714d0,
0x000002677c671b60, 0x00000267069bc080, 0x00000267069bc710, 0x00000267069ba640,
0x00000267069bcda0, 0x00000267069bb9f0, 0x00000267069bb360, 0x00000267069bacd0,
0x00000267069bd430, 0x00000267069b9fb0, 0x0000026704967a30, 0x00000267049673a0,
0x00000267049680c0, 0x0000026704965ff0, 0x000002677b9f3ab0, 0x0000026705f7d2d0,
0x0000026705f7d960, 0x0000026705f7dff0, 0x0000026705f7cc40, 0x0000026705d8d360,
0x0000026705d8c640, 0x0000026705d8ccd0, 0x0000026705d8bfb0, 0x000002670565bd80,
0x00000267040727f0, 0x0000026704071440, 0x0000026779a923e0, 0x000002677bb8f450,
0x000002677bb91bb0, 0x000002677bb90e90, 0x000002677bb8fae0, 0x000002677bb92240,
0x000002677b96a8f0, 0x000002677bb928d0, 0x000002677896ea40, 0x000002670565c410,
0x000002677c6b9080, 0x0000026779a91d50, 0x0000026772a11c60, 0x0000026772a14a50,
0x0000026772a115d0, 0x0000026772a12980, 0x000002677896f0d0, 0x000002677896d690,
0x000002677896d000, 0x000002677896bc50, 0x000002677896c2e0, 0x000002677896dd20,
0x000002677896c970, 0x0000026704072e80, 0x0000026704071ad0, 0x0000026705e1c160,
0x0000026705e1a090, 0x000002670602ca20, 0x000002677d3677f0, 0x0000026706d2d370,
0x000002670c37a610, 0x0000026706d2e720, 0x000002677c6b9da0, 0x0000026706d2e090,
0x0000026706d2f440, 0x000002677c6bbe70, 0x000002677c6bc500, 0x000002677c6b9710,
0x000002677bb90170, 0x000002670c37b330, 0x000002670c378bd0, 0x0000026705e19370,
0x0000026705e18ce0, 0x000002677bb90800, 0x000002677bb91520, 0x0000026706d2c650,
0x0000026706d2cce0, 0x0000026705e19a00, 0x0000026705e1a720, 0x000002677d368510,
0x000002677d3698c0, 0x000002670c377eb0, 0x0000026706e74110, 0x0000026706e761e0,
0x00000267047851e0, 0x000002670c378540, 0x0000026705e1bad0, 0x00000267174187f0,
0x0000026717418160, 0x0000026704783110, 0x0000026704785f00, 0x000002670c379260,
0x000002670c379f80, 0x000002670602ddd0, 0x000002670602bd00, 0x000002670602e460,
0x000002670602c390, 0x0000026706c42150, 0x0000026704785870, 0x000002670602f180,
0x00000267047844c0, 0x000002670602d0b0, 0x0000026706e754c0, 0x0000026704784b50,
0x0000026706e73a80, 0x0000026704786590, 0x000002670602d740, 0x0000026704783e30,
0x000002670c83f8a0, 0x000002670602eaf0, 0x000002670c8405c0, 0x000002670c83ff30,
0x0000026706e733f0, 0x000002677b96af80, 0x0000026706e74e30
}

Java Threads: ( => current thread )
  0x0000026741b8cc90 JavaThread "main"                              [_thread_blocked, id=23648, stack(0x000000f4e6e00000,0x000000f4e6f00000) (1024K)]
  0x00000267722bdd80 JavaThread "Reference Handler"          daemon [_thread_blocked, id=15732, stack(0x000000f4e7600000,0x000000f4e7700000) (1024K)]
  0x00000267722bf1b0 JavaThread "Finalizer"                  daemon [_thread_blocked, id=22392, stack(0x000000f4e7700000,0x000000f4e7800000) (1024K)]
  0x00000267722c1990 JavaThread "Signal Dispatcher"          daemon [_thread_blocked, id=26260, stack(0x000000f4e7800000,0x000000f4e7900000) (1024K)]
  0x00000267722c0a10 JavaThread "Attach Listener"            daemon [_thread_blocked, id=10960, stack(0x000000f4e7900000,0x000000f4e7a00000) (1024K)]
  0x00000267722a7a90 JavaThread "Service Thread"             daemon [_thread_blocked, id=25088, stack(0x000000f4e7a00000,0x000000f4e7b00000) (1024K)]
  0x00000267722a84f0 JavaThread "Monitor Deflation Thread"   daemon [_thread_blocked, id=22496, stack(0x000000f4e7b00000,0x000000f4e7c00000) (1024K)]
=>0x00000267722a9280 JavaThread "C2 CompilerThread0"         daemon [_thread_in_native, id=16076, stack(0x000000f4e7c00000,0x000000f4e7d00000) (1024K)]
  0x00000267722cb4b0 JavaThread "C1 CompilerThread0"         daemon [_thread_blocked, id=22996, stack(0x000000f4e7d00000,0x000000f4e7e00000) (1024K)]
  0x0000026771803dd0 JavaThread "Common-Cleaner"             daemon [_thread_blocked, id=4368, stack(0x000000f4e7e00000,0x000000f4e7f00000) (1024K)]
  0x000002677260f1b0 JavaThread "Notification Thread"        daemon [_thread_blocked, id=4524, stack(0x000000f4e7f00000,0x000000f4e8000000) (1024K)]
  0x0000026772a38570 JavaThread "Daemon health stats"               [_thread_blocked, id=18232, stack(0x000000f4e8600000,0x000000f4e8700000) (1024K)]
  0x000002677830e020 JavaThread "Incoming local TCP Connector on port 64505"        [_thread_in_native, id=9064, stack(0x000000f4e8700000,0x000000f4e8800000) (1024K)]
  0x00000267781d8510 JavaThread "Daemon periodic checks"            [_thread_blocked, id=25076, stack(0x000000f4e8800000,0x000000f4e8900000) (1024K)]
  0x00000267784dada0 JavaThread "Cache worker for journal cache (C:\Users\jyoti\.gradle\caches\journal-1)"        [_thread_blocked, id=19972, stack(0x000000f4e9600000,0x000000f4e9700000) (1024K)]
  0x00000267784d9360 JavaThread "File lock request listener"        [_thread_in_native, id=15852, stack(0x000000f4e9700000,0x000000f4e9800000) (1024K)]
  0x00000267784da080 JavaThread "Cache worker for file hash cache (C:\Users\jyoti\.gradle\caches\8.14\fileHashes)"        [_thread_blocked, id=20552, stack(0x000000f4e9800000,0x000000f4e9900000) (1024K)]
  0x000002677a2812e0 JavaThread "File watcher server"        daemon [_thread_in_native, id=25724, stack(0x000000f4e9c00000,0x000000f4e9d00000) (1024K)]
  0x000002677a2805c0 JavaThread "File watcher consumer"      daemon [_thread_blocked, id=21436, stack(0x000000f4e9d00000,0x000000f4e9e00000) (1024K)]
  0x000002677a282000 JavaThread "Cache worker for file content cache (C:\Users\jyoti\.gradle\caches\8.14\fileContent)"        [_thread_blocked, id=25352, stack(0x000000f4e9f00000,0x000000f4ea000000) (1024K)]
  0x000002677c3bfee0 JavaThread "Memory manager"                    [_thread_blocked, id=26164, stack(0x000000f4ec400000,0x000000f4ec500000) (1024K)]
  0x000002677cad3550 JavaThread "jar transforms"                    [_thread_blocked, id=13512, stack(0x000000f4f2a00000,0x000000f4f2b00000) (1024K)]
  0x000002677cad3be0 JavaThread "jar transforms Thread 2"           [_thread_blocked, id=18812, stack(0x000000f4f2b00000,0x000000f4f2c00000) (1024K)]
  0x000002677cad76f0 JavaThread "jar transforms Thread 3"           [_thread_blocked, id=25628, stack(0x000000f4f2c00000,0x000000f4f2d00000) (1024K)]
  0x000002677cad0760 JavaThread "jar transforms Thread 4"           [_thread_blocked, id=2460, stack(0x000000f4f2d00000,0x000000f4f2e00000) (1024K)]
  0x000002677a4736b0 JavaThread "jar transforms Thread 5"           [_thread_blocked, id=11160, stack(0x000000f4f2f00000,0x000000f4f3000000) (1024K)]
  0x000002677a473d40 JavaThread "jar transforms Thread 6"           [_thread_blocked, id=13888, stack(0x000000f4f3000000,0x000000f4f3100000) (1024K)]
  0x000002677a46d440 JavaThread "jar transforms Thread 7"           [_thread_blocked, id=25580, stack(0x000000f4f3100000,0x000000f4f3200000) (1024K)]
  0x000002677a46fba0 JavaThread "jar transforms Thread 8"           [_thread_blocked, id=26600, stack(0x000000f4f3200000,0x000000f4f3300000) (1024K)]
  0x000002677a470230 JavaThread "jar transforms Thread 9"           [_thread_blocked, id=14040, stack(0x000000f4f3300000,0x000000f4f3400000) (1024K)]
  0x000002677a46f510 JavaThread "jar transforms Thread 10"          [_thread_blocked, id=11252, stack(0x000000f4f3400000,0x000000f4f3500000) (1024K)]
  0x000002677a4743d0 JavaThread "jar transforms Thread 11"          [_thread_blocked, id=24940, stack(0x000000f4f3500000,0x000000f4f3600000) (1024K)]
  0x000002677a474a60 JavaThread "jar transforms Thread 12"          [_thread_blocked, id=24388, stack(0x000000f4f3600000,0x000000f4f3700000) (1024K)]
  0x000002677a477850 JavaThread "pool-3-thread-1"                   [_thread_blocked, id=23684, stack(0x000000f4f3700000,0x000000f4f3800000) (1024K)]
  0x0000026706b56d90 JavaThread "pool-6-thread-1"                   [_thread_blocked, id=12156, stack(0x000000f4f2900000,0x000000f4f2a00000) (1024K)]
  0x0000026706b4fe00 JavaThread "Daemon Thread 3"                   [_thread_blocked, id=26296, stack(0x000000f4e6b00000,0x000000f4e6c00000) (1024K)]
  0x0000026706b54630 JavaThread "Handler for socket connection from /127.0.0.1:64505 to /127.0.0.1:59650"        [_thread_in_native, id=18300, stack(0x000000f4e6c00000,0x000000f4e6d00000) (1024K)]
  0x0000026706b4f770 JavaThread "Cancel handler"                    [_thread_blocked, id=22740, stack(0x000000f4e6d00000,0x000000f4e6e00000) (1024K)]
  0x0000026706b53280 JavaThread "Daemon worker Thread 3"            [_thread_blocked, id=22544, stack(0x000000f4e8200000,0x000000f4e8300000) (1024K)]
  0x0000026706b52bf0 JavaThread "Asynchronous log dispatcher for DefaultDaemonConnection: socket connection from /127.0.0.1:64505 to /127.0.0.1:59650"        [_thread_blocked, id=11016, stack(0x000000f4e8e00000,0x000000f4e8f00000) (1024K)]
  0x0000026706b4dd30 JavaThread "Stdin handler"                     [_thread_blocked, id=20528, stack(0x000000f4e8f00000,0x000000f4e9000000) (1024K)]
  0x0000026706b50490 JavaThread "Daemon client event forwarder"        [_thread_blocked, id=26424, stack(0x000000f4e9000000,0x000000f4e9100000) (1024K)]
  0x0000026706b50b20 JavaThread "Cache worker for file hash cache (C:\gps\android\.gradle\8.14\fileHashes)"        [_thread_blocked, id=18140, stack(0x000000f4e9100000,0x000000f4e9200000) (1024K)]
  0x0000026706b51840 JavaThread "Cache worker for Build Output Cleanup Cache (C:\gps\android\.gradle\buildOutputCleanup)"        [_thread_blocked, id=23980, stack(0x000000f4e9200000,0x000000f4e9300000) (1024K)]
  0x0000026706b53910 JavaThread "Cache worker for checksums cache (C:\gps\android\.gradle\8.14\checksums)"        [_thread_blocked, id=17952, stack(0x000000f4e9300000,0x000000f4e9400000) (1024K)]
  0x0000026706b4e3c0 JavaThread "Cache worker for cache directory md-supplier (C:\Users\jyoti\.gradle\caches\8.14\md-supplier)"        [_thread_blocked, id=2384, stack(0x000000f4e9400000,0x000000f4e9500000) (1024K)]
  0x0000026706b54cc0 JavaThread "Cache worker for cache directory md-rule (C:\Users\jyoti\.gradle\caches\8.14\md-rule)"        [_thread_blocked, id=22856, stack(0x000000f4e9900000,0x000000f4e9a00000) (1024K)]
  0x0000026706b53fa0 JavaThread "Cache worker for Build Output Cleanup Cache (C:\flutter\packages\flutter_tools\gradle\.gradle\buildOutputCleanup)"        [_thread_blocked, id=22620, stack(0x000000f4e9a00000,0x000000f4e9b00000) (1024K)]
  0x0000026706b511b0 JavaThread "Unconstrained build operations"        [_thread_blocked, id=23216, stack(0x000000f4e9b00000,0x000000f4e9c00000) (1024K)]
  0x0000026706b56070 JavaThread "Unconstrained build operations Thread 2"        [_thread_blocked, id=15616, stack(0x000000f4e9e00000,0x000000f4e9f00000) (1024K)]
  0x0000026706b51ed0 JavaThread "Unconstrained build operations Thread 3"        [_thread_blocked, id=25252, stack(0x000000f4ea000000,0x000000f4ea100000) (1024K)]
  0x0000026706b4f0e0 JavaThread "Unconstrained build operations Thread 4"        [_thread_blocked, id=23948, stack(0x000000f4ea100000,0x000000f4ea200000) (1024K)]
  0x0000026706b57420 JavaThread "Unconstrained build operations Thread 5"        [_thread_blocked, id=11004, stack(0x000000f4ea200000,0x000000f4ea300000) (1024K)]
  0x0000026706b58e60 JavaThread "Unconstrained build operations Thread 6"        [_thread_blocked, id=24652, stack(0x000000f4ea300000,0x000000f4ea400000) (1024K)]
  0x0000026706b56700 JavaThread "Unconstrained build operations Thread 7"        [_thread_blocked, id=1320, stack(0x000000f4ea400000,0x000000f4ea500000) (1024K)]
  0x0000026706b57ab0 JavaThread "Unconstrained build operations Thread 8"        [_thread_blocked, id=25684, stack(0x000000f4ea500000,0x000000f4ea600000) (1024K)]
  0x0000026706b58140 JavaThread "Unconstrained build operations Thread 9"        [_thread_blocked, id=24432, stack(0x000000f4ea600000,0x000000f4ea700000) (1024K)]
  0x0000026706b594f0 JavaThread "Unconstrained build operations Thread 10"        [_thread_blocked, id=25748, stack(0x000000f4ea700000,0x000000f4ea800000) (1024K)]
  0x0000026706b587d0 JavaThread "Unconstrained build operations Thread 11"        [_thread_blocked, id=14064, stack(0x000000f4ea800000,0x000000f4ea900000) (1024K)]
  0x0000026706b52560 JavaThread "Unconstrained build operations Thread 12"        [_thread_blocked, id=22796, stack(0x000000f4ea900000,0x000000f4eaa00000) (1024K)]
  0x0000026706b5a210 JavaThread "Unconstrained build operations Thread 13"        [_thread_blocked, id=24920, stack(0x000000f4eaa00000,0x000000f4eab00000) (1024K)]
  0x0000026706b59b80 JavaThread "Unconstrained build operations Thread 14"        [_thread_blocked, id=10192, stack(0x000000f4eab00000,0x000000f4eac00000) (1024K)]
  0x0000026706b5a8a0 JavaThread "Unconstrained build operations Thread 15"        [_thread_blocked, id=25704, stack(0x000000f4eac00000,0x000000f4ead00000) (1024K)]
  0x0000026706b5bc50 JavaThread "Unconstrained build operations Thread 16"        [_thread_blocked, id=25896, stack(0x000000f4ead00000,0x000000f4eae00000) (1024K)]
  0x0000026706b5af30 JavaThread "Unconstrained build operations Thread 17"        [_thread_blocked, id=1440, stack(0x000000f4eae00000,0x000000f4eaf00000) (1024K)]
  0x0000026706b5c970 JavaThread "Unconstrained build operations Thread 18"        [_thread_blocked, id=11284, stack(0x000000f4eaf00000,0x000000f4eb000000) (1024K)]
  0x0000026706b5b5c0 JavaThread "Unconstrained build operations Thread 19"        [_thread_blocked, id=23456, stack(0x000000f4eb000000,0x000000f4eb100000) (1024K)]
  0x0000026706b5c2e0 JavaThread "Unconstrained build operations Thread 20"        [_thread_blocked, id=22644, stack(0x000000f4eb100000,0x000000f4eb200000) (1024K)]
  0x0000026706b5d000 JavaThread "Unconstrained build operations Thread 21"        [_thread_blocked, id=21400, stack(0x000000f4eb200000,0x000000f4eb300000) (1024K)]
  0x000002677cddd5c0 JavaThread "Unconstrained build operations Thread 22"        [_thread_blocked, id=20108, stack(0x000000f4eb300000,0x000000f4eb400000) (1024K)]
  0x000002677cdde2e0 JavaThread "build event listener"              [_thread_blocked, id=24700, stack(0x000000f4eb400000,0x000000f4eb500000) (1024K)]
  0x000002677cde1df0 JavaThread "included builds"                   [_thread_blocked, id=25760, stack(0x000000f4eb500000,0x000000f4eb600000) (1024K)]
  0x000002677cde1760 JavaThread "Execution worker"                  [_thread_blocked, id=25444, stack(0x000000f4eb600000,0x000000f4eb700000) (1024K)]
  0x000002677cdde970 JavaThread "Execution worker Thread 2"         [_thread_blocked, id=25148, stack(0x000000f4eb700000,0x000000f4eb800000) (1024K)]
  0x000002677cde2b10 JavaThread "Execution worker Thread 3"         [_thread_blocked, id=25224, stack(0x000000f4eb800000,0x000000f4eb900000) (1024K)]
  0x000002677cddf000 JavaThread "Execution worker Thread 4"         [_thread_blocked, id=8580, stack(0x000000f4eb900000,0x000000f4eba00000) (1024K)]
  0x000002677cddc8a0 JavaThread "Execution worker Thread 5"         [_thread_blocked, id=23632, stack(0x000000f4eba00000,0x000000f4ebb00000) (1024K)]
  0x000002677cde5270 JavaThread "Execution worker Thread 6"         [_thread_blocked, id=26072, stack(0x000000f4ebb00000,0x000000f4ebc00000) (1024K)]
  0x000002677cde31a0 JavaThread "Execution worker Thread 7"         [_thread_blocked, id=20880, stack(0x000000f4ebc00000,0x000000f4ebd00000) (1024K)]
  0x000002677cde5900 JavaThread "Execution worker Thread 8"         [_thread_blocked, id=21292, stack(0x000000f4ebd00000,0x000000f4ebe00000) (1024K)]
  0x000002677cde3ec0 JavaThread "Execution worker Thread 9"         [_thread_blocked, id=23564, stack(0x000000f4ebe00000,0x000000f4ebf00000) (1024K)]
  0x000002677cde4550 JavaThread "Execution worker Thread 10"        [_thread_blocked, id=10036, stack(0x000000f4ebf00000,0x000000f4ec000000) (1024K)]
  0x000002677cde4be0 JavaThread "Execution worker Thread 11"        [_thread_blocked, id=25236, stack(0x000000f4ec000000,0x000000f4ec100000) (1024K)]
  0x000002677cde5f90 JavaThread "Cache worker for execution history cache (C:\flutter\packages\flutter_tools\gradle\.gradle\8.14\executionHistory)"        [_thread_blocked, id=14896, stack(0x000000f4ec100000,0x000000f4ec200000) (1024K)]
  0x000002677b9f2d90 JavaThread "Unconstrained build operations Thread 23"        [_thread_blocked, id=21132, stack(0x000000f4ec200000,0x000000f4ec300000) (1024K)]
  0x000002677b9f2700 JavaThread "Unconstrained build operations Thread 24"        [_thread_blocked, id=14536, stack(0x000000f4ec300000,0x000000f4ec400000) (1024K)]
  0x000002677b9f3420 JavaThread "Unconstrained build operations Thread 25"        [_thread_blocked, id=19940, stack(0x000000f4ec500000,0x000000f4ec600000) (1024K)]
  0x000002677e3b9cc0 JavaThread "Unconstrained build operations Thread 26"        [_thread_blocked, id=24352, stack(0x000000f4ec600000,0x000000f4ec700000) (1024K)]
  0x000002677e3b8910 JavaThread "Unconstrained build operations Thread 27"        [_thread_blocked, id=23636, stack(0x000000f4ec700000,0x000000f4ec800000) (1024K)]
  0x000002677e3b8fa0 JavaThread "Unconstrained build operations Thread 28"        [_thread_blocked, id=21728, stack(0x000000f4ec800000,0x000000f4ec900000) (1024K)]
  0x000002677e3b9630 JavaThread "Unconstrained build operations Thread 29"        [_thread_blocked, id=4120, stack(0x000000f4ec900000,0x000000f4eca00000) (1024K)]
  0x00000267725c1b30 JavaThread "Unconstrained build operations Thread 30"        [_thread_blocked, id=26400, stack(0x000000f4eca00000,0x000000f4ecb00000) (1024K)]
  0x00000267725c0e10 JavaThread "Unconstrained build operations Thread 31"        [_thread_blocked, id=11480, stack(0x000000f4ecb00000,0x000000f4ecc00000) (1024K)]
  0x00000267725c21c0 JavaThread "Unconstrained build operations Thread 32"        [_thread_blocked, id=22672, stack(0x000000f4ecc00000,0x000000f4ecd00000) (1024K)]
  0x00000267725c14a0 JavaThread "Unconstrained build operations Thread 33"        [_thread_blocked, id=5608, stack(0x000000f4ecd00000,0x000000f4ece00000) (1024K)]
  0x0000026705a03a30 JavaThread "Unconstrained build operations Thread 34"        [_thread_blocked, id=25860, stack(0x000000f4ece00000,0x000000f4ecf00000) (1024K)]
  0x0000026705a05470 JavaThread "Unconstrained build operations Thread 35"        [_thread_blocked, id=21732, stack(0x000000f4ecf00000,0x000000f4ed000000) (1024K)]
  0x0000026705a01ff0 JavaThread "Unconstrained build operations Thread 36"        [_thread_blocked, id=17352, stack(0x000000f4ed000000,0x000000f4ed100000) (1024K)]
  0x0000026705a02d10 JavaThread "Unconstrained build operations Thread 37"        [_thread_blocked, id=23928, stack(0x000000f4ed100000,0x000000f4ed200000) (1024K)]
  0x0000026705a02680 JavaThread "Unconstrained build operations Thread 38"        [_thread_blocked, id=24376, stack(0x000000f4ed200000,0x000000f4ed300000) (1024K)]
  0x0000026705a033a0 JavaThread "Unconstrained build operations Thread 39"        [_thread_blocked, id=22220, stack(0x000000f4ed300000,0x000000f4ed400000) (1024K)]
  0x0000026705a040c0 JavaThread "Unconstrained build operations Thread 40"        [_thread_blocked, id=6596, stack(0x000000f4ed400000,0x000000f4ed500000) (1024K)]
  0x0000026705a04750 JavaThread "Unconstrained build operations Thread 41"        [_thread_blocked, id=25100, stack(0x000000f4ed500000,0x000000f4ed600000) (1024K)]
  0x0000026705a04de0 JavaThread "Unconstrained build operations Thread 42"        [_thread_blocked, id=25388, stack(0x000000f4ed600000,0x000000f4ed700000) (1024K)]
  0x000002677c670120 JavaThread "Unconstrained build operations Thread 43"        [_thread_blocked, id=22192, stack(0x000000f4ed700000,0x000000f4ed800000) (1024K)]
  0x000002677c6721f0 JavaThread "Unconstrained build operations Thread 44"        [_thread_blocked, id=12348, stack(0x000000f4ed800000,0x000000f4ed900000) (1024K)]
  0x000002677c66ed70 JavaThread "Unconstrained build operations Thread 45"        [_thread_blocked, id=22380, stack(0x000000f4ed900000,0x000000f4eda00000) (1024K)]
  0x000002677c66f400 JavaThread "Unconstrained build operations Thread 46"        [_thread_blocked, id=21876, stack(0x000000f4eda00000,0x000000f4edb00000) (1024K)]
  0x000002670565e6e0 JavaThread "Unconstrained build operations Thread 47"        [_thread_blocked, id=20124, stack(0x000000f4edb00000,0x000000f4edc00000) (1024K)]
  0x00000267777e5410 JavaThread "Unconstrained build operations Thread 48"        [_thread_blocked, id=4664, stack(0x000000f4edc00000,0x000000f4edd00000) (1024K)]
  0x00000267777e5aa0 JavaThread "Unconstrained build operations Thread 49"        [_thread_blocked, id=21864, stack(0x000000f4edd00000,0x000000f4ede00000) (1024K)]
  0x00000267777e2620 JavaThread "Unconstrained build operations Thread 50"        [_thread_blocked, id=19436, stack(0x000000f4ede00000,0x000000f4edf00000) (1024K)]
  0x00000267057da040 JavaThread "Unconstrained build operations Thread 51"        [_thread_blocked, id=21428, stack(0x000000f4edf00000,0x000000f4ee000000) (1024K)]
  0x00000267057da6d0 JavaThread "Unconstrained build operations Thread 52"        [_thread_blocked, id=12080, stack(0x000000f4ee000000,0x000000f4ee100000) (1024K)]
  0x00000267057dc7a0 JavaThread "Unconstrained build operations Thread 53"        [_thread_blocked, id=18896, stack(0x000000f4ee100000,0x000000f4ee200000) (1024K)]
  0x00000267057db3f0 JavaThread "Unconstrained build operations Thread 54"        [_thread_blocked, id=26168, stack(0x000000f4ee200000,0x000000f4ee300000) (1024K)]
  0x00000267057dad60 JavaThread "Unconstrained build operations Thread 55"        [_thread_blocked, id=26008, stack(0x000000f4ee300000,0x000000f4ee400000) (1024K)]
  0x00000267057dba80 JavaThread "Unconstrained build operations Thread 56"        [_thread_blocked, id=25260, stack(0x000000f4ee400000,0x000000f4ee500000) (1024K)]
  0x00000267057dc110 JavaThread "Unconstrained build operations Thread 57"        [_thread_blocked, id=23096, stack(0x000000f4ee500000,0x000000f4ee600000) (1024K)]
  0x0000026704dc8ce0 JavaThread "Unconstrained build operations Thread 58"        [_thread_blocked, id=20764, stack(0x000000f4ee600000,0x000000f4ee700000) (1024K)]
  0x0000026704dc9370 JavaThread "Unconstrained build operations Thread 59"        [_thread_blocked, id=14216, stack(0x000000f4ee700000,0x000000f4ee800000) (1024K)]
  0x0000026704dc9a00 JavaThread "Unconstrained build operations Thread 60"        [_thread_blocked, id=26096, stack(0x000000f4ee800000,0x000000f4ee900000) (1024K)]
  0x00000267057dce30 JavaThread "Unconstrained build operations Thread 61"        [_thread_blocked, id=12312, stack(0x000000f4ee900000,0x000000f4eea00000) (1024K)]
  0x00000267057dd4c0 JavaThread "Unconstrained build operations Thread 62"        [_thread_blocked, id=25188, stack(0x000000f4eea00000,0x000000f4eeb00000) (1024K)]
  0x000002670584dc50 JavaThread "Unconstrained build operations Thread 63"        [_thread_blocked, id=22516, stack(0x000000f4eeb00000,0x000000f4eec00000) (1024K)]
  0x000002670584b4f0 JavaThread "Unconstrained build operations Thread 64"        [_thread_blocked, id=23040, stack(0x000000f4eec00000,0x000000f4eed00000) (1024K)]
  0x000002670584bb80 JavaThread "Unconstrained build operations Thread 65"        [_thread_blocked, id=21764, stack(0x000000f4eed00000,0x000000f4eee00000) (1024K)]
  0x000002670584e2e0 JavaThread "Unconstrained build operations Thread 66"        [_thread_blocked, id=19812, stack(0x000000f4eee00000,0x000000f4eef00000) (1024K)]
  0x000002670584c210 JavaThread "Unconstrained build operations Thread 67"        [_thread_blocked, id=20524, stack(0x000000f4eef00000,0x000000f4ef000000) (1024K)]
  0x0000026704070720 JavaThread "Unconstrained build operations Thread 68"        [_thread_blocked, id=23792, stack(0x000000f4ef000000,0x000000f4ef100000) (1024K)]
  0x0000026704072160 JavaThread "Unconstrained build operations Thread 69"        [_thread_blocked, id=20464, stack(0x000000f4ef100000,0x000000f4ef200000) (1024K)]
  0x0000026704073510 JavaThread "Unconstrained build operations Thread 70"        [_thread_blocked, id=6048, stack(0x000000f4ef200000,0x000000f4ef300000) (1024K)]
  0x0000026704070090 JavaThread "Unconstrained build operations Thread 71"        [_thread_blocked, id=18924, stack(0x000000f4ef300000,0x000000f4ef400000) (1024K)]
  0x0000026704070db0 JavaThread "Unconstrained build operations Thread 72"        [_thread_blocked, id=20660, stack(0x000000f4ef400000,0x000000f4ef500000) (1024K)]
  0x000002670608d400 JavaThread "Unconstrained build operations Thread 73"        [_thread_blocked, id=10492, stack(0x000000f4ef500000,0x000000f4ef600000) (1024K)]
  0x000002670608da90 JavaThread "Unconstrained build operations Thread 74"        [_thread_blocked, id=9552, stack(0x000000f4ef600000,0x000000f4ef700000) (1024K)]
  0x000002670608cd70 JavaThread "Unconstrained build operations Thread 75"        [_thread_blocked, id=316, stack(0x000000f4ef700000,0x000000f4ef800000) (1024K)]
  0x000002670608c6e0 JavaThread "Unconstrained build operations Thread 76"        [_thread_blocked, id=24864, stack(0x000000f4ef800000,0x000000f4ef900000) (1024K)]
  0x0000026704f3cd10 JavaThread "Unconstrained build operations Thread 77"        [_thread_blocked, id=25168, stack(0x000000f4ef900000,0x000000f4efa00000) (1024K)]
  0x000002670584c8a0 JavaThread "Unconstrained build operations Thread 78"        [_thread_blocked, id=21364, stack(0x000000f4efa00000,0x000000f4efb00000) (1024K)]
  0x000002670584ae60 JavaThread "Unconstrained build operations Thread 79"        [_thread_blocked, id=24416, stack(0x000000f4efb00000,0x000000f4efc00000) (1024K)]
  0x000002670584cf30 JavaThread "Unconstrained build operations Thread 80"        [_thread_blocked, id=18820, stack(0x000000f4efc00000,0x000000f4efd00000) (1024K)]
  0x000002670584d5c0 JavaThread "Unconstrained build operations Thread 81"        [_thread_blocked, id=15516, stack(0x000000f4efd00000,0x000000f4efe00000) (1024K)]
  0x0000026705ec6010 JavaThread "Unconstrained build operations Thread 82"        [_thread_blocked, id=21636, stack(0x000000f4efe00000,0x000000f4eff00000) (1024K)]
  0x0000026705ec66a0 JavaThread "Unconstrained build operations Thread 83"        [_thread_blocked, id=6016, stack(0x000000f4eff00000,0x000000f4f0000000) (1024K)]
  0x0000026705ec3220 JavaThread "Unconstrained build operations Thread 84"        [_thread_blocked, id=25672, stack(0x000000f4f0000000,0x000000f4f0100000) (1024K)]
  0x0000026705ec38b0 JavaThread "Unconstrained build operations Thread 85"        [_thread_blocked, id=24848, stack(0x000000f4f0100000,0x000000f4f0200000) (1024K)]
  0x0000026705ec4c60 JavaThread "Unconstrained build operations Thread 86"        [_thread_blocked, id=22560, stack(0x000000f4f0200000,0x000000f4f0300000) (1024K)]
  0x0000026705ec52f0 JavaThread "Unconstrained build operations Thread 87"        [_thread_blocked, id=26068, stack(0x000000f4f0300000,0x000000f4f0400000) (1024K)]
  0x0000026705ec3f40 JavaThread "Unconstrained build operations Thread 88"        [_thread_blocked, id=10324, stack(0x000000f4f0400000,0x000000f4f0500000) (1024K)]
  0x0000026705ec5980 JavaThread "build event listener"              [_thread_blocked, id=12432, stack(0x000000f4f0500000,0x000000f4f0600000) (1024K)]
  0x0000026705ec45d0 JavaThread "Unconstrained build operations Thread 89"        [_thread_blocked, id=25568, stack(0x000000f4f0600000,0x000000f4f0700000) (1024K)]
  0x00000267796b1c30 JavaThread "Unconstrained build operations Thread 90"        [_thread_blocked, id=2124, stack(0x000000f4f0700000,0x000000f4f0800000) (1024K)]
  0x00000267796b4a20 JavaThread "Unconstrained build operations Thread 91"        [_thread_blocked, id=4484, stack(0x000000f4f0800000,0x000000f4f0900000) (1024K)]
  0x00000267796b3670 JavaThread "Unconstrained build operations Thread 92"        [_thread_blocked, id=12056, stack(0x000000f4f0900000,0x000000f4f0a00000) (1024K)]
  0x00000267796b3d00 JavaThread "Unconstrained build operations Thread 93"        [_thread_blocked, id=876, stack(0x000000f4f0a00000,0x000000f4f0b00000) (1024K)]
  0x000002677c66fa90 JavaThread "Unconstrained build operations Thread 94"        [_thread_blocked, id=25824, stack(0x000000f4f0b00000,0x000000f4f0c00000) (1024K)]
  0x000002677c670e40 JavaThread "Unconstrained build operations Thread 95"        [_thread_blocked, id=8364, stack(0x000000f4f0c00000,0x000000f4f0d00000) (1024K)]
  0x000002677c6707b0 JavaThread "Unconstrained build operations Thread 96"        [_thread_blocked, id=26220, stack(0x000000f4f0d00000,0x000000f4f0e00000) (1024K)]
  0x000002677c6714d0 JavaThread "Unconstrained build operations Thread 97"        [_thread_blocked, id=23080, stack(0x000000f4f0e00000,0x000000f4f0f00000) (1024K)]
  0x000002677c671b60 JavaThread "Unconstrained build operations Thread 98"        [_thread_blocked, id=12508, stack(0x000000f4f0f00000,0x000000f4f1000000) (1024K)]
  0x00000267069bc080 JavaThread "Unconstrained build operations Thread 99"        [_thread_blocked, id=23912, stack(0x000000f4f1000000,0x000000f4f1100000) (1024K)]
  0x00000267069bc710 JavaThread "Unconstrained build operations Thread 100"        [_thread_blocked, id=18112, stack(0x000000f4f1100000,0x000000f4f1200000) (1024K)]
  0x00000267069ba640 JavaThread "Unconstrained build operations Thread 101"        [_thread_blocked, id=24804, stack(0x000000f4f1200000,0x000000f4f1300000) (1024K)]
  0x00000267069bcda0 JavaThread "Unconstrained build operations Thread 102"        [_thread_blocked, id=10392, stack(0x000000f4f1300000,0x000000f4f1400000) (1024K)]
  0x00000267069bb9f0 JavaThread "Unconstrained build operations Thread 103"        [_thread_blocked, id=3500, stack(0x000000f4f1400000,0x000000f4f1500000) (1024K)]
  0x00000267069bb360 JavaThread "Unconstrained build operations Thread 104"        [_thread_blocked, id=10564, stack(0x000000f4f1500000,0x000000f4f1600000) (1024K)]
  0x00000267069bacd0 JavaThread "Unconstrained build operations Thread 105"        [_thread_blocked, id=15796, stack(0x000000f4f1600000,0x000000f4f1700000) (1024K)]
  0x00000267069bd430 JavaThread "Unconstrained build operations Thread 106"        [_thread_blocked, id=8292, stack(0x000000f4f1700000,0x000000f4f1800000) (1024K)]
  0x00000267069b9fb0 JavaThread "Unconstrained build operations Thread 107"        [_thread_blocked, id=26460, stack(0x000000f4f1800000,0x000000f4f1900000) (1024K)]
  0x0000026704967a30 JavaThread "Unconstrained build operations Thread 108"        [_thread_blocked, id=7220, stack(0x000000f4f1900000,0x000000f4f1a00000) (1024K)]
  0x00000267049673a0 JavaThread "Unconstrained build operations Thread 109"        [_thread_blocked, id=23192, stack(0x000000f4f1a00000,0x000000f4f1b00000) (1024K)]
  0x00000267049680c0 JavaThread "Unconstrained build operations Thread 110"        [_thread_blocked, id=14788, stack(0x000000f4f1b00000,0x000000f4f1c00000) (1024K)]
  0x0000026704965ff0 JavaThread "Problems report writer"            [_thread_blocked, id=19740, stack(0x000000f4f1c00000,0x000000f4f1d00000) (1024K)]
  0x000002677b9f3ab0 JavaThread "Unconstrained build operations Thread 111"        [_thread_blocked, id=22636, stack(0x000000f4f1d00000,0x000000f4f1e00000) (1024K)]
  0x0000026705f7d2d0 JavaThread "Unconstrained build operations Thread 112"        [_thread_blocked, id=3476, stack(0x000000f4f1e00000,0x000000f4f1f00000) (1024K)]
  0x0000026705f7d960 JavaThread "Unconstrained build operations Thread 113"        [_thread_blocked, id=18216, stack(0x000000f4f1f00000,0x000000f4f2000000) (1024K)]
  0x0000026705f7dff0 JavaThread "Unconstrained build operations Thread 114"        [_thread_blocked, id=344, stack(0x000000f4f2000000,0x000000f4f2100000) (1024K)]
  0x0000026705f7cc40 JavaThread "Unconstrained build operations Thread 115"        [_thread_blocked, id=26356, stack(0x000000f4f2100000,0x000000f4f2200000) (1024K)]
  0x0000026705d8d360 JavaThread "Unconstrained build operations Thread 116"        [_thread_blocked, id=21360, stack(0x000000f4f2200000,0x000000f4f2300000) (1024K)]
  0x0000026705d8c640 JavaThread "Unconstrained build operations Thread 117"        [_thread_blocked, id=25244, stack(0x000000f4f2300000,0x000000f4f2400000) (1024K)]
  0x0000026705d8ccd0 JavaThread "Unconstrained build operations Thread 118"        [_thread_blocked, id=22780, stack(0x000000f4f2400000,0x000000f4f2500000) (1024K)]
  0x0000026705d8bfb0 JavaThread "Unconstrained build operations Thread 119"        [_thread_blocked, id=26492, stack(0x000000f4f2500000,0x000000f4f2600000) (1024K)]
  0x000002670565bd80 JavaThread "Unconstrained build operations Thread 120"        [_thread_blocked, id=25300, stack(0x000000f4f2600000,0x000000f4f2700000) (1024K)]
  0x00000267040727f0 JavaThread "pool-9-thread-1"                   [_thread_blocked, id=1352, stack(0x000000f4f2e00000,0x000000f4f2f00000) (1024K)]
  0x0000026704071440 JavaThread "build event listener"              [_thread_blocked, id=24300, stack(0x000000f4f3800000,0x000000f4f3900000) (1024K)]
  0x0000026779a923e0 JavaThread "Cache worker for execution history cache (C:\gps\android\.gradle\8.14\executionHistory)"        [_thread_blocked, id=17876, stack(0x000000f4f3900000,0x000000f4f3a00000) (1024K)]
  0x000002677bb8f450 JavaThread "WorkerExecutor Queue Thread 2"        [_thread_blocked, id=21272, stack(0x000000f4f3d00000,0x000000f4f3e00000) (1024K)]
  0x000002677bb91bb0 JavaThread "WorkerExecutor Queue Thread 3"        [_thread_blocked, id=9056, stack(0x000000f4f2700000,0x000000f4f2800000) (1024K)]
  0x000002677bb90e90 JavaThread "WorkerExecutor Queue Thread 4"        [_thread_blocked, id=26288, stack(0x000000f4f3e00000,0x000000f4f3f00000) (1024K)]
  0x000002677bb8fae0 JavaThread "WorkerExecutor Queue Thread 6"        [_thread_blocked, id=20644, stack(0x000000f4f4000000,0x000000f4f4100000) (1024K)]
  0x000002677bb92240 JavaThread "WorkerExecutor Queue Thread 7"        [_thread_blocked, id=24764, stack(0x000000f4f4100000,0x000000f4f4200000) (1024K)]
  0x000002677b96a8f0 JavaThread "WorkerExecutor Queue Thread 9"        [_thread_blocked, id=8784, stack(0x000000f4f4300000,0x000000f4f4400000) (1024K)]
  0x000002677bb928d0 JavaThread "WorkerExecutor Queue Thread 11"        [_thread_blocked, id=25836, stack(0x000000f4f4500000,0x000000f4f4600000) (1024K)]
  0x000002677896ea40 JavaThread "WorkerExecutor Queue Thread 14"        [_thread_blocked, id=19004, stack(0x000000f4f4400000,0x000000f4f4500000) (1024K)]
  0x000002670565c410 JavaThread "WorkerExecutor Queue Thread 15"        [_thread_in_vm, id=820, stack(0x000000f4f3f00000,0x000000f4f4000000) (1024K)]
  0x000002677c6b9080 JavaThread "Cache worker for Java compile cache (C:\Users\jyoti\.gradle\caches\8.14\javaCompile)"        [_thread_blocked, id=5772, stack(0x000000f4f4700000,0x000000f4f4800000) (1024K)]
  0x0000026779a91d50 JavaThread "RMI Scheduler(0)"           daemon [_thread_blocked, id=5604, stack(0x000000f4f4800000,0x000000f4f4900000) (1024K)]
  0x0000026772a11c60 JavaThread "RMI RenewClean-[127.0.0.1:17553,org.jetbrains.kotlin.daemon.common.LoopbackNetworkInterface$ClientLoopbackSocketFactory@6c5bca4f]" daemon [_thread_blocked, id=7524, stack(0x000000f4f4900000,0x000000f4f4a00000) (1024K)]
  0x0000026772a14a50 JavaThread "RMI GC Daemon"              daemon [_thread_blocked, id=7372, stack(0x000000f4f4a00000,0x000000f4f4b00000) (1024K)]
  0x0000026772a115d0 JavaThread "RMI TCP Accept-0"           daemon [_thread_in_native, id=23036, stack(0x000000f4f4b00000,0x000000f4f4c00000) (1024K)]
  0x0000026772a12980 JavaThread "RMI Reaper"                        [_thread_blocked, id=4476, stack(0x000000f4f4c00000,0x000000f4f4d00000) (1024K)]
  0x000002677896f0d0 JavaThread "Build operations"                  [_thread_blocked, id=23900, stack(0x000000f4f4f00000,0x000000f4f5000000) (1024K)]
  0x000002677896d690 JavaThread "Build operations Thread 2"         [_thread_blocked, id=8336, stack(0x000000f4f5000000,0x000000f4f5100000) (1024K)]
  0x000002677896d000 JavaThread "Build operations Thread 3"         [_thread_blocked, id=24860, stack(0x000000f4f5100000,0x000000f4f5200000) (1024K)]
  0x000002677896bc50 JavaThread "Build operations Thread 4"         [_thread_blocked, id=13608, stack(0x000000f4f5200000,0x000000f4f5300000) (1024K)]
  0x000002677896c2e0 JavaThread "Build operations Thread 5"         [_thread_blocked, id=25908, stack(0x000000f4f5300000,0x000000f4f5400000) (1024K)]
  0x000002677896dd20 JavaThread "Build operations Thread 6"         [_thread_blocked, id=22992, stack(0x000000f4f5400000,0x000000f4f5500000) (1024K)]
  0x000002677896c970 JavaThread "Build operations Thread 7"         [_thread_blocked, id=23108, stack(0x000000f4f5500000,0x000000f4f5600000) (1024K)]
  0x0000026704072e80 JavaThread "Build operations Thread 8"         [_thread_blocked, id=24724, stack(0x000000f4f5600000,0x000000f4f5700000) (1024K)]
  0x0000026704071ad0 JavaThread "Build operations Thread 9"         [_thread_blocked, id=5124, stack(0x000000f4f5700000,0x000000f4f5800000) (1024K)]
  0x0000026705e1c160 JavaThread "Build operations Thread 10"        [_thread_blocked, id=25472, stack(0x000000f4f5800000,0x000000f4f5900000) (1024K)]
  0x0000026705e1a090 JavaThread "Build operations Thread 11"        [_thread_blocked, id=21512, stack(0x000000f4f5900000,0x000000f4f5a00000) (1024K)]
  0x000002670602ca20 JavaThread "WorkerExecutor Queue Thread 16"        [_thread_in_vm, id=15668, stack(0x000000f4f5a00000,0x000000f4f5b00000) (1024K)]
  0x000002677d3677f0 JavaThread "Build operations Thread 12"        [_thread_blocked, id=3984, stack(0x000000f4f4200000,0x000000f4f4300000) (1024K)]
  0x0000026706d2d370 JavaThread "RMI RenewClean-[127.0.0.1:17553,org.jetbrains.kotlin.daemon.common.LoopbackNetworkInterface$ClientLoopbackSocketFactory@5747c30c]" daemon [_thread_blocked, id=21832, stack(0x000000f4f7200000,0x000000f4f7300000) (1024K)]
  0x000002670c37a610 JavaThread "RMI RenewClean-[127.0.0.1:17553,org.jetbrains.kotlin.daemon.common.LoopbackNetworkInterface$ClientLoopbackSocketFactory@49f1d3e5]" daemon [_thread_blocked, id=26420, stack(0x000000f4f3b00000,0x000000f4f3c00000) (1024K)]
  0x0000026706d2e720 JavaThread "RMI RenewClean-[127.0.0.1:17553,org.jetbrains.kotlin.daemon.common.LoopbackNetworkInterface$ClientLoopbackSocketFactory@204e782c]" daemon [_thread_blocked, id=11092, stack(0x000000f4f6100000,0x000000f4f6200000) (1024K)]
  0x000002677c6b9da0 JavaThread "WorkerExecutor Queue Thread 17"        [_thread_blocked, id=25548, stack(0x000000f4f3a00000,0x000000f4f3b00000) (1024K)]
  0x0000026706d2e090 JavaThread "RMI TCP Connection(idle)"   daemon [_thread_blocked, id=5464, stack(0x000000f4f2800000,0x000000f4f2900000) (1024K)]
  0x0000026706d2f440 JavaThread "pool-10-thread-1"                  [_thread_blocked, id=2988, stack(0x000000f4f4e00000,0x000000f4f4f00000) (1024K)]
  0x000002677c6bbe70 JavaThread "stderr"                            [_thread_in_native, id=13832, stack(0x000000f4f3c00000,0x000000f4f3d00000) (1024K)]
  0x000002677c6bc500 JavaThread "stdout"                            [_thread_in_native, id=24060, stack(0x000000f4f5b00000,0x000000f4f5c00000) (1024K)]
  0x000002677c6b9710 JavaThread "stderr"                            [_thread_in_native, id=19596, stack(0x000000f4f5c00000,0x000000f4f5d00000) (1024K)]
  0x000002677bb90170 JavaThread "stdout"                            [_thread_in_native, id=12280, stack(0x000000f4f5e00000,0x000000f4f5f00000) (1024K)]
  0x000002670c37b330 JavaThread "stderr"                            [_thread_in_native, id=25796, stack(0x000000f4f5f00000,0x000000f4f6000000) (1024K)]
  0x000002670c378bd0 JavaThread "stdout"                            [_thread_in_native, id=25588, stack(0x000000f4f6000000,0x000000f4f6100000) (1024K)]
  0x0000026705e19370 JavaThread "stderr"                            [_thread_in_native, id=26528, stack(0x000000f4f6300000,0x000000f4f6400000) (1024K)]
  0x0000026705e18ce0 JavaThread "stdout"                            [_thread_in_native, id=18480, stack(0x000000f4f6400000,0x000000f4f6500000) (1024K)]
  0x000002677bb90800 JavaThread "stderr"                            [_thread_in_native, id=24508, stack(0x000000f4f6500000,0x000000f4f6600000) (1024K)]
  0x000002677bb91520 JavaThread "stdout"                            [_thread_in_native, id=18208, stack(0x000000f4f6600000,0x000000f4f6700000) (1024K)]
  0x0000026706d2c650 JavaThread "stderr"                            [_thread_in_native, id=25728, stack(0x000000f4f6700000,0x000000f4f6800000) (1024K)]
  0x0000026706d2cce0 JavaThread "stdout"                            [_thread_in_native, id=14004, stack(0x000000f4f6800000,0x000000f4f6900000) (1024K)]
  0x0000026705e19a00 JavaThread "stderr"                            [_thread_in_native, id=26116, stack(0x000000f4f6900000,0x000000f4f6a00000) (1024K)]
  0x0000026705e1a720 JavaThread "stdout"                            [_thread_in_native, id=19480, stack(0x000000f4f6c00000,0x000000f4f6d00000) (1024K)]
  0x000002677d368510 JavaThread "stderr"                            [_thread_in_native, id=24148, stack(0x000000f4f6d00000,0x000000f4f6e00000) (1024K)]
  0x000002677d3698c0 JavaThread "stdout"                            [_thread_in_native, id=18824, stack(0x000000f4f6e00000,0x000000f4f6f00000) (1024K)]
  0x000002670c377eb0 JavaThread "RMI RenewClean-[127.0.0.1:17553,org.jetbrains.kotlin.daemon.common.LoopbackNetworkInterface$ClientLoopbackSocketFactory@75395bf4]" daemon [_thread_blocked, id=20872, stack(0x000000f4f6f00000,0x000000f4f7000000) (1024K)]
  0x0000026706e74110 JavaThread "WorkerExecutor Queue Thread 18"        [_thread_blocked, id=12416, stack(0x000000f4f7000000,0x000000f4f7100000) (1024K)]
  0x0000026706e761e0 JavaThread "Exec process Thread 32"            [_thread_blocked, id=26428, stack(0x000000f4f7100000,0x000000f4f7200000) (1024K)]
  0x00000267047851e0 JavaThread "Exec process Thread 33"            [_thread_blocked, id=22284, stack(0x000000f4f7300000,0x000000f4f7400000) (1024K)]
  0x000002670c378540 JavaThread "Exec process Thread 34"            [_thread_blocked, id=12736, stack(0x000000f4f7400000,0x000000f4f7500000) (1024K)]
  0x0000026705e1bad0 JavaThread "Exec process Thread 35"            [_thread_blocked, id=25312, stack(0x000000f4f7500000,0x000000f4f7600000) (1024K)]
  0x00000267174187f0 JavaThread "Exec process Thread 36"            [_thread_blocked, id=5912, stack(0x000000f4f7600000,0x000000f4f7700000) (1024K)]
  0x0000026717418160 JavaThread "Exec process Thread 37"            [_thread_blocked, id=14224, stack(0x000000f4f7700000,0x000000f4f7800000) (1024K)]
  0x0000026704783110 JavaThread "Exec process Thread 38"            [_thread_blocked, id=22976, stack(0x000000f4f7800000,0x000000f4f7900000) (1024K)]
  0x0000026704785f00 JavaThread "Exec process Thread 39"            [_thread_blocked, id=13172, stack(0x000000f4f7900000,0x000000f4f7a00000) (1024K)]
  0x000002670c379260 JavaThread "Exec process Thread 40"            [_thread_blocked, id=9100, stack(0x000000f4f7a00000,0x000000f4f7b00000) (1024K)]
  0x000002670c379f80 JavaThread "Exec process Thread 41"            [_thread_blocked, id=20372, stack(0x000000f4f7b00000,0x000000f4f7c00000) (1024K)]
  0x000002670602ddd0 JavaThread "Java2D Disposer"            daemon [_thread_blocked, id=14508, stack(0x000000f4f7c00000,0x000000f4f7d00000) (1024K)]
  0x000002670602bd00 JavaThread "AWT-Windows"                daemon [_thread_in_native, id=14300, stack(0x000000f4f7e00000,0x000000f4f7f00000) (1024K)]
  0x000002670602e460 JavaThread "DefaultDispatcher-worker-1" daemon [_thread_blocked, id=3612, stack(0x000000f4f8100000,0x000000f4f8200000) (1024K)]
  0x000002670602c390 JavaThread "DefaultDispatcher-worker-2" daemon [_thread_blocked, id=25428, stack(0x000000f4f8200000,0x000000f4f8300000) (1024K)]
  0x0000026706c42150 JavaThread "DefaultDispatcher-worker-3" daemon [_thread_blocked, id=25848, stack(0x000000f4f8300000,0x000000f4f8400000) (1024K)]
  0x0000026704785870 JavaThread "DefaultDispatcher-worker-4" daemon [_thread_blocked, id=23180, stack(0x000000f4f8400000,0x000000f4f8500000) (1024K)]
  0x000002670602f180 JavaThread "DefaultDispatcher-worker-5" daemon [_thread_blocked, id=22112, stack(0x000000f4f8500000,0x000000f4f8600000) (1024K)]
  0x00000267047844c0 JavaThread "DefaultDispatcher-worker-6" daemon [_thread_blocked, id=17968, stack(0x000000f4f8600000,0x000000f4f8700000) (1024K)]
  0x000002670602d0b0 JavaThread "DefaultDispatcher-worker-7" daemon [_thread_blocked, id=2616, stack(0x000000f4f8700000,0x000000f4f8800000) (1024K)]
  0x0000026706e754c0 JavaThread "DefaultDispatcher-worker-8" daemon [_thread_blocked, id=22752, stack(0x000000f4f8800000,0x000000f4f8900000) (1024K)]
  0x0000026704784b50 JavaThread "DefaultDispatcher-worker-9" daemon [_thread_blocked, id=22788, stack(0x000000f4f8900000,0x000000f4f8a00000) (1024K)]
  0x0000026706e73a80 JavaThread "DefaultDispatcher-worker-10" daemon [_thread_blocked, id=25056, stack(0x000000f4f8a00000,0x000000f4f8b00000) (1024K)]
  0x0000026704786590 JavaThread "DefaultDispatcher-worker-11" daemon [_thread_blocked, id=23436, stack(0x000000f4f8b00000,0x000000f4f8c00000) (1024K)]
  0x000002670602d740 JavaThread "DefaultDispatcher-worker-12" daemon [_thread_blocked, id=25176, stack(0x000000f4f8c00000,0x000000f4f8d00000) (1024K)]
  0x0000026704783e30 JavaThread "DefaultDispatcher-worker-1" daemon [_thread_blocked, id=22292, stack(0x000000f4f7d00000,0x000000f4f7e00000) (1024K)]
  0x000002670c83f8a0 JavaThread "DefaultDispatcher-worker-2" daemon [_thread_blocked, id=17380, stack(0x000000f4f7f00000,0x000000f4f8000000) (1024K)]
  0x000002670602eaf0 JavaThread "DefaultDispatcher-worker-3" daemon [_thread_blocked, id=24676, stack(0x000000f4f8000000,0x000000f4f8100000) (1024K)]
  0x000002670c8405c0 JavaThread "DefaultDispatcher-worker-4" daemon [_thread_blocked, id=16652, stack(0x000000f4f4d00000,0x000000f4f4e00000) (1024K)]
  0x000002670c83ff30 JavaThread "DefaultDispatcher-worker-5" daemon [_thread_blocked, id=25164, stack(0x000000f4f8d00000,0x000000f4f8e00000) (1024K)]
  0x0000026706e733f0 JavaThread "DefaultDispatcher-worker-6" daemon [_thread_blocked, id=9060, stack(0x000000f4f8e00000,0x000000f4f8f00000) (1024K)]
  0x000002677b96af80 JavaThread "DefaultDispatcher-worker-7" daemon [_thread_blocked, id=19192, stack(0x000000f4f8f00000,0x000000f4f9000000) (1024K)]
  0x0000026706e74e30 JavaThread "DefaultDispatcher-worker-8" daemon [_thread_blocked, id=1836, stack(0x000000f4f9000000,0x000000f4f9100000) (1024K)]
  0x000002670ba847c0 JavaThread "C2 CompilerThread1"         daemon [_thread_in_native, id=6948, stack(0x000000f4f6200000,0x000000f4f6300000) (1024K)]
Total: 272

Other Threads:
  0x000002677224bc00 VMThread "VM Thread"                           [id=11960, stack(0x000000f4e7500000,0x000000f4e7600000) (1024K)]
  0x0000026771802e00 WatcherThread "VM Periodic Task Thread"        [id=21612, stack(0x000000f4e7400000,0x000000f4e7500000) (1024K)]
  0x0000026741c369e0 WorkerThread "GC Thread#0"                     [id=16412, stack(0x000000f4e6f00000,0x000000f4e7000000) (1024K)]
  0x000002677282d340 WorkerThread "GC Thread#1"                     [id=11416, stack(0x000000f4e8000000,0x000000f4e8100000) (1024K)]
  0x000002677289cae0 WorkerThread "GC Thread#2"                     [id=9900, stack(0x000000f4e8100000,0x000000f4e8200000) (1024K)]
  0x00000267775a21b0 WorkerThread "GC Thread#3"                     [id=3928, stack(0x000000f4e8400000,0x000000f4e8500000) (1024K)]
  0x00000267775a2550 WorkerThread "GC Thread#4"                     [id=25084, stack(0x000000f4e8500000,0x000000f4e8600000) (1024K)]
  0x00000267781d8dd0 WorkerThread "GC Thread#5"                     [id=25012, stack(0x000000f4e8900000,0x000000f4e8a00000) (1024K)]
  0x0000026778357350 WorkerThread "GC Thread#6"                     [id=25064, stack(0x000000f4e8a00000,0x000000f4e8b00000) (1024K)]
  0x00000267783576f0 WorkerThread "GC Thread#7"                     [id=18008, stack(0x000000f4e8b00000,0x000000f4e8c00000) (1024K)]
  0x00000267784b7c20 WorkerThread "GC Thread#8"                     [id=24640, stack(0x000000f4e8c00000,0x000000f4e8d00000) (1024K)]
  0x00000267784b7880 WorkerThread "GC Thread#9"                     [id=20548, stack(0x000000f4e8d00000,0x000000f4e8e00000) (1024K)]
  0x0000026741c479c0 ConcurrentGCThread "G1 Main Marker"            [id=5712, stack(0x000000f4e7000000,0x000000f4e7100000) (1024K)]
  0x0000026741c484c0 WorkerThread "G1 Conc#0"                       [id=26416, stack(0x000000f4e7100000,0x000000f4e7200000) (1024K)]
  0x00000267784b7fc0 WorkerThread "G1 Conc#1"                       [id=16784, stack(0x000000f4e8300000,0x000000f4e8400000) (1024K)]
  0x00000267784b6a00 WorkerThread "G1 Conc#2"                       [id=11964, stack(0x000000f4e9500000,0x000000f4e9600000) (1024K)]
  0x00000267716d4aa0 ConcurrentGCThread "G1 Refine#0"               [id=23364, stack(0x000000f4e7200000,0x000000f4e7300000) (1024K)]
  0x00000267716d5610 ConcurrentGCThread "G1 Service"                [id=23984, stack(0x000000f4e7300000,0x000000f4e7400000) (1024K)]
Total: 18

Threads with active compile tasks:
C2 CompilerThread0  1218052 40971 %     4       org.gradle.internal.instantiation.generator.AbstractClassGenerator::inspectType @ 107 (602 bytes)
C1 CompilerThread0  1218052 41168       3       com.intellij.openapi.vfs.VirtualFile::findChild (62 bytes)
C2 CompilerThread1  1218052 41161       4       com.intellij.lang.impl.PsiBuilderAdapter::getTokenText (10 bytes)
Total: 3

VM state: not at safepoint (normal execution)

VM Mutex/Monitor currently owned by a thread: None

Heap address: 0x0000000600000000, size: 8192 MB, Compressed Oops mode: Zero based, Oop shift amount: 3

CDS archive(s) not mapped
Compressed class space mapped at: 0x0000000800000000-0x0000000840000000, reserved size: 1073741824
Narrow klass base: 0x0000000800000000, Narrow klass shift: 0, Narrow klass range: 0x40000000

GC Precious Log:
 CardTable entry size: 512
 Card Set container configuration: InlinePtr #cards 4 size 8 Array Of Cards #cards 32 size 80 Howl #buckets 8 coarsen threshold 7372 Howl Bitmap #cards 1024 size 144 coarsen threshold 921 Card regions per heap region 1 cards per card region 8192
 CPUs: 12 total, 12 available
 Memory: 7832M
 Large Page Support: Disabled
 NUMA Support: Disabled
 Compressed Oops: Enabled (Zero based)
 Heap Region Size: 4M
 Heap Min Capacity: 8M
 Heap Initial Capacity: 124M
 Heap Max Capacity: 8G
 Pre-touch: Disabled
 Parallel Workers: 10
 Concurrent Workers: 3
 Concurrent Refinement Workers: 10
 Periodic GC: Disabled

Heap:
 garbage-first heap   total 2052096K, used 675840K [0x0000000600000000, 0x0000000800000000)
  region size 4096K, 34 young (139264K), 5 survivors (20480K)
 Metaspace       used 254856K, committed 258176K, reserved 1310720K
  class space    used 31441K, committed 33024K, reserved 1048576K

Heap Regions: E=young(eden), S=young(survivor), O=old, HS=humongous(starts), HC=humongous(continues), CS=collection set, F=free, TAMS=top-at-mark-start, PB=parsable bottom
|   0|0x0000000600000000, 0x0000000600400000, 0x0000000600400000|100%|HS|  |TAMS 0x0000000600000000| PB 0x0000000600000000| Complete 
|   1|0x0000000600400000, 0x0000000600800000, 0x0000000600800000|100%| O|  |TAMS 0x0000000600400000| PB 0x0000000600400000| Untracked 
|   2|0x0000000600800000, 0x0000000600c00000, 0x0000000600c00000|100%| O|  |TAMS 0x0000000600800000| PB 0x0000000600800000| Untracked 
|   3|0x0000000600c00000, 0x0000000601000000, 0x0000000601000000|100%| O|  |TAMS 0x0000000600c00000| PB 0x0000000600c00000| Untracked 
|   4|0x0000000601000000, 0x0000000601400000, 0x0000000601400000|100%| O|  |TAMS 0x0000000601000000| PB 0x0000000601000000| Untracked 
|   5|0x0000000601400000, 0x0000000601800000, 0x0000000601800000|100%| O|  |TAMS 0x0000000601400000| PB 0x0000000601400000| Untracked 
|   6|0x0000000601800000, 0x0000000601c00000, 0x0000000601c00000|100%| O|  |TAMS 0x0000000601800000| PB 0x0000000601800000| Untracked 
|   7|0x0000000601c00000, 0x0000000602000000, 0x0000000602000000|100%| O|  |TAMS 0x0000000601c00000| PB 0x0000000601c00000| Untracked 
|   8|0x0000000602000000, 0x0000000602400000, 0x0000000602400000|100%| O|  |TAMS 0x0000000602000000| PB 0x0000000602000000| Untracked 
|   9|0x0000000602400000, 0x0000000602800000, 0x0000000602800000|100%|HS|  |TAMS 0x0000000602400000| PB 0x0000000602400000| Complete 
|  10|0x0000000602800000, 0x0000000602c00000, 0x0000000602c00000|100%| O|  |TAMS 0x0000000602800000| PB 0x0000000602800000| Untracked 
|  11|0x0000000602c00000, 0x0000000603000000, 0x0000000603000000|100%| O|  |TAMS 0x0000000602c00000| PB 0x0000000602c00000| Untracked 
|  12|0x0000000603000000, 0x0000000603400000, 0x0000000603400000|100%|HS|  |TAMS 0x0000000603000000| PB 0x0000000603000000| Complete 
|  13|0x0000000603400000, 0x0000000603800000, 0x0000000603800000|100%| O|  |TAMS 0x0000000603400000| PB 0x0000000603400000| Untracked 
|  14|0x0000000603800000, 0x0000000603c00000, 0x0000000603c00000|100%| O|  |TAMS 0x0000000603800000| PB 0x0000000603800000| Untracked 
|  15|0x0000000603c00000, 0x0000000604000000, 0x0000000604000000|100%| O|  |TAMS 0x0000000603c00000| PB 0x0000000603c00000| Untracked 
|  16|0x0000000604000000, 0x0000000604400000, 0x0000000604400000|100%| O|  |TAMS 0x0000000604000000| PB 0x0000000604000000| Untracked 
|  17|0x0000000604400000, 0x0000000604800000, 0x0000000604800000|100%| O|  |TAMS 0x0000000604400000| PB 0x0000000604400000| Untracked 
|  18|0x0000000604800000, 0x0000000604c00000, 0x0000000604c00000|100%| O|  |TAMS 0x0000000604800000| PB 0x0000000604800000| Untracked 
|  19|0x0000000604c00000, 0x0000000605000000, 0x0000000605000000|100%|HS|  |TAMS 0x0000000604c00000| PB 0x0000000604c00000| Complete 
|  20|0x0000000605000000, 0x0000000605400000, 0x0000000605400000|100%|HS|  |TAMS 0x0000000605000000| PB 0x0000000605000000| Complete 
|  21|0x0000000605400000, 0x0000000605800000, 0x0000000605800000|100%| O|  |TAMS 0x0000000605400000| PB 0x0000000605400000| Untracked 
|  22|0x0000000605800000, 0x0000000605c00000, 0x0000000605c00000|100%| O|  |TAMS 0x0000000605800000| PB 0x0000000605800000| Untracked 
|  23|0x0000000605c00000, 0x0000000606000000, 0x0000000606000000|100%| O|  |TAMS 0x0000000605c00000| PB 0x0000000605c00000| Untracked 
|  24|0x0000000606000000, 0x0000000606400000, 0x0000000606400000|100%| O|  |TAMS 0x0000000606000000| PB 0x0000000606000000| Untracked 
|  25|0x0000000606400000, 0x0000000606800000, 0x0000000606800000|100%| O|  |TAMS 0x0000000606400000| PB 0x0000000606400000| Untracked 
|  26|0x0000000606800000, 0x0000000606c00000, 0x0000000606c00000|100%| O|  |TAMS 0x0000000606800000| PB 0x0000000606800000| Untracked 
|  27|0x0000000606c00000, 0x0000000607000000, 0x0000000607000000|100%| O|  |TAMS 0x0000000606c00000| PB 0x0000000606c00000| Untracked 
|  28|0x0000000607000000, 0x0000000607400000, 0x0000000607400000|100%| O|  |TAMS 0x0000000607000000| PB 0x0000000607000000| Untracked 
|  29|0x0000000607400000, 0x0000000607800000, 0x0000000607800000|100%| O|  |TAMS 0x0000000607400000| PB 0x0000000607400000| Untracked 
|  30|0x0000000607800000, 0x0000000607c00000, 0x0000000607c00000|100%| O|  |TAMS 0x0000000607800000| PB 0x0000000607800000| Untracked 
|  31|0x0000000607c00000, 0x0000000608000000, 0x0000000608000000|100%| O|  |TAMS 0x0000000607c00000| PB 0x0000000607c00000| Untracked 
|  32|0x0000000608000000, 0x0000000608400000, 0x0000000608400000|100%| O|  |TAMS 0x0000000608000000| PB 0x0000000608000000| Untracked 
|  33|0x0000000608400000, 0x0000000608800000, 0x0000000608800000|100%| O|  |TAMS 0x0000000608400000| PB 0x0000000608400000| Untracked 
|  34|0x0000000608800000, 0x0000000608c00000, 0x0000000608c00000|100%| O|  |TAMS 0x0000000608800000| PB 0x0000000608800000| Untracked 
|  35|0x0000000608c00000, 0x0000000609000000, 0x0000000609000000|100%| O|  |TAMS 0x0000000608c00000| PB 0x0000000608c00000| Untracked 
|  36|0x0000000609000000, 0x0000000609400000, 0x0000000609400000|100%| O|  |TAMS 0x0000000609000000| PB 0x0000000609000000| Untracked 
|  37|0x0000000609400000, 0x0000000609800000, 0x0000000609800000|100%| O|  |TAMS 0x0000000609400000| PB 0x0000000609400000| Untracked 
|  38|0x0000000609800000, 0x0000000609c00000, 0x0000000609c00000|100%|HS|  |TAMS 0x0000000609800000| PB 0x0000000609800000| Complete 
|  39|0x0000000609c00000, 0x000000060a000000, 0x000000060a000000|100%| O|  |TAMS 0x0000000609c00000| PB 0x0000000609c00000| Untracked 
|  40|0x000000060a000000, 0x000000060a400000, 0x000000060a400000|100%| O|  |TAMS 0x000000060a000000| PB 0x000000060a000000| Untracked 
|  41|0x000000060a400000, 0x000000060a800000, 0x000000060a800000|100%| O|  |TAMS 0x000000060a400000| PB 0x000000060a400000| Untracked 
|  42|0x000000060a800000, 0x000000060ac00000, 0x000000060ac00000|100%| O|  |TAMS 0x000000060a800000| PB 0x000000060a800000| Untracked 
|  43|0x000000060ac00000, 0x000000060b000000, 0x000000060b000000|100%| O|  |TAMS 0x000000060ac00000| PB 0x000000060ac00000| Untracked 
|  44|0x000000060b000000, 0x000000060b400000, 0x000000060b400000|100%| O|  |TAMS 0x000000060b000000| PB 0x000000060b000000| Untracked 
|  45|0x000000060b400000, 0x000000060b800000, 0x000000060b800000|100%| O|  |TAMS 0x000000060b400000| PB 0x000000060b400000| Untracked 
|  46|0x000000060b800000, 0x000000060bc00000, 0x000000060bc00000|100%| O|  |TAMS 0x000000060b800000| PB 0x000000060b800000| Untracked 
|  47|0x000000060bc00000, 0x000000060c000000, 0x000000060c000000|100%| O|  |TAMS 0x000000060bc00000| PB 0x000000060bc00000| Untracked 
|  48|0x000000060c000000, 0x000000060c400000, 0x000000060c400000|100%| O|  |TAMS 0x000000060c000000| PB 0x000000060c000000| Untracked 
|  49|0x000000060c400000, 0x000000060c800000, 0x000000060c800000|100%| O|  |TAMS 0x000000060c400000| PB 0x000000060c400000| Untracked 
|  50|0x000000060c800000, 0x000000060cc00000, 0x000000060cc00000|100%| O|  |TAMS 0x000000060c800000| PB 0x000000060c800000| Untracked 
|  51|0x000000060cc00000, 0x000000060d000000, 0x000000060d000000|100%| O|  |TAMS 0x000000060cc00000| PB 0x000000060cc00000| Untracked 
|  52|0x000000060d000000, 0x000000060d400000, 0x000000060d400000|100%| O|  |TAMS 0x000000060d000000| PB 0x000000060d000000| Untracked 
|  53|0x000000060d400000, 0x000000060d800000, 0x000000060d800000|100%| O|  |TAMS 0x000000060d400000| PB 0x000000060d400000| Untracked 
|  54|0x000000060d800000, 0x000000060dc00000, 0x000000060dc00000|100%| O|  |TAMS 0x000000060d800000| PB 0x000000060d800000| Untracked 
|  55|0x000000060dc00000, 0x000000060e000000, 0x000000060e000000|100%| O|  |TAMS 0x000000060dc00000| PB 0x000000060dc00000| Untracked 
|  56|0x000000060e000000, 0x000000060e400000, 0x000000060e400000|100%| O|  |TAMS 0x000000060e000000| PB 0x000000060e000000| Untracked 
|  57|0x000000060e400000, 0x000000060e800000, 0x000000060e800000|100%| O|  |TAMS 0x000000060e400000| PB 0x000000060e400000| Untracked 
|  58|0x000000060e800000, 0x000000060ec00000, 0x000000060ec00000|100%| O|  |TAMS 0x000000060e800000| PB 0x000000060e800000| Untracked 
|  59|0x000000060ec00000, 0x000000060f000000, 0x000000060f000000|100%| O|  |TAMS 0x000000060ec00000| PB 0x000000060ec00000| Untracked 
|  60|0x000000060f000000, 0x000000060f400000, 0x000000060f400000|100%| O|  |TAMS 0x000000060f000000| PB 0x000000060f000000| Untracked 
|  61|0x000000060f400000, 0x000000060f800000, 0x000000060f800000|100%| O|  |TAMS 0x000000060f400000| PB 0x000000060f400000| Untracked 
|  62|0x000000060f800000, 0x000000060fc00000, 0x000000060fc00000|100%| O|  |TAMS 0x000000060f800000| PB 0x000000060f800000| Untracked 
|  63|0x000000060fc00000, 0x0000000610000000, 0x0000000610000000|100%| O|  |TAMS 0x000000060fc00000| PB 0x000000060fc00000| Untracked 
|  64|0x0000000610000000, 0x0000000610400000, 0x0000000610400000|100%| O|  |TAMS 0x0000000610000000| PB 0x0000000610000000| Untracked 
|  65|0x0000000610400000, 0x0000000610800000, 0x0000000610800000|100%| O|  |TAMS 0x0000000610400000| PB 0x0000000610400000| Untracked 
|  66|0x0000000610800000, 0x0000000610c00000, 0x0000000610c00000|100%| O|  |TAMS 0x0000000610800000| PB 0x0000000610800000| Untracked 
|  67|0x0000000610c00000, 0x0000000611000000, 0x0000000611000000|100%| O|  |TAMS 0x0000000610c00000| PB 0x0000000610c00000| Untracked 
|  68|0x0000000611000000, 0x0000000611400000, 0x0000000611400000|100%| O|  |TAMS 0x0000000611000000| PB 0x0000000611000000| Untracked 
|  69|0x0000000611400000, 0x0000000611800000, 0x0000000611800000|100%| O|  |TAMS 0x0000000611400000| PB 0x0000000611400000| Untracked 
|  70|0x0000000611800000, 0x0000000611c00000, 0x0000000611c00000|100%| O|  |TAMS 0x0000000611800000| PB 0x0000000611800000| Untracked 
|  71|0x0000000611c00000, 0x0000000612000000, 0x0000000612000000|100%| O|  |TAMS 0x0000000611c00000| PB 0x0000000611c00000| Untracked 
|  72|0x0000000612000000, 0x0000000612400000, 0x0000000612400000|100%| O|  |TAMS 0x0000000612000000| PB 0x0000000612000000| Untracked 
|  73|0x0000000612400000, 0x0000000612800000, 0x0000000612800000|100%| O|  |TAMS 0x0000000612400000| PB 0x0000000612400000| Untracked 
|  74|0x0000000612800000, 0x0000000612c00000, 0x0000000612c00000|100%| O|  |TAMS 0x0000000612800000| PB 0x0000000612800000| Untracked 
|  75|0x0000000612c00000, 0x0000000613000000, 0x0000000613000000|100%| O|  |TAMS 0x0000000612c00000| PB 0x0000000612c00000| Untracked 
|  76|0x0000000613000000, 0x0000000613400000, 0x0000000613400000|100%| O|  |TAMS 0x0000000613000000| PB 0x0000000613000000| Untracked 
|  77|0x0000000613400000, 0x0000000613800000, 0x0000000613800000|100%| O|  |TAMS 0x0000000613400000| PB 0x0000000613400000| Untracked 
|  78|0x0000000613800000, 0x0000000613c00000, 0x0000000613c00000|100%| O|  |TAMS 0x0000000613800000| PB 0x0000000613800000| Untracked 
|  79|0x0000000613c00000, 0x0000000614000000, 0x0000000614000000|100%|HS|  |TAMS 0x0000000613c00000| PB 0x0000000613c00000| Complete 
|  80|0x0000000614000000, 0x0000000614400000, 0x0000000614400000|100%| O|  |TAMS 0x0000000614000000| PB 0x0000000614000000| Untracked 
|  81|0x0000000614400000, 0x0000000614800000, 0x0000000614800000|100%| O|  |TAMS 0x0000000614400000| PB 0x0000000614400000| Untracked 
|  82|0x0000000614800000, 0x0000000614c00000, 0x0000000614c00000|100%| O|  |TAMS 0x0000000614800000| PB 0x0000000614800000| Untracked 
|  83|0x0000000614c00000, 0x0000000615000000, 0x0000000615000000|100%| O|  |TAMS 0x0000000614c00000| PB 0x0000000614c00000| Untracked 
|  84|0x0000000615000000, 0x0000000615400000, 0x0000000615400000|100%| O|  |TAMS 0x0000000615000000| PB 0x0000000615000000| Untracked 
|  85|0x0000000615400000, 0x0000000615800000, 0x0000000615800000|100%| O|  |TAMS 0x0000000615400000| PB 0x0000000615400000| Untracked 
|  86|0x0000000615800000, 0x0000000615c00000, 0x0000000615c00000|100%| O|  |TAMS 0x0000000615800000| PB 0x0000000615800000| Untracked 
|  87|0x0000000615c00000, 0x0000000616000000, 0x0000000616000000|100%| O|  |TAMS 0x0000000615c00000| PB 0x0000000615c00000| Untracked 
|  88|0x0000000616000000, 0x0000000616400000, 0x0000000616400000|100%| O|  |TAMS 0x0000000616000000| PB 0x0000000616000000| Untracked 
|  89|0x0000000616400000, 0x0000000616800000, 0x0000000616800000|100%| O|  |TAMS 0x0000000616400000| PB 0x0000000616400000| Untracked 
|  90|0x0000000616800000, 0x0000000616c00000, 0x0000000616c00000|100%|HS|  |TAMS 0x0000000616800000| PB 0x0000000616800000| Complete 
|  91|0x0000000616c00000, 0x0000000617000000, 0x0000000617000000|100%| O|  |TAMS 0x0000000616c00000| PB 0x0000000616c00000| Untracked 
|  92|0x0000000617000000, 0x0000000617400000, 0x0000000617400000|100%|HS|  |TAMS 0x0000000617000000| PB 0x0000000617000000| Complete 
|  93|0x0000000617400000, 0x0000000617800000, 0x0000000617800000|100%| O|  |TAMS 0x0000000617400000| PB 0x0000000617400000| Untracked 
|  94|0x0000000617800000, 0x0000000617c00000, 0x0000000617c00000|100%| O|  |TAMS 0x0000000617800000| PB 0x0000000617800000| Untracked 
|  95|0x0000000617c00000, 0x0000000618000000, 0x0000000618000000|100%| O|  |TAMS 0x0000000617c00000| PB 0x0000000617c00000| Untracked 
|  96|0x0000000618000000, 0x0000000618400000, 0x0000000618400000|100%| O|  |TAMS 0x0000000618000000| PB 0x0000000618000000| Untracked 
|  97|0x0000000618400000, 0x0000000618800000, 0x0000000618800000|100%| O|  |TAMS 0x0000000618400000| PB 0x0000000618400000| Untracked 
|  98|0x0000000618800000, 0x0000000618c00000, 0x0000000618c00000|100%| O|  |TAMS 0x0000000618800000| PB 0x0000000618800000| Untracked 
|  99|0x0000000618c00000, 0x0000000619000000, 0x0000000619000000|100%| O|  |TAMS 0x0000000618c00000| PB 0x0000000618c00000| Untracked 
| 100|0x0000000619000000, 0x0000000619400000, 0x0000000619400000|100%| O|  |TAMS 0x0000000619000000| PB 0x0000000619000000| Untracked 
| 101|0x0000000619400000, 0x0000000619800000, 0x0000000619800000|100%| O|  |TAMS 0x0000000619400000| PB 0x0000000619400000| Untracked 
| 102|0x0000000619800000, 0x0000000619c00000, 0x0000000619c00000|100%| O|  |TAMS 0x0000000619800000| PB 0x0000000619800000| Untracked 
| 103|0x0000000619c00000, 0x000000061a000000, 0x000000061a000000|100%| O|  |TAMS 0x0000000619c00000| PB 0x0000000619c00000| Untracked 
| 104|0x000000061a000000, 0x000000061a400000, 0x000000061a400000|100%| O|  |TAMS 0x000000061a000000| PB 0x000000061a000000| Untracked 
| 105|0x000000061a400000, 0x000000061a800000, 0x000000061a800000|100%| O|  |TAMS 0x000000061a400000| PB 0x000000061a400000| Untracked 
| 106|0x000000061a800000, 0x000000061ac00000, 0x000000061ac00000|100%|HS|  |TAMS 0x000000061a800000| PB 0x000000061a800000| Complete 
| 107|0x000000061ac00000, 0x000000061b000000, 0x000000061b000000|100%|HC|  |TAMS 0x000000061ac00000| PB 0x000000061ac00000| Complete 
| 108|0x000000061b000000, 0x000000061b400000, 0x000000061b400000|100%|HC|  |TAMS 0x000000061b000000| PB 0x000000061b000000| Complete 
| 109|0x000000061b400000, 0x000000061b800000, 0x000000061b800000|100%|HC|  |TAMS 0x000000061b400000| PB 0x000000061b400000| Complete 
| 110|0x000000061b800000, 0x000000061bc00000, 0x000000061bc00000|100%|HS|  |TAMS 0x000000061b800000| PB 0x000000061b800000| Complete 
| 111|0x000000061bc00000, 0x000000061c000000, 0x000000061c000000|100%|HC|  |TAMS 0x000000061bc00000| PB 0x000000061bc00000| Complete 
| 112|0x000000061c000000, 0x000000061c400000, 0x000000061c400000|100%|HC|  |TAMS 0x000000061c000000| PB 0x000000061c000000| Complete 
| 113|0x000000061c400000, 0x000000061c800000, 0x000000061c800000|100%|HC|  |TAMS 0x000000061c400000| PB 0x000000061c400000| Complete 
| 114|0x000000061c800000, 0x000000061cc00000, 0x000000061cc00000|100%| O|  |TAMS 0x000000061c800000| PB 0x000000061c800000| Untracked 
| 115|0x000000061cc00000, 0x000000061d000000, 0x000000061d000000|100%| O|  |TAMS 0x000000061cc00000| PB 0x000000061cc00000| Untracked 
| 116|0x000000061d000000, 0x000000061d400000, 0x000000061d400000|100%| O|  |TAMS 0x000000061d000000| PB 0x000000061d000000| Untracked 
| 117|0x000000061d400000, 0x000000061d800000, 0x000000061d800000|100%| O|  |TAMS 0x000000061d400000| PB 0x000000061d400000| Untracked 
| 118|0x000000061d800000, 0x000000061dc00000, 0x000000061dc00000|100%| O|  |TAMS 0x000000061d800000| PB 0x000000061d800000| Untracked 
| 119|0x000000061dc00000, 0x000000061e000000, 0x000000061e000000|100%| O|  |TAMS 0x000000061dc00000| PB 0x000000061dc00000| Untracked 
| 120|0x000000061e000000, 0x000000061e400000, 0x000000061e400000|100%| O|  |TAMS 0x000000061e000000| PB 0x000000061e000000| Untracked 
| 121|0x000000061e400000, 0x000000061e800000, 0x000000061e800000|100%| O|  |TAMS 0x000000061e400000| PB 0x000000061e400000| Untracked 
| 122|0x000000061e800000, 0x000000061ec00000, 0x000000061ec00000|100%| O|  |TAMS 0x000000061e800000| PB 0x000000061e800000| Untracked 
| 123|0x000000061ec00000, 0x000000061f000000, 0x000000061f000000|100%| O|  |TAMS 0x000000061ec00000| PB 0x000000061ec00000| Untracked 
| 124|0x000000061f000000, 0x000000061f400000, 0x000000061f400000|100%| O|  |TAMS 0x000000061f000000| PB 0x000000061f000000| Untracked 
| 125|0x000000061f400000, 0x000000061f800000, 0x000000061f800000|100%| O|  |TAMS 0x000000061f400000| PB 0x000000061f400000| Untracked 
| 126|0x000000061f800000, 0x000000061fc00000, 0x000000061fc00000|100%| O|  |TAMS 0x000000061f800000| PB 0x000000061f800000| Untracked 
| 127|0x000000061fc00000, 0x0000000620000000, 0x0000000620000000|100%| O|  |TAMS 0x000000061fc00000| PB 0x000000061fc00000| Untracked 
| 128|0x0000000620000000, 0x0000000620400000, 0x0000000620400000|100%| O|  |TAMS 0x0000000620000000| PB 0x0000000620000000| Untracked 
| 129|0x0000000620400000, 0x0000000620800000, 0x0000000620800000|100%| O|  |TAMS 0x0000000620400000| PB 0x0000000620400000| Untracked 
| 130|0x0000000620800000, 0x0000000620c00000, 0x0000000620c00000|100%| O|  |TAMS 0x0000000620800000| PB 0x0000000620800000| Untracked 
| 131|0x0000000620c00000, 0x0000000621000000, 0x0000000621000000|100%| O|  |TAMS 0x0000000620c00000| PB 0x0000000620c00000| Untracked 
| 132|0x0000000621000000, 0x0000000621000000, 0x0000000621400000|  0%| F|  |TAMS 0x0000000621000000| PB 0x0000000621000000| Untracked 
| 133|0x0000000621400000, 0x0000000621400000, 0x0000000621800000|  0%| F|  |TAMS 0x0000000621400000| PB 0x0000000621400000| Untracked 
| 134|0x0000000621800000, 0x0000000621800000, 0x0000000621c00000|  0%| F|  |TAMS 0x0000000621800000| PB 0x0000000621800000| Untracked 
| 135|0x0000000621c00000, 0x0000000621c00000, 0x0000000622000000|  0%| F|  |TAMS 0x0000000621c00000| PB 0x0000000621c00000| Untracked 
| 136|0x0000000622000000, 0x0000000622000000, 0x0000000622400000|  0%| F|  |TAMS 0x0000000622000000| PB 0x0000000622000000| Untracked 
| 137|0x0000000622400000, 0x0000000622400000, 0x0000000622800000|  0%| F|  |TAMS 0x0000000622400000| PB 0x0000000622400000| Untracked 
| 138|0x0000000622800000, 0x0000000622800000, 0x0000000622c00000|  0%| F|  |TAMS 0x0000000622800000| PB 0x0000000622800000| Untracked 
| 139|0x0000000622c00000, 0x0000000622c00000, 0x0000000623000000|  0%| F|  |TAMS 0x0000000622c00000| PB 0x0000000622c00000| Untracked 
| 140|0x0000000623000000, 0x0000000623000000, 0x0000000623400000|  0%| F|  |TAMS 0x0000000623000000| PB 0x0000000623000000| Untracked 
| 141|0x0000000623400000, 0x0000000623400000, 0x0000000623800000|  0%| F|  |TAMS 0x0000000623400000| PB 0x0000000623400000| Untracked 
| 142|0x0000000623800000, 0x0000000623800000, 0x0000000623c00000|  0%| F|  |TAMS 0x0000000623800000| PB 0x0000000623800000| Untracked 
| 143|0x0000000623c00000, 0x0000000623c00000, 0x0000000624000000|  0%| F|  |TAMS 0x0000000623c00000| PB 0x0000000623c00000| Untracked 
| 144|0x0000000624000000, 0x0000000624000000, 0x0000000624400000|  0%| F|  |TAMS 0x0000000624000000| PB 0x0000000624000000| Untracked 
| 145|0x0000000624400000, 0x0000000624400000, 0x0000000624800000|  0%| F|  |TAMS 0x0000000624400000| PB 0x0000000624400000| Untracked 
| 146|0x0000000624800000, 0x0000000624800000, 0x0000000624c00000|  0%| F|  |TAMS 0x0000000624800000| PB 0x0000000624800000| Untracked 
| 147|0x0000000624c00000, 0x0000000624c00000, 0x0000000625000000|  0%| F|  |TAMS 0x0000000624c00000| PB 0x0000000624c00000| Untracked 
| 148|0x0000000625000000, 0x0000000625000000, 0x0000000625400000|  0%| F|  |TAMS 0x0000000625000000| PB 0x0000000625000000| Untracked 
| 149|0x0000000625400000, 0x0000000625400000, 0x0000000625800000|  0%| F|  |TAMS 0x0000000625400000| PB 0x0000000625400000| Untracked 
| 150|0x0000000625800000, 0x0000000625800000, 0x0000000625c00000|  0%| F|  |TAMS 0x0000000625800000| PB 0x0000000625800000| Untracked 
| 151|0x0000000625c00000, 0x0000000625c00000, 0x0000000626000000|  0%| F|  |TAMS 0x0000000625c00000| PB 0x0000000625c00000| Untracked 
| 152|0x0000000626000000, 0x0000000626000000, 0x0000000626400000|  0%| F|  |TAMS 0x0000000626000000| PB 0x0000000626000000| Untracked 
| 153|0x0000000626400000, 0x0000000626400000, 0x0000000626800000|  0%| F|  |TAMS 0x0000000626400000| PB 0x0000000626400000| Untracked 
| 154|0x0000000626800000, 0x0000000626800000, 0x0000000626c00000|  0%| F|  |TAMS 0x0000000626800000| PB 0x0000000626800000| Untracked 
| 155|0x0000000626c00000, 0x0000000626c00000, 0x0000000627000000|  0%| F|  |TAMS 0x0000000626c00000| PB 0x0000000626c00000| Untracked 
| 156|0x0000000627000000, 0x0000000627000000, 0x0000000627400000|  0%| F|  |TAMS 0x0000000627000000| PB 0x0000000627000000| Untracked 
| 157|0x0000000627400000, 0x0000000627400000, 0x0000000627800000|  0%| F|  |TAMS 0x0000000627400000| PB 0x0000000627400000| Untracked 
| 158|0x0000000627800000, 0x0000000627800000, 0x0000000627c00000|  0%| F|  |TAMS 0x0000000627800000| PB 0x0000000627800000| Untracked 
| 159|0x0000000627c00000, 0x0000000627c00000, 0x0000000628000000|  0%| F|  |TAMS 0x0000000627c00000| PB 0x0000000627c00000| Untracked 
| 160|0x0000000628000000, 0x0000000628000000, 0x0000000628400000|  0%| F|  |TAMS 0x0000000628000000| PB 0x0000000628000000| Untracked 
| 161|0x0000000628400000, 0x0000000628400000, 0x0000000628800000|  0%| F|  |TAMS 0x0000000628400000| PB 0x0000000628400000| Untracked 
| 162|0x0000000628800000, 0x0000000628800000, 0x0000000628c00000|  0%| F|  |TAMS 0x0000000628800000| PB 0x0000000628800000| Untracked 
| 163|0x0000000628c00000, 0x0000000628c00000, 0x0000000629000000|  0%| F|  |TAMS 0x0000000628c00000| PB 0x0000000628c00000| Untracked 
| 164|0x0000000629000000, 0x0000000629000000, 0x0000000629400000|  0%| F|  |TAMS 0x0000000629000000| PB 0x0000000629000000| Untracked 
| 165|0x0000000629400000, 0x0000000629400000, 0x0000000629800000|  0%| F|  |TAMS 0x0000000629400000| PB 0x0000000629400000| Untracked 
| 166|0x0000000629800000, 0x0000000629800000, 0x0000000629c00000|  0%| F|  |TAMS 0x0000000629800000| PB 0x0000000629800000| Untracked 
| 167|0x0000000629c00000, 0x0000000629c00000, 0x000000062a000000|  0%| F|  |TAMS 0x0000000629c00000| PB 0x0000000629c00000| Untracked 
| 168|0x000000062a000000, 0x000000062a000000, 0x000000062a400000|  0%| F|  |TAMS 0x000000062a000000| PB 0x000000062a000000| Untracked 
| 169|0x000000062a400000, 0x000000062a400000, 0x000000062a800000|  0%| F|  |TAMS 0x000000062a400000| PB 0x000000062a400000| Untracked 
| 170|0x000000062a800000, 0x000000062a800000, 0x000000062ac00000|  0%| F|  |TAMS 0x000000062a800000| PB 0x000000062a800000| Untracked 
| 171|0x000000062ac00000, 0x000000062ac00000, 0x000000062b000000|  0%| F|  |TAMS 0x000000062ac00000| PB 0x000000062ac00000| Untracked 
| 172|0x000000062b000000, 0x000000062b000000, 0x000000062b400000|  0%| F|  |TAMS 0x000000062b000000| PB 0x000000062b000000| Untracked 
| 173|0x000000062b400000, 0x000000062b400000, 0x000000062b800000|  0%| F|  |TAMS 0x000000062b400000| PB 0x000000062b400000| Untracked 
| 174|0x000000062b800000, 0x000000062b800000, 0x000000062bc00000|  0%| F|  |TAMS 0x000000062b800000| PB 0x000000062b800000| Untracked 
| 175|0x000000062bc00000, 0x000000062bc00000, 0x000000062c000000|  0%| F|  |TAMS 0x000000062bc00000| PB 0x000000062bc00000| Untracked 
| 176|0x000000062c000000, 0x000000062c000000, 0x000000062c400000|  0%| F|  |TAMS 0x000000062c000000| PB 0x000000062c000000| Untracked 
| 177|0x000000062c400000, 0x000000062c400000, 0x000000062c800000|  0%| F|  |TAMS 0x000000062c400000| PB 0x000000062c400000| Untracked 
| 178|0x000000062c800000, 0x000000062c800000, 0x000000062cc00000|  0%| F|  |TAMS 0x000000062c800000| PB 0x000000062c800000| Untracked 
| 179|0x000000062cc00000, 0x000000062cc00000, 0x000000062d000000|  0%| F|  |TAMS 0x000000062cc00000| PB 0x000000062cc00000| Untracked 
| 180|0x000000062d000000, 0x000000062d000000, 0x000000062d400000|  0%| F|  |TAMS 0x000000062d000000| PB 0x000000062d000000| Untracked 
| 181|0x000000062d400000, 0x000000062d400000, 0x000000062d800000|  0%| F|  |TAMS 0x000000062d400000| PB 0x000000062d400000| Untracked 
| 182|0x000000062d800000, 0x000000062d800000, 0x000000062dc00000|  0%| F|  |TAMS 0x000000062d800000| PB 0x000000062d800000| Untracked 
| 183|0x000000062dc00000, 0x000000062dc00000, 0x000000062e000000|  0%| F|  |TAMS 0x000000062dc00000| PB 0x000000062dc00000| Untracked 
| 184|0x000000062e000000, 0x000000062e000000, 0x000000062e400000|  0%| F|  |TAMS 0x000000062e000000| PB 0x000000062e000000| Untracked 
| 185|0x000000062e400000, 0x000000062e400000, 0x000000062e800000|  0%| F|  |TAMS 0x000000062e400000| PB 0x000000062e400000| Untracked 
| 186|0x000000062e800000, 0x000000062e800000, 0x000000062ec00000|  0%| F|  |TAMS 0x000000062e800000| PB 0x000000062e800000| Untracked 
| 187|0x000000062ec00000, 0x000000062ec00000, 0x000000062f000000|  0%| F|  |TAMS 0x000000062ec00000| PB 0x000000062ec00000| Untracked 
| 188|0x000000062f000000, 0x000000062f000000, 0x000000062f400000|  0%| F|  |TAMS 0x000000062f000000| PB 0x000000062f000000| Untracked 
| 189|0x000000062f400000, 0x000000062f400000, 0x000000062f800000|  0%| F|  |TAMS 0x000000062f400000| PB 0x000000062f400000| Untracked 
| 190|0x000000062f800000, 0x000000062f800000, 0x000000062fc00000|  0%| F|  |TAMS 0x000000062f800000| PB 0x000000062f800000| Untracked 
| 191|0x000000062fc00000, 0x000000062fc00000, 0x0000000630000000|  0%| F|  |TAMS 0x000000062fc00000| PB 0x000000062fc00000| Untracked 
| 192|0x0000000630000000, 0x0000000630000000, 0x0000000630400000|  0%| F|  |TAMS 0x0000000630000000| PB 0x0000000630000000| Untracked 
| 193|0x0000000630400000, 0x0000000630400000, 0x0000000630800000|  0%| F|  |TAMS 0x0000000630400000| PB 0x0000000630400000| Untracked 
| 194|0x0000000630800000, 0x0000000630800000, 0x0000000630c00000|  0%| F|  |TAMS 0x0000000630800000| PB 0x0000000630800000| Untracked 
| 195|0x0000000630c00000, 0x0000000630c00000, 0x0000000631000000|  0%| F|  |TAMS 0x0000000630c00000| PB 0x0000000630c00000| Untracked 
| 196|0x0000000631000000, 0x0000000631000000, 0x0000000631400000|  0%| F|  |TAMS 0x0000000631000000| PB 0x0000000631000000| Untracked 
| 197|0x0000000631400000, 0x0000000631400000, 0x0000000631800000|  0%| F|  |TAMS 0x0000000631400000| PB 0x0000000631400000| Untracked 
| 198|0x0000000631800000, 0x0000000631800000, 0x0000000631c00000|  0%| F|  |TAMS 0x0000000631800000| PB 0x0000000631800000| Untracked 
| 199|0x0000000631c00000, 0x0000000631c00000, 0x0000000632000000|  0%| F|  |TAMS 0x0000000631c00000| PB 0x0000000631c00000| Untracked 
| 200|0x0000000632000000, 0x0000000632000000, 0x0000000632400000|  0%| F|  |TAMS 0x0000000632000000| PB 0x0000000632000000| Untracked 
| 201|0x0000000632400000, 0x0000000632400000, 0x0000000632800000|  0%| F|  |TAMS 0x0000000632400000| PB 0x0000000632400000| Untracked 
| 202|0x0000000632800000, 0x0000000632800000, 0x0000000632c00000|  0%| F|  |TAMS 0x0000000632800000| PB 0x0000000632800000| Untracked 
| 203|0x0000000632c00000, 0x0000000632c00000, 0x0000000633000000|  0%| F|  |TAMS 0x0000000632c00000| PB 0x0000000632c00000| Untracked 
| 204|0x0000000633000000, 0x0000000633000000, 0x0000000633400000|  0%| F|  |TAMS 0x0000000633000000| PB 0x0000000633000000| Untracked 
| 205|0x0000000633400000, 0x0000000633400000, 0x0000000633800000|  0%| F|  |TAMS 0x0000000633400000| PB 0x0000000633400000| Untracked 
| 206|0x0000000633800000, 0x0000000633800000, 0x0000000633c00000|  0%| F|  |TAMS 0x0000000633800000| PB 0x0000000633800000| Untracked 
| 207|0x0000000633c00000, 0x0000000633c00000, 0x0000000634000000|  0%| F|  |TAMS 0x0000000633c00000| PB 0x0000000633c00000| Untracked 
| 208|0x0000000634000000, 0x0000000634000000, 0x0000000634400000|  0%| F|  |TAMS 0x0000000634000000| PB 0x0000000634000000| Untracked 
| 209|0x0000000634400000, 0x0000000634400000, 0x0000000634800000|  0%| F|  |TAMS 0x0000000634400000| PB 0x0000000634400000| Untracked 
| 210|0x0000000634800000, 0x0000000634800000, 0x0000000634c00000|  0%| F|  |TAMS 0x0000000634800000| PB 0x0000000634800000| Untracked 
| 211|0x0000000634c00000, 0x0000000634c00000, 0x0000000635000000|  0%| F|  |TAMS 0x0000000634c00000| PB 0x0000000634c00000| Untracked 
| 212|0x0000000635000000, 0x0000000635000000, 0x0000000635400000|  0%| F|  |TAMS 0x0000000635000000| PB 0x0000000635000000| Untracked 
| 213|0x0000000635400000, 0x0000000635400000, 0x0000000635800000|  0%| F|  |TAMS 0x0000000635400000| PB 0x0000000635400000| Untracked 
| 214|0x0000000635800000, 0x0000000635800000, 0x0000000635c00000|  0%| F|  |TAMS 0x0000000635800000| PB 0x0000000635800000| Untracked 
| 215|0x0000000635c00000, 0x0000000635c00000, 0x0000000636000000|  0%| F|  |TAMS 0x0000000635c00000| PB 0x0000000635c00000| Untracked 
| 216|0x0000000636000000, 0x0000000636000000, 0x0000000636400000|  0%| F|  |TAMS 0x0000000636000000| PB 0x0000000636000000| Untracked 
| 217|0x0000000636400000, 0x0000000636400000, 0x0000000636800000|  0%| F|  |TAMS 0x0000000636400000| PB 0x0000000636400000| Untracked 
| 218|0x0000000636800000, 0x0000000636800000, 0x0000000636c00000|  0%| F|  |TAMS 0x0000000636800000| PB 0x0000000636800000| Untracked 
| 219|0x0000000636c00000, 0x0000000636c00000, 0x0000000637000000|  0%| F|  |TAMS 0x0000000636c00000| PB 0x0000000636c00000| Untracked 
| 220|0x0000000637000000, 0x0000000637000000, 0x0000000637400000|  0%| F|  |TAMS 0x0000000637000000| PB 0x0000000637000000| Untracked 
| 221|0x0000000637400000, 0x0000000637400000, 0x0000000637800000|  0%| F|  |TAMS 0x0000000637400000| PB 0x0000000637400000| Untracked 
| 222|0x0000000637800000, 0x0000000637800000, 0x0000000637c00000|  0%| F|  |TAMS 0x0000000637800000| PB 0x0000000637800000| Untracked 
| 223|0x0000000637c00000, 0x0000000637c00000, 0x0000000638000000|  0%| F|  |TAMS 0x0000000637c00000| PB 0x0000000637c00000| Untracked 
| 224|0x0000000638000000, 0x0000000638000000, 0x0000000638400000|  0%| F|  |TAMS 0x0000000638000000| PB 0x0000000638000000| Untracked 
| 225|0x0000000638400000, 0x0000000638400000, 0x0000000638800000|  0%| F|  |TAMS 0x0000000638400000| PB 0x0000000638400000| Untracked 
| 226|0x0000000638800000, 0x0000000638800000, 0x0000000638c00000|  0%| F|  |TAMS 0x0000000638800000| PB 0x0000000638800000| Untracked 
| 227|0x0000000638c00000, 0x0000000638c00000, 0x0000000639000000|  0%| F|  |TAMS 0x0000000638c00000| PB 0x0000000638c00000| Untracked 
| 228|0x0000000639000000, 0x0000000639000000, 0x0000000639400000|  0%| F|  |TAMS 0x0000000639000000| PB 0x0000000639000000| Untracked 
| 229|0x0000000639400000, 0x0000000639400000, 0x0000000639800000|  0%| F|  |TAMS 0x0000000639400000| PB 0x0000000639400000| Untracked 
| 230|0x0000000639800000, 0x0000000639800000, 0x0000000639c00000|  0%| F|  |TAMS 0x0000000639800000| PB 0x0000000639800000| Untracked 
| 231|0x0000000639c00000, 0x0000000639c00000, 0x000000063a000000|  0%| F|  |TAMS 0x0000000639c00000| PB 0x0000000639c00000| Untracked 
| 232|0x000000063a000000, 0x000000063a000000, 0x000000063a400000|  0%| F|  |TAMS 0x000000063a000000| PB 0x000000063a000000| Untracked 
| 233|0x000000063a400000, 0x000000063a400000, 0x000000063a800000|  0%| F|  |TAMS 0x000000063a400000| PB 0x000000063a400000| Untracked 
| 234|0x000000063a800000, 0x000000063a800000, 0x000000063ac00000|  0%| F|  |TAMS 0x000000063a800000| PB 0x000000063a800000| Untracked 
| 235|0x000000063ac00000, 0x000000063ac00000, 0x000000063b000000|  0%| F|  |TAMS 0x000000063ac00000| PB 0x000000063ac00000| Untracked 
| 236|0x000000063b000000, 0x000000063b000000, 0x000000063b400000|  0%| F|  |TAMS 0x000000063b000000| PB 0x000000063b000000| Untracked 
| 237|0x000000063b400000, 0x000000063b400000, 0x000000063b800000|  0%| F|  |TAMS 0x000000063b400000| PB 0x000000063b400000| Untracked 
| 238|0x000000063b800000, 0x000000063b800000, 0x000000063bc00000|  0%| F|  |TAMS 0x000000063b800000| PB 0x000000063b800000| Untracked 
| 239|0x000000063bc00000, 0x000000063bc00000, 0x000000063c000000|  0%| F|  |TAMS 0x000000063bc00000| PB 0x000000063bc00000| Untracked 
| 240|0x000000063c000000, 0x000000063c000000, 0x000000063c400000|  0%| F|  |TAMS 0x000000063c000000| PB 0x000000063c000000| Untracked 
| 241|0x000000063c400000, 0x000000063c400000, 0x000000063c800000|  0%| F|  |TAMS 0x000000063c400000| PB 0x000000063c400000| Untracked 
| 242|0x000000063c800000, 0x000000063c800000, 0x000000063cc00000|  0%| F|  |TAMS 0x000000063c800000| PB 0x000000063c800000| Untracked 
| 243|0x000000063cc00000, 0x000000063cc00000, 0x000000063d000000|  0%| F|  |TAMS 0x000000063cc00000| PB 0x000000063cc00000| Untracked 
| 244|0x000000063d000000, 0x000000063d000000, 0x000000063d400000|  0%| F|  |TAMS 0x000000063d000000| PB 0x000000063d000000| Untracked 
| 245|0x000000063d400000, 0x000000063d400000, 0x000000063d800000|  0%| F|  |TAMS 0x000000063d400000| PB 0x000000063d400000| Untracked 
| 246|0x000000063d800000, 0x000000063d800000, 0x000000063dc00000|  0%| F|  |TAMS 0x000000063d800000| PB 0x000000063d800000| Untracked 
| 247|0x000000063dc00000, 0x000000063dc00000, 0x000000063e000000|  0%| F|  |TAMS 0x000000063dc00000| PB 0x000000063dc00000| Untracked 
| 248|0x000000063e000000, 0x000000063e000000, 0x000000063e400000|  0%| F|  |TAMS 0x000000063e000000| PB 0x000000063e000000| Untracked 
| 249|0x000000063e400000, 0x000000063e400000, 0x000000063e800000|  0%| F|  |TAMS 0x000000063e400000| PB 0x000000063e400000| Untracked 
| 250|0x000000063e800000, 0x000000063e800000, 0x000000063ec00000|  0%| F|  |TAMS 0x000000063e800000| PB 0x000000063e800000| Untracked 
| 251|0x000000063ec00000, 0x000000063ec00000, 0x000000063f000000|  0%| F|  |TAMS 0x000000063ec00000| PB 0x000000063ec00000| Untracked 
| 252|0x000000063f000000, 0x000000063f000000, 0x000000063f400000|  0%| F|  |TAMS 0x000000063f000000| PB 0x000000063f000000| Untracked 
| 253|0x000000063f400000, 0x000000063f400000, 0x000000063f800000|  0%| F|  |TAMS 0x000000063f400000| PB 0x000000063f400000| Untracked 
| 254|0x000000063f800000, 0x000000063f800000, 0x000000063fc00000|  0%| F|  |TAMS 0x000000063f800000| PB 0x000000063f800000| Untracked 
| 255|0x000000063fc00000, 0x000000063fc00000, 0x0000000640000000|  0%| F|  |TAMS 0x000000063fc00000| PB 0x000000063fc00000| Untracked 
| 256|0x0000000640000000, 0x0000000640000000, 0x0000000640400000|  0%| F|  |TAMS 0x0000000640000000| PB 0x0000000640000000| Untracked 
| 257|0x0000000640400000, 0x0000000640400000, 0x0000000640800000|  0%| F|  |TAMS 0x0000000640400000| PB 0x0000000640400000| Untracked 
| 258|0x0000000640800000, 0x0000000640800000, 0x0000000640c00000|  0%| F|  |TAMS 0x0000000640800000| PB 0x0000000640800000| Untracked 
| 259|0x0000000640c00000, 0x0000000640c00000, 0x0000000641000000|  0%| F|  |TAMS 0x0000000640c00000| PB 0x0000000640c00000| Untracked 
| 260|0x0000000641000000, 0x0000000641000000, 0x0000000641400000|  0%| F|  |TAMS 0x0000000641000000| PB 0x0000000641000000| Untracked 
| 261|0x0000000641400000, 0x0000000641400000, 0x0000000641800000|  0%| F|  |TAMS 0x0000000641400000| PB 0x0000000641400000| Untracked 
| 262|0x0000000641800000, 0x0000000641800000, 0x0000000641c00000|  0%| F|  |TAMS 0x0000000641800000| PB 0x0000000641800000| Untracked 
| 263|0x0000000641c00000, 0x0000000641c00000, 0x0000000642000000|  0%| F|  |TAMS 0x0000000641c00000| PB 0x0000000641c00000| Untracked 
| 264|0x0000000642000000, 0x0000000642000000, 0x0000000642400000|  0%| F|  |TAMS 0x0000000642000000| PB 0x0000000642000000| Untracked 
| 265|0x0000000642400000, 0x0000000642400000, 0x0000000642800000|  0%| F|  |TAMS 0x0000000642400000| PB 0x0000000642400000| Untracked 
| 266|0x0000000642800000, 0x0000000642800000, 0x0000000642c00000|  0%| F|  |TAMS 0x0000000642800000| PB 0x0000000642800000| Untracked 
| 267|0x0000000642c00000, 0x0000000642c00000, 0x0000000643000000|  0%| F|  |TAMS 0x0000000642c00000| PB 0x0000000642c00000| Untracked 
| 268|0x0000000643000000, 0x0000000643000000, 0x0000000643400000|  0%| F|  |TAMS 0x0000000643000000| PB 0x0000000643000000| Untracked 
| 269|0x0000000643400000, 0x0000000643400000, 0x0000000643800000|  0%| F|  |TAMS 0x0000000643400000| PB 0x0000000643400000| Untracked 
| 270|0x0000000643800000, 0x0000000643800000, 0x0000000643c00000|  0%| F|  |TAMS 0x0000000643800000| PB 0x0000000643800000| Untracked 
| 271|0x0000000643c00000, 0x0000000643c00000, 0x0000000644000000|  0%| F|  |TAMS 0x0000000643c00000| PB 0x0000000643c00000| Untracked 
| 272|0x0000000644000000, 0x0000000644000000, 0x0000000644400000|  0%| F|  |TAMS 0x0000000644000000| PB 0x0000000644000000| Untracked 
| 273|0x0000000644400000, 0x0000000644400000, 0x0000000644800000|  0%| F|  |TAMS 0x0000000644400000| PB 0x0000000644400000| Untracked 
| 274|0x0000000644800000, 0x0000000644800000, 0x0000000644c00000|  0%| F|  |TAMS 0x0000000644800000| PB 0x0000000644800000| Untracked 
| 275|0x0000000644c00000, 0x0000000644c00000, 0x0000000645000000|  0%| F|  |TAMS 0x0000000644c00000| PB 0x0000000644c00000| Untracked 
| 276|0x0000000645000000, 0x0000000645000000, 0x0000000645400000|  0%| F|  |TAMS 0x0000000645000000| PB 0x0000000645000000| Untracked 
| 277|0x0000000645400000, 0x0000000645400000, 0x0000000645800000|  0%| F|  |TAMS 0x0000000645400000| PB 0x0000000645400000| Untracked 
| 278|0x0000000645800000, 0x0000000645800000, 0x0000000645c00000|  0%| F|  |TAMS 0x0000000645800000| PB 0x0000000645800000| Untracked 
| 279|0x0000000645c00000, 0x0000000645c00000, 0x0000000646000000|  0%| F|  |TAMS 0x0000000645c00000| PB 0x0000000645c00000| Untracked 
| 280|0x0000000646000000, 0x0000000646000000, 0x0000000646400000|  0%| F|  |TAMS 0x0000000646000000| PB 0x0000000646000000| Untracked 
| 281|0x0000000646400000, 0x0000000646400000, 0x0000000646800000|  0%| F|  |TAMS 0x0000000646400000| PB 0x0000000646400000| Untracked 
| 282|0x0000000646800000, 0x0000000646800000, 0x0000000646c00000|  0%| F|  |TAMS 0x0000000646800000| PB 0x0000000646800000| Untracked 
| 283|0x0000000646c00000, 0x0000000646c00000, 0x0000000647000000|  0%| F|  |TAMS 0x0000000646c00000| PB 0x0000000646c00000| Untracked 
| 284|0x0000000647000000, 0x0000000647000000, 0x0000000647400000|  0%| F|  |TAMS 0x0000000647000000| PB 0x0000000647000000| Untracked 
| 285|0x0000000647400000, 0x0000000647400000, 0x0000000647800000|  0%| F|  |TAMS 0x0000000647400000| PB 0x0000000647400000| Untracked 
| 286|0x0000000647800000, 0x0000000647800000, 0x0000000647c00000|  0%| F|  |TAMS 0x0000000647800000| PB 0x0000000647800000| Untracked 
| 287|0x0000000647c00000, 0x0000000647c00000, 0x0000000648000000|  0%| F|  |TAMS 0x0000000647c00000| PB 0x0000000647c00000| Untracked 
| 288|0x0000000648000000, 0x0000000648000000, 0x0000000648400000|  0%| F|  |TAMS 0x0000000648000000| PB 0x0000000648000000| Untracked 
| 289|0x0000000648400000, 0x0000000648400000, 0x0000000648800000|  0%| F|  |TAMS 0x0000000648400000| PB 0x0000000648400000| Untracked 
| 290|0x0000000648800000, 0x0000000648800000, 0x0000000648c00000|  0%| F|  |TAMS 0x0000000648800000| PB 0x0000000648800000| Untracked 
| 291|0x0000000648c00000, 0x0000000648c00000, 0x0000000649000000|  0%| F|  |TAMS 0x0000000648c00000| PB 0x0000000648c00000| Untracked 
| 292|0x0000000649000000, 0x0000000649000000, 0x0000000649400000|  0%| F|  |TAMS 0x0000000649000000| PB 0x0000000649000000| Untracked 
| 293|0x0000000649400000, 0x0000000649400000, 0x0000000649800000|  0%| F|  |TAMS 0x0000000649400000| PB 0x0000000649400000| Untracked 
| 294|0x0000000649800000, 0x0000000649800000, 0x0000000649c00000|  0%| F|  |TAMS 0x0000000649800000| PB 0x0000000649800000| Untracked 
| 295|0x0000000649c00000, 0x0000000649c00000, 0x000000064a000000|  0%| F|  |TAMS 0x0000000649c00000| PB 0x0000000649c00000| Untracked 
| 296|0x000000064a000000, 0x000000064a000000, 0x000000064a400000|  0%| F|  |TAMS 0x000000064a000000| PB 0x000000064a000000| Untracked 
| 297|0x000000064a400000, 0x000000064a400000, 0x000000064a800000|  0%| F|  |TAMS 0x000000064a400000| PB 0x000000064a400000| Untracked 
| 298|0x000000064a800000, 0x000000064a800000, 0x000000064ac00000|  0%| F|  |TAMS 0x000000064a800000| PB 0x000000064a800000| Untracked 
| 299|0x000000064ac00000, 0x000000064ac00000, 0x000000064b000000|  0%| F|  |TAMS 0x000000064ac00000| PB 0x000000064ac00000| Untracked 
| 300|0x000000064b000000, 0x000000064b000000, 0x000000064b400000|  0%| F|  |TAMS 0x000000064b000000| PB 0x000000064b000000| Untracked 
| 301|0x000000064b400000, 0x000000064b400000, 0x000000064b800000|  0%| F|  |TAMS 0x000000064b400000| PB 0x000000064b400000| Untracked 
| 302|0x000000064b800000, 0x000000064b800000, 0x000000064bc00000|  0%| F|  |TAMS 0x000000064b800000| PB 0x000000064b800000| Untracked 
| 303|0x000000064bc00000, 0x000000064bc00000, 0x000000064c000000|  0%| F|  |TAMS 0x000000064bc00000| PB 0x000000064bc00000| Untracked 
| 304|0x000000064c000000, 0x000000064c000000, 0x000000064c400000|  0%| F|  |TAMS 0x000000064c000000| PB 0x000000064c000000| Untracked 
| 305|0x000000064c400000, 0x000000064c400000, 0x000000064c800000|  0%| F|  |TAMS 0x000000064c400000| PB 0x000000064c400000| Untracked 
| 306|0x000000064c800000, 0x000000064c800000, 0x000000064cc00000|  0%| F|  |TAMS 0x000000064c800000| PB 0x000000064c800000| Untracked 
| 307|0x000000064cc00000, 0x000000064cc00000, 0x000000064d000000|  0%| F|  |TAMS 0x000000064cc00000| PB 0x000000064cc00000| Untracked 
| 308|0x000000064d000000, 0x000000064d000000, 0x000000064d400000|  0%| F|  |TAMS 0x000000064d000000| PB 0x000000064d000000| Untracked 
| 309|0x000000064d400000, 0x000000064d400000, 0x000000064d800000|  0%| F|  |TAMS 0x000000064d400000| PB 0x000000064d400000| Untracked 
| 310|0x000000064d800000, 0x000000064d800000, 0x000000064dc00000|  0%| F|  |TAMS 0x000000064d800000| PB 0x000000064d800000| Untracked 
| 311|0x000000064dc00000, 0x000000064dc00000, 0x000000064e000000|  0%| F|  |TAMS 0x000000064dc00000| PB 0x000000064dc00000| Untracked 
| 312|0x000000064e000000, 0x000000064e000000, 0x000000064e400000|  0%| F|  |TAMS 0x000000064e000000| PB 0x000000064e000000| Untracked 
| 313|0x000000064e400000, 0x000000064e400000, 0x000000064e800000|  0%| F|  |TAMS 0x000000064e400000| PB 0x000000064e400000| Untracked 
| 314|0x000000064e800000, 0x000000064e800000, 0x000000064ec00000|  0%| F|  |TAMS 0x000000064e800000| PB 0x000000064e800000| Untracked 
| 315|0x000000064ec00000, 0x000000064ec00000, 0x000000064f000000|  0%| F|  |TAMS 0x000000064ec00000| PB 0x000000064ec00000| Untracked 
| 316|0x000000064f000000, 0x000000064f000000, 0x000000064f400000|  0%| F|  |TAMS 0x000000064f000000| PB 0x000000064f000000| Untracked 
| 317|0x000000064f400000, 0x000000064f400000, 0x000000064f800000|  0%| F|  |TAMS 0x000000064f400000| PB 0x000000064f400000| Untracked 
| 318|0x000000064f800000, 0x000000064f800000, 0x000000064fc00000|  0%| F|  |TAMS 0x000000064f800000| PB 0x000000064f800000| Untracked 
| 319|0x000000064fc00000, 0x000000064fc00000, 0x0000000650000000|  0%| F|  |TAMS 0x000000064fc00000| PB 0x000000064fc00000| Untracked 
| 320|0x0000000650000000, 0x0000000650000000, 0x0000000650400000|  0%| F|  |TAMS 0x0000000650000000| PB 0x0000000650000000| Untracked 
| 321|0x0000000650400000, 0x0000000650400000, 0x0000000650800000|  0%| F|  |TAMS 0x0000000650400000| PB 0x0000000650400000| Untracked 
| 322|0x0000000650800000, 0x0000000650800000, 0x0000000650c00000|  0%| F|  |TAMS 0x0000000650800000| PB 0x0000000650800000| Untracked 
| 323|0x0000000650c00000, 0x0000000650c00000, 0x0000000651000000|  0%| F|  |TAMS 0x0000000650c00000| PB 0x0000000650c00000| Untracked 
| 324|0x0000000651000000, 0x0000000651000000, 0x0000000651400000|  0%| F|  |TAMS 0x0000000651000000| PB 0x0000000651000000| Untracked 
| 325|0x0000000651400000, 0x0000000651400000, 0x0000000651800000|  0%| F|  |TAMS 0x0000000651400000| PB 0x0000000651400000| Untracked 
| 326|0x0000000651800000, 0x0000000651800000, 0x0000000651c00000|  0%| F|  |TAMS 0x0000000651800000| PB 0x0000000651800000| Untracked 
| 327|0x0000000651c00000, 0x0000000651c00000, 0x0000000652000000|  0%| F|  |TAMS 0x0000000651c00000| PB 0x0000000651c00000| Untracked 
| 328|0x0000000652000000, 0x0000000652000000, 0x0000000652400000|  0%| F|  |TAMS 0x0000000652000000| PB 0x0000000652000000| Untracked 
| 329|0x0000000652400000, 0x0000000652400000, 0x0000000652800000|  0%| F|  |TAMS 0x0000000652400000| PB 0x0000000652400000| Untracked 
| 330|0x0000000652800000, 0x0000000652800000, 0x0000000652c00000|  0%| F|  |TAMS 0x0000000652800000| PB 0x0000000652800000| Untracked 
| 331|0x0000000652c00000, 0x0000000652c00000, 0x0000000653000000|  0%| F|  |TAMS 0x0000000652c00000| PB 0x0000000652c00000| Untracked 
| 332|0x0000000653000000, 0x0000000653000000, 0x0000000653400000|  0%| F|  |TAMS 0x0000000653000000| PB 0x0000000653000000| Untracked 
| 333|0x0000000653400000, 0x0000000653400000, 0x0000000653800000|  0%| F|  |TAMS 0x0000000653400000| PB 0x0000000653400000| Untracked 
| 334|0x0000000653800000, 0x0000000653800000, 0x0000000653c00000|  0%| F|  |TAMS 0x0000000653800000| PB 0x0000000653800000| Untracked 
| 335|0x0000000653c00000, 0x0000000653c00000, 0x0000000654000000|  0%| F|  |TAMS 0x0000000653c00000| PB 0x0000000653c00000| Untracked 
| 336|0x0000000654000000, 0x0000000654000000, 0x0000000654400000|  0%| F|  |TAMS 0x0000000654000000| PB 0x0000000654000000| Untracked 
| 337|0x0000000654400000, 0x0000000654400000, 0x0000000654800000|  0%| F|  |TAMS 0x0000000654400000| PB 0x0000000654400000| Untracked 
| 338|0x0000000654800000, 0x0000000654800000, 0x0000000654c00000|  0%| F|  |TAMS 0x0000000654800000| PB 0x0000000654800000| Untracked 
| 339|0x0000000654c00000, 0x0000000654c00000, 0x0000000655000000|  0%| F|  |TAMS 0x0000000654c00000| PB 0x0000000654c00000| Untracked 
| 340|0x0000000655000000, 0x0000000655000000, 0x0000000655400000|  0%| F|  |TAMS 0x0000000655000000| PB 0x0000000655000000| Untracked 
| 341|0x0000000655400000, 0x0000000655400000, 0x0000000655800000|  0%| F|  |TAMS 0x0000000655400000| PB 0x0000000655400000| Untracked 
| 342|0x0000000655800000, 0x0000000655800000, 0x0000000655c00000|  0%| F|  |TAMS 0x0000000655800000| PB 0x0000000655800000| Untracked 
| 343|0x0000000655c00000, 0x0000000655c00000, 0x0000000656000000|  0%| F|  |TAMS 0x0000000655c00000| PB 0x0000000655c00000| Untracked 
| 344|0x0000000656000000, 0x0000000656000000, 0x0000000656400000|  0%| F|  |TAMS 0x0000000656000000| PB 0x0000000656000000| Untracked 
| 345|0x0000000656400000, 0x0000000656400000, 0x0000000656800000|  0%| F|  |TAMS 0x0000000656400000| PB 0x0000000656400000| Untracked 
| 346|0x0000000656800000, 0x0000000656800000, 0x0000000656c00000|  0%| F|  |TAMS 0x0000000656800000| PB 0x0000000656800000| Untracked 
| 347|0x0000000656c00000, 0x0000000656c00000, 0x0000000657000000|  0%| F|  |TAMS 0x0000000656c00000| PB 0x0000000656c00000| Untracked 
| 348|0x0000000657000000, 0x0000000657000000, 0x0000000657400000|  0%| F|  |TAMS 0x0000000657000000| PB 0x0000000657000000| Untracked 
| 349|0x0000000657400000, 0x0000000657400000, 0x0000000657800000|  0%| F|  |TAMS 0x0000000657400000| PB 0x0000000657400000| Untracked 
| 350|0x0000000657800000, 0x0000000657800000, 0x0000000657c00000|  0%| F|  |TAMS 0x0000000657800000| PB 0x0000000657800000| Untracked 
| 351|0x0000000657c00000, 0x0000000657c00000, 0x0000000658000000|  0%| F|  |TAMS 0x0000000657c00000| PB 0x0000000657c00000| Untracked 
| 352|0x0000000658000000, 0x0000000658000000, 0x0000000658400000|  0%| F|  |TAMS 0x0000000658000000| PB 0x0000000658000000| Untracked 
| 353|0x0000000658400000, 0x0000000658400000, 0x0000000658800000|  0%| F|  |TAMS 0x0000000658400000| PB 0x0000000658400000| Untracked 
| 354|0x0000000658800000, 0x0000000658800000, 0x0000000658c00000|  0%| F|  |TAMS 0x0000000658800000| PB 0x0000000658800000| Untracked 
| 355|0x0000000658c00000, 0x0000000658c00000, 0x0000000659000000|  0%| F|  |TAMS 0x0000000658c00000| PB 0x0000000658c00000| Untracked 
| 356|0x0000000659000000, 0x0000000659000000, 0x0000000659400000|  0%| F|  |TAMS 0x0000000659000000| PB 0x0000000659000000| Untracked 
| 357|0x0000000659400000, 0x0000000659400000, 0x0000000659800000|  0%| F|  |TAMS 0x0000000659400000| PB 0x0000000659400000| Untracked 
| 358|0x0000000659800000, 0x0000000659800000, 0x0000000659c00000|  0%| F|  |TAMS 0x0000000659800000| PB 0x0000000659800000| Untracked 
| 359|0x0000000659c00000, 0x0000000659c00000, 0x000000065a000000|  0%| F|  |TAMS 0x0000000659c00000| PB 0x0000000659c00000| Untracked 
| 360|0x000000065a000000, 0x000000065a000000, 0x000000065a400000|  0%| F|  |TAMS 0x000000065a000000| PB 0x000000065a000000| Untracked 
| 361|0x000000065a400000, 0x000000065a400000, 0x000000065a800000|  0%| F|  |TAMS 0x000000065a400000| PB 0x000000065a400000| Untracked 
| 362|0x000000065a800000, 0x000000065a800000, 0x000000065ac00000|  0%| F|  |TAMS 0x000000065a800000| PB 0x000000065a800000| Untracked 
| 363|0x000000065ac00000, 0x000000065ac00000, 0x000000065b000000|  0%| F|  |TAMS 0x000000065ac00000| PB 0x000000065ac00000| Untracked 
| 364|0x000000065b000000, 0x000000065b000000, 0x000000065b400000|  0%| F|  |TAMS 0x000000065b000000| PB 0x000000065b000000| Untracked 
| 365|0x000000065b400000, 0x000000065b400000, 0x000000065b800000|  0%| F|  |TAMS 0x000000065b400000| PB 0x000000065b400000| Untracked 
| 366|0x000000065b800000, 0x000000065b800000, 0x000000065bc00000|  0%| F|  |TAMS 0x000000065b800000| PB 0x000000065b800000| Untracked 
| 367|0x000000065bc00000, 0x000000065bc00000, 0x000000065c000000|  0%| F|  |TAMS 0x000000065bc00000| PB 0x000000065bc00000| Untracked 
| 368|0x000000065c000000, 0x000000065c000000, 0x000000065c400000|  0%| F|  |TAMS 0x000000065c000000| PB 0x000000065c000000| Untracked 
| 369|0x000000065c400000, 0x000000065c400000, 0x000000065c800000|  0%| F|  |TAMS 0x000000065c400000| PB 0x000000065c400000| Untracked 
| 370|0x000000065c800000, 0x000000065c800000, 0x000000065cc00000|  0%| F|  |TAMS 0x000000065c800000| PB 0x000000065c800000| Untracked 
| 371|0x000000065cc00000, 0x000000065cc00000, 0x000000065d000000|  0%| F|  |TAMS 0x000000065cc00000| PB 0x000000065cc00000| Untracked 
| 372|0x000000065d000000, 0x000000065d000000, 0x000000065d400000|  0%| F|  |TAMS 0x000000065d000000| PB 0x000000065d000000| Untracked 
| 373|0x000000065d400000, 0x000000065d400000, 0x000000065d800000|  0%| F|  |TAMS 0x000000065d400000| PB 0x000000065d400000| Untracked 
| 374|0x000000065d800000, 0x000000065d800000, 0x000000065dc00000|  0%| F|  |TAMS 0x000000065d800000| PB 0x000000065d800000| Untracked 
| 375|0x000000065dc00000, 0x000000065dc00000, 0x000000065e000000|  0%| F|  |TAMS 0x000000065dc00000| PB 0x000000065dc00000| Untracked 
| 376|0x000000065e000000, 0x000000065e000000, 0x000000065e400000|  0%| F|  |TAMS 0x000000065e000000| PB 0x000000065e000000| Untracked 
| 377|0x000000065e400000, 0x000000065e400000, 0x000000065e800000|  0%| F|  |TAMS 0x000000065e400000| PB 0x000000065e400000| Untracked 
| 378|0x000000065e800000, 0x000000065e800000, 0x000000065ec00000|  0%| F|  |TAMS 0x000000065e800000| PB 0x000000065e800000| Untracked 
| 379|0x000000065ec00000, 0x000000065ec00000, 0x000000065f000000|  0%| F|  |TAMS 0x000000065ec00000| PB 0x000000065ec00000| Untracked 
| 380|0x000000065f000000, 0x000000065f000000, 0x000000065f400000|  0%| F|  |TAMS 0x000000065f000000| PB 0x000000065f000000| Untracked 
| 381|0x000000065f400000, 0x000000065f400000, 0x000000065f800000|  0%| F|  |TAMS 0x000000065f400000| PB 0x000000065f400000| Untracked 
| 382|0x000000065f800000, 0x000000065f800000, 0x000000065fc00000|  0%| F|  |TAMS 0x000000065f800000| PB 0x000000065f800000| Untracked 
| 383|0x000000065fc00000, 0x000000065fc00000, 0x0000000660000000|  0%| F|  |TAMS 0x000000065fc00000| PB 0x000000065fc00000| Untracked 
| 384|0x0000000660000000, 0x0000000660000000, 0x0000000660400000|  0%| F|  |TAMS 0x0000000660000000| PB 0x0000000660000000| Untracked 
| 385|0x0000000660400000, 0x0000000660400000, 0x0000000660800000|  0%| F|  |TAMS 0x0000000660400000| PB 0x0000000660400000| Untracked 
| 386|0x0000000660800000, 0x0000000660800000, 0x0000000660c00000|  0%| F|  |TAMS 0x0000000660800000| PB 0x0000000660800000| Untracked 
| 387|0x0000000660c00000, 0x0000000660c00000, 0x0000000661000000|  0%| F|  |TAMS 0x0000000660c00000| PB 0x0000000660c00000| Untracked 
| 388|0x0000000661000000, 0x0000000661000000, 0x0000000661400000|  0%| F|  |TAMS 0x0000000661000000| PB 0x0000000661000000| Untracked 
| 389|0x0000000661400000, 0x0000000661400000, 0x0000000661800000|  0%| F|  |TAMS 0x0000000661400000| PB 0x0000000661400000| Untracked 
| 390|0x0000000661800000, 0x0000000661800000, 0x0000000661c00000|  0%| F|  |TAMS 0x0000000661800000| PB 0x0000000661800000| Untracked 
| 391|0x0000000661c00000, 0x0000000661c00000, 0x0000000662000000|  0%| F|  |TAMS 0x0000000661c00000| PB 0x0000000661c00000| Untracked 
| 392|0x0000000662000000, 0x0000000662000000, 0x0000000662400000|  0%| F|  |TAMS 0x0000000662000000| PB 0x0000000662000000| Untracked 
| 393|0x0000000662400000, 0x0000000662400000, 0x0000000662800000|  0%| F|  |TAMS 0x0000000662400000| PB 0x0000000662400000| Untracked 
| 394|0x0000000662800000, 0x0000000662800000, 0x0000000662c00000|  0%| F|  |TAMS 0x0000000662800000| PB 0x0000000662800000| Untracked 
| 395|0x0000000662c00000, 0x0000000662c00000, 0x0000000663000000|  0%| F|  |TAMS 0x0000000662c00000| PB 0x0000000662c00000| Untracked 
| 396|0x0000000663000000, 0x0000000663000000, 0x0000000663400000|  0%| F|  |TAMS 0x0000000663000000| PB 0x0000000663000000| Untracked 
| 397|0x0000000663400000, 0x0000000663400000, 0x0000000663800000|  0%| F|  |TAMS 0x0000000663400000| PB 0x0000000663400000| Untracked 
| 398|0x0000000663800000, 0x0000000663800000, 0x0000000663c00000|  0%| F|  |TAMS 0x0000000663800000| PB 0x0000000663800000| Untracked 
| 399|0x0000000663c00000, 0x0000000663c00000, 0x0000000664000000|  0%| F|  |TAMS 0x0000000663c00000| PB 0x0000000663c00000| Untracked 
| 400|0x0000000664000000, 0x0000000664000000, 0x0000000664400000|  0%| F|  |TAMS 0x0000000664000000| PB 0x0000000664000000| Untracked 
| 401|0x0000000664400000, 0x0000000664400000, 0x0000000664800000|  0%| F|  |TAMS 0x0000000664400000| PB 0x0000000664400000| Untracked 
| 402|0x0000000664800000, 0x0000000664800000, 0x0000000664c00000|  0%| F|  |TAMS 0x0000000664800000| PB 0x0000000664800000| Untracked 
| 403|0x0000000664c00000, 0x0000000664c00000, 0x0000000665000000|  0%| F|  |TAMS 0x0000000664c00000| PB 0x0000000664c00000| Untracked 
| 404|0x0000000665000000, 0x0000000665000000, 0x0000000665400000|  0%| F|  |TAMS 0x0000000665000000| PB 0x0000000665000000| Untracked 
| 405|0x0000000665400000, 0x0000000665400000, 0x0000000665800000|  0%| F|  |TAMS 0x0000000665400000| PB 0x0000000665400000| Untracked 
| 406|0x0000000665800000, 0x0000000665800000, 0x0000000665c00000|  0%| F|  |TAMS 0x0000000665800000| PB 0x0000000665800000| Untracked 
| 407|0x0000000665c00000, 0x0000000665c00000, 0x0000000666000000|  0%| F|  |TAMS 0x0000000665c00000| PB 0x0000000665c00000| Untracked 
| 408|0x0000000666000000, 0x0000000666000000, 0x0000000666400000|  0%| F|  |TAMS 0x0000000666000000| PB 0x0000000666000000| Untracked 
| 409|0x0000000666400000, 0x0000000666400000, 0x0000000666800000|  0%| F|  |TAMS 0x0000000666400000| PB 0x0000000666400000| Untracked 
| 410|0x0000000666800000, 0x0000000666800000, 0x0000000666c00000|  0%| F|  |TAMS 0x0000000666800000| PB 0x0000000666800000| Untracked 
| 411|0x0000000666c00000, 0x0000000666c00000, 0x0000000667000000|  0%| F|  |TAMS 0x0000000666c00000| PB 0x0000000666c00000| Untracked 
| 412|0x0000000667000000, 0x0000000667000000, 0x0000000667400000|  0%| F|  |TAMS 0x0000000667000000| PB 0x0000000667000000| Untracked 
| 413|0x0000000667400000, 0x0000000667400000, 0x0000000667800000|  0%| F|  |TAMS 0x0000000667400000| PB 0x0000000667400000| Untracked 
| 414|0x0000000667800000, 0x0000000667800000, 0x0000000667c00000|  0%| F|  |TAMS 0x0000000667800000| PB 0x0000000667800000| Untracked 
| 415|0x0000000667c00000, 0x0000000667c00000, 0x0000000668000000|  0%| F|  |TAMS 0x0000000667c00000| PB 0x0000000667c00000| Untracked 
| 416|0x0000000668000000, 0x0000000668000000, 0x0000000668400000|  0%| F|  |TAMS 0x0000000668000000| PB 0x0000000668000000| Untracked 
| 417|0x0000000668400000, 0x0000000668400000, 0x0000000668800000|  0%| F|  |TAMS 0x0000000668400000| PB 0x0000000668400000| Untracked 
| 418|0x0000000668800000, 0x0000000668800000, 0x0000000668c00000|  0%| F|  |TAMS 0x0000000668800000| PB 0x0000000668800000| Untracked 
| 419|0x0000000668c00000, 0x0000000668c00000, 0x0000000669000000|  0%| F|  |TAMS 0x0000000668c00000| PB 0x0000000668c00000| Untracked 
| 420|0x0000000669000000, 0x0000000669000000, 0x0000000669400000|  0%| F|  |TAMS 0x0000000669000000| PB 0x0000000669000000| Untracked 
| 421|0x0000000669400000, 0x0000000669400000, 0x0000000669800000|  0%| F|  |TAMS 0x0000000669400000| PB 0x0000000669400000| Untracked 
| 422|0x0000000669800000, 0x0000000669800000, 0x0000000669c00000|  0%| F|  |TAMS 0x0000000669800000| PB 0x0000000669800000| Untracked 
| 423|0x0000000669c00000, 0x0000000669c00000, 0x000000066a000000|  0%| F|  |TAMS 0x0000000669c00000| PB 0x0000000669c00000| Untracked 
| 424|0x000000066a000000, 0x000000066a000000, 0x000000066a400000|  0%| F|  |TAMS 0x000000066a000000| PB 0x000000066a000000| Untracked 
| 425|0x000000066a400000, 0x000000066a400000, 0x000000066a800000|  0%| F|  |TAMS 0x000000066a400000| PB 0x000000066a400000| Untracked 
| 426|0x000000066a800000, 0x000000066a800000, 0x000000066ac00000|  0%| F|  |TAMS 0x000000066a800000| PB 0x000000066a800000| Untracked 
| 427|0x000000066ac00000, 0x000000066ac00000, 0x000000066b000000|  0%| F|  |TAMS 0x000000066ac00000| PB 0x000000066ac00000| Untracked 
| 428|0x000000066b000000, 0x000000066b000000, 0x000000066b400000|  0%| F|  |TAMS 0x000000066b000000| PB 0x000000066b000000| Untracked 
| 429|0x000000066b400000, 0x000000066b400000, 0x000000066b800000|  0%| F|  |TAMS 0x000000066b400000| PB 0x000000066b400000| Untracked 
| 430|0x000000066b800000, 0x000000066b800000, 0x000000066bc00000|  0%| F|  |TAMS 0x000000066b800000| PB 0x000000066b800000| Untracked 
| 431|0x000000066bc00000, 0x000000066bc00000, 0x000000066c000000|  0%| F|  |TAMS 0x000000066bc00000| PB 0x000000066bc00000| Untracked 
| 432|0x000000066c000000, 0x000000066c000000, 0x000000066c400000|  0%| F|  |TAMS 0x000000066c000000| PB 0x000000066c000000| Untracked 
| 433|0x000000066c400000, 0x000000066c400000, 0x000000066c800000|  0%| F|  |TAMS 0x000000066c400000| PB 0x000000066c400000| Untracked 
| 434|0x000000066c800000, 0x000000066c800000, 0x000000066cc00000|  0%| F|  |TAMS 0x000000066c800000| PB 0x000000066c800000| Untracked 
| 435|0x000000066cc00000, 0x000000066cc00000, 0x000000066d000000|  0%| F|  |TAMS 0x000000066cc00000| PB 0x000000066cc00000| Untracked 
| 436|0x000000066d000000, 0x000000066d000000, 0x000000066d400000|  0%| F|  |TAMS 0x000000066d000000| PB 0x000000066d000000| Untracked 
| 437|0x000000066d400000, 0x000000066d400000, 0x000000066d800000|  0%| F|  |TAMS 0x000000066d400000| PB 0x000000066d400000| Untracked 
| 438|0x000000066d800000, 0x000000066d800000, 0x000000066dc00000|  0%| F|  |TAMS 0x000000066d800000| PB 0x000000066d800000| Untracked 
| 439|0x000000066dc00000, 0x000000066dc00000, 0x000000066e000000|  0%| F|  |TAMS 0x000000066dc00000| PB 0x000000066dc00000| Untracked 
| 440|0x000000066e000000, 0x000000066e000000, 0x000000066e400000|  0%| F|  |TAMS 0x000000066e000000| PB 0x000000066e000000| Untracked 
| 441|0x000000066e400000, 0x000000066e400000, 0x000000066e800000|  0%| F|  |TAMS 0x000000066e400000| PB 0x000000066e400000| Untracked 
| 442|0x000000066e800000, 0x000000066e800000, 0x000000066ec00000|  0%| F|  |TAMS 0x000000066e800000| PB 0x000000066e800000| Untracked 
| 443|0x000000066ec00000, 0x000000066ec00000, 0x000000066f000000|  0%| F|  |TAMS 0x000000066ec00000| PB 0x000000066ec00000| Untracked 
| 444|0x000000066f000000, 0x000000066f000000, 0x000000066f400000|  0%| F|  |TAMS 0x000000066f000000| PB 0x000000066f000000| Untracked 
| 445|0x000000066f400000, 0x000000066f400000, 0x000000066f800000|  0%| F|  |TAMS 0x000000066f400000| PB 0x000000066f400000| Untracked 
| 446|0x000000066f800000, 0x000000066f800000, 0x000000066fc00000|  0%| F|  |TAMS 0x000000066f800000| PB 0x000000066f800000| Untracked 
| 447|0x000000066fc00000, 0x000000066fc00000, 0x0000000670000000|  0%| F|  |TAMS 0x000000066fc00000| PB 0x000000066fc00000| Untracked 
| 448|0x0000000670000000, 0x0000000670000000, 0x0000000670400000|  0%| F|  |TAMS 0x0000000670000000| PB 0x0000000670000000| Untracked 
| 449|0x0000000670400000, 0x0000000670400000, 0x0000000670800000|  0%| F|  |TAMS 0x0000000670400000| PB 0x0000000670400000| Untracked 
| 450|0x0000000670800000, 0x0000000670800000, 0x0000000670c00000|  0%| F|  |TAMS 0x0000000670800000| PB 0x0000000670800000| Untracked 
| 451|0x0000000670c00000, 0x0000000670c00000, 0x0000000671000000|  0%| F|  |TAMS 0x0000000670c00000| PB 0x0000000670c00000| Untracked 
| 452|0x0000000671000000, 0x0000000671000000, 0x0000000671400000|  0%| F|  |TAMS 0x0000000671000000| PB 0x0000000671000000| Untracked 
| 453|0x0000000671400000, 0x0000000671400000, 0x0000000671800000|  0%| F|  |TAMS 0x0000000671400000| PB 0x0000000671400000| Untracked 
| 454|0x0000000671800000, 0x0000000671800000, 0x0000000671c00000|  0%| F|  |TAMS 0x0000000671800000| PB 0x0000000671800000| Untracked 
| 455|0x0000000671c00000, 0x0000000672000000, 0x0000000672000000|100%| S|CS|TAMS 0x0000000671c00000| PB 0x0000000671c00000| Complete 
| 456|0x0000000672000000, 0x0000000672400000, 0x0000000672400000|100%| S|CS|TAMS 0x0000000672000000| PB 0x0000000672000000| Complete 
| 457|0x0000000672400000, 0x0000000672800000, 0x0000000672800000|100%| S|CS|TAMS 0x0000000672400000| PB 0x0000000672400000| Complete 
| 458|0x0000000672800000, 0x0000000672c00000, 0x0000000672c00000|100%| S|CS|TAMS 0x0000000672800000| PB 0x0000000672800000| Complete 
| 459|0x0000000672c00000, 0x0000000673000000, 0x0000000673000000|100%| S|CS|TAMS 0x0000000672c00000| PB 0x0000000672c00000| Complete 
| 460|0x0000000673000000, 0x0000000673000000, 0x0000000673400000|  0%| F|  |TAMS 0x0000000673000000| PB 0x0000000673000000| Untracked 
| 461|0x0000000673400000, 0x0000000673400000, 0x0000000673800000|  0%| F|  |TAMS 0x0000000673400000| PB 0x0000000673400000| Untracked 
| 462|0x0000000673800000, 0x0000000673800000, 0x0000000673c00000|  0%| F|  |TAMS 0x0000000673800000| PB 0x0000000673800000| Untracked 
| 463|0x0000000673c00000, 0x0000000673c00000, 0x0000000674000000|  0%| F|  |TAMS 0x0000000673c00000| PB 0x0000000673c00000| Untracked 
| 464|0x0000000674000000, 0x0000000674000000, 0x0000000674400000|  0%| F|  |TAMS 0x0000000674000000| PB 0x0000000674000000| Untracked 
| 465|0x0000000674400000, 0x0000000674400000, 0x0000000674800000|  0%| F|  |TAMS 0x0000000674400000| PB 0x0000000674400000| Untracked 
| 466|0x0000000674800000, 0x0000000674800000, 0x0000000674c00000|  0%| F|  |TAMS 0x0000000674800000| PB 0x0000000674800000| Untracked 
| 467|0x0000000674c00000, 0x0000000674c00000, 0x0000000675000000|  0%| F|  |TAMS 0x0000000674c00000| PB 0x0000000674c00000| Untracked 
| 468|0x0000000675000000, 0x0000000675000000, 0x0000000675400000|  0%| F|  |TAMS 0x0000000675000000| PB 0x0000000675000000| Untracked 
| 469|0x0000000675400000, 0x0000000675400000, 0x0000000675800000|  0%| F|  |TAMS 0x0000000675400000| PB 0x0000000675400000| Untracked 
| 470|0x0000000675800000, 0x0000000675823808, 0x0000000675c00000|  3%| E|  |TAMS 0x0000000675800000| PB 0x0000000675800000| Complete 
| 471|0x0000000675c00000, 0x0000000676000000, 0x0000000676000000|100%| E|CS|TAMS 0x0000000675c00000| PB 0x0000000675c00000| Complete 
| 472|0x0000000676000000, 0x0000000676400000, 0x0000000676400000|100%| E|  |TAMS 0x0000000676000000| PB 0x0000000676000000| Complete 
| 473|0x0000000676400000, 0x0000000676800000, 0x0000000676800000|100%| E|CS|TAMS 0x0000000676400000| PB 0x0000000676400000| Complete 
| 474|0x0000000676800000, 0x0000000676c00000, 0x0000000676c00000|100%| E|CS|TAMS 0x0000000676800000| PB 0x0000000676800000| Complete 
| 475|0x0000000676c00000, 0x0000000677000000, 0x0000000677000000|100%| E|CS|TAMS 0x0000000676c00000| PB 0x0000000676c00000| Complete 
| 476|0x0000000677000000, 0x0000000677400000, 0x0000000677400000|100%| E|CS|TAMS 0x0000000677000000| PB 0x0000000677000000| Complete 
| 477|0x0000000677400000, 0x0000000677800000, 0x0000000677800000|100%| E|CS|TAMS 0x0000000677400000| PB 0x0000000677400000| Complete 
| 478|0x0000000677800000, 0x0000000677c00000, 0x0000000677c00000|100%| E|CS|TAMS 0x0000000677800000| PB 0x0000000677800000| Complete 
| 479|0x0000000677c00000, 0x0000000678000000, 0x0000000678000000|100%| E|CS|TAMS 0x0000000677c00000| PB 0x0000000677c00000| Complete 
| 480|0x0000000678000000, 0x0000000678400000, 0x0000000678400000|100%| E|CS|TAMS 0x0000000678000000| PB 0x0000000678000000| Complete 
| 481|0x0000000678400000, 0x0000000678800000, 0x0000000678800000|100%| E|CS|TAMS 0x0000000678400000| PB 0x0000000678400000| Complete 
| 482|0x0000000678800000, 0x0000000678c00000, 0x0000000678c00000|100%| E|CS|TAMS 0x0000000678800000| PB 0x0000000678800000| Complete 
| 483|0x0000000678c00000, 0x0000000679000000, 0x0000000679000000|100%| E|CS|TAMS 0x0000000678c00000| PB 0x0000000678c00000| Complete 
| 484|0x0000000679000000, 0x0000000679400000, 0x0000000679400000|100%| E|CS|TAMS 0x0000000679000000| PB 0x0000000679000000| Complete 
| 485|0x0000000679400000, 0x0000000679800000, 0x0000000679800000|100%| E|CS|TAMS 0x0000000679400000| PB 0x0000000679400000| Complete 
| 486|0x0000000679800000, 0x0000000679c00000, 0x0000000679c00000|100%| E|CS|TAMS 0x0000000679800000| PB 0x0000000679800000| Complete 
| 487|0x0000000679c00000, 0x000000067a000000, 0x000000067a000000|100%| E|CS|TAMS 0x0000000679c00000| PB 0x0000000679c00000| Complete 
| 488|0x000000067a000000, 0x000000067a400000, 0x000000067a400000|100%| E|CS|TAMS 0x000000067a000000| PB 0x000000067a000000| Complete 
| 489|0x000000067a400000, 0x000000067a800000, 0x000000067a800000|100%| E|CS|TAMS 0x000000067a400000| PB 0x000000067a400000| Complete 
| 490|0x000000067a800000, 0x000000067ac00000, 0x000000067ac00000|100%| E|CS|TAMS 0x000000067a800000| PB 0x000000067a800000| Complete 
| 491|0x000000067ac00000, 0x000000067b000000, 0x000000067b000000|100%| E|CS|TAMS 0x000000067ac00000| PB 0x000000067ac00000| Complete 
| 492|0x000000067b000000, 0x000000067b400000, 0x000000067b400000|100%| E|CS|TAMS 0x000000067b000000| PB 0x000000067b000000| Complete 
| 493|0x000000067b400000, 0x000000067b800000, 0x000000067b800000|100%| E|CS|TAMS 0x000000067b400000| PB 0x000000067b400000| Complete 
| 494|0x000000067b800000, 0x000000067bc00000, 0x000000067bc00000|100%| E|CS|TAMS 0x000000067b800000| PB 0x000000067b800000| Complete 
| 495|0x000000067bc00000, 0x000000067c000000, 0x000000067c000000|100%| E|CS|TAMS 0x000000067bc00000| PB 0x000000067bc00000| Complete 
| 496|0x000000067c000000, 0x000000067c400000, 0x000000067c400000|100%| E|CS|TAMS 0x000000067c000000| PB 0x000000067c000000| Complete 
| 497|0x000000067c400000, 0x000000067c800000, 0x000000067c800000|100%| E|CS|TAMS 0x000000067c400000| PB 0x000000067c400000| Complete 
| 498|0x000000067c800000, 0x000000067cc00000, 0x000000067cc00000|100%| E|CS|TAMS 0x000000067c800000| PB 0x000000067c800000| Complete 
|2046|0x00000007ff800000, 0x00000007ffc00000, 0x00000007ffc00000|100%| E|CS|TAMS 0x00000007ff800000| PB 0x00000007ff800000| Complete 
|2047|0x00000007ffc00000, 0x0000000800000000, 0x0000000800000000|100%| O|  |TAMS 0x00000007ffc00000| PB 0x00000007ffc00000| Untracked 

Card table byte_map: [0x0000026766460000,0x0000026767460000] _byte_map_base: 0x0000026763460000

Marking Bits: (CMBitMap*) 0x0000026741c370e0
 Bits: [0x0000026767460000, 0x000002676f460000)

Polling page: 0x000002673fab0000

Metaspace:

Usage:
  Non-class:    218.27 MB used.
      Class:     30.72 MB used.
       Both:    249.00 MB used.

Virtual space:
  Non-class space:      256.00 MB reserved,     219.94 MB ( 86%) committed,  4 nodes.
      Class space:        1.00 GB reserved,      32.31 MB (  3%) committed,  1 nodes.
             Both:        1.25 GB reserved,     252.25 MB ( 20%) committed. 

Chunk freelists:
   Non-Class:  3.25 MB
       Class:  15.73 MB
        Both:  18.98 MB

MaxMetaspaceSize: 4.00 GB
CompressedClassSpaceSize: 1.00 GB
Initial GC threshold: 21.00 MB
Current GC threshold: 285.88 MB
CDS: off
 - commit_granule_bytes: 65536.
 - commit_granule_words: 8192.
 - virtual_space_node_default_size: 8388608.
 - enlarge_chunks_in_place: 1.
 - use_allocation_guard: 0.


Internal statistics:

num_allocs_failed_limit: 12.
num_arena_births: 5876.
num_arena_deaths: 0.
num_vsnodes_births: 5.
num_vsnodes_deaths: 0.
num_space_committed: 4029.
num_space_uncommitted: 0.
num_chunks_returned_to_freelist: 12.
num_chunks_taken_from_freelist: 17497.
num_chunk_merges: 12.
num_chunk_splits: 11434.
num_chunks_enlarged: 7083.
num_inconsistent_stats: 0.

CodeHeap 'non-profiled nmethods': size=259264Kb used=32435Kb max_used=32435Kb free=226828Kb
 bounds [0x0000026754fa0000, 0x0000026756f50000, 0x0000026764cd0000]
CodeHeap 'profiled nmethods': size=259264Kb used=74012Kb max_used=74012Kb free=185251Kb
 bounds [0x0000026744cd0000, 0x0000026749520000, 0x0000026754a00000]
CodeHeap 'non-nmethods': size=5760Kb used=3237Kb max_used=3337Kb free=2522Kb
 bounds [0x0000026754a00000, 0x0000026754d50000, 0x0000026754fa0000]
 total_blobs=33767 nmethods=32504 adapters=1165
 compilation: enabled
              stopped_count=0, restarted_count=0
 full_count=0

Compilation events (20 events):
Event: 1217.842 Thread 0x00000267722cb4b0 41153       3       com.intellij.pom.java.JavaFeature::isSufficient (63 bytes)
Event: 1217.844 Thread 0x00000267722cb4b0 nmethod 41153 0x0000026749509210 code [0x0000026749509420, 0x00000267495099a0]
Event: 1217.844 Thread 0x00000267722cb4b0 41158       1       com.intellij.lang.impl.PsiBuilderImpl::access$1500 (5 bytes)
Event: 1217.844 Thread 0x00000267722cb4b0 nmethod 41158 0x0000026756f46310 code [0x0000026756f464a0, 0x0000026756f46550]
Event: 1217.844 Thread 0x00000267722cb4b0 41154       3       com.intellij.lang.java.parser.BasicJavaParserUtil::getLanguageLevel (42 bytes)
Event: 1217.844 Thread 0x00000267722cb4b0 nmethod 41154 0x0000026749509b90 code [0x0000026749509d60, 0x000002674950a0a8]
Event: 1217.844 Thread 0x00000267722cb4b0 41155       3       com.intellij.lang.impl.PsiBuilderImpl::getUserData (29 bytes)
Event: 1217.845 Thread 0x00000267722cb4b0 nmethod 41155 0x000002674950a190 code [0x000002674950a360, 0x000002674950a590]
Event: 1217.845 Thread 0x00000267722cb4b0 41156       3       com.intellij.openapi.util.UnprotectedUserDataHolder::getUserData (57 bytes)
Event: 1217.846 Thread 0x00000267722cb4b0 nmethod 41156 0x000002674950a690 code [0x000002674950a8a0, 0x000002674950afd0]
Event: 1217.846 Thread 0x00000267722cb4b0 41157       3       com.intellij.lang.impl.PsiBuilderAdapter::getUserData (20 bytes)
Event: 1217.846 Thread 0x00000267722cb4b0 nmethod 41157 0x000002674950b190 code [0x000002674950b360, 0x000002674950b5c0]
Event: 1217.851 Thread 0x000002670ba847c0 nmethod 41089 0x0000026756f46610 code [0x0000026756f467e0, 0x0000026756f46b90]
Event: 1217.851 Thread 0x000002670ba847c0 41141       4       com.intellij.lang.java.lexer._JavaLexer::zzCMap (34 bytes)
Event: 1217.852 Thread 0x000002670ba847c0 nmethod 41141 0x0000026756f46e90 code [0x0000026756f47020, 0x0000026756f470b8]
Event: 1217.852 Thread 0x000002670ba847c0 41159       4       com.intellij.lang.impl.PsiBuilderImpl::isWhitespaceOrComment (37 bytes)
Event: 1217.859 Thread 0x000002670ba847c0 nmethod 41159 0x0000026756f47190 code [0x0000026756f47340, 0x0000026756f47610]
Event: 1217.859 Thread 0x000002670ba847c0 41101       4       com.intellij.psi.impl.source.tree.JavaElementType$$Lambda/0x0000000801f162a0::get (4 bytes)
Event: 1217.872 Thread 0x000002670ba847c0 nmethod 41101 0x0000026756f47890 code [0x0000026756f47a40, 0x0000026756f47ee8]
Event: 1217.875 Thread 0x000002670ba847c0 41160       4       com.intellij.lang.impl.MarkerProduction::findLinearly (44 bytes)

GC Heap History (20 events):
Event: 1081.071 GC heap before
{Heap before GC invocations=74 (full 0):
 garbage-first heap   total 2052096K, used 473767K [0x0000000600000000, 0x0000000800000000)
  region size 4096K, 25 young (102400K), 2 survivors (8192K)
 Metaspace       used 176714K, committed 179840K, reserved 1245184K
  class space    used 22736K, committed 24256K, reserved 1048576K
}
Event: 1082.102 GC heap after
{Heap after GC invocations=75 (full 0):
 garbage-first heap   total 2052096K, used 378521K [0x0000000600000000, 0x0000000800000000)
  region size 4096K, 3 young (12288K), 3 survivors (12288K)
 Metaspace       used 176714K, committed 179840K, reserved 1245184K
  class space    used 22736K, committed 24256K, reserved 1048576K
}
Event: 1107.349 GC heap before
{Heap before GC invocations=75 (full 0):
 garbage-first heap   total 2052096K, used 464537K [0x0000000600000000, 0x0000000800000000)
  region size 4096K, 25 young (102400K), 3 survivors (12288K)
 Metaspace       used 177455K, committed 180608K, reserved 1245184K
  class space    used 22775K, committed 24320K, reserved 1048576K
}
Event: 1107.685 GC heap after
{Heap after GC invocations=76 (full 0):
 garbage-first heap   total 2052096K, used 388298K [0x0000000600000000, 0x0000000800000000)
  region size 4096K, 4 young (16384K), 4 survivors (16384K)
 Metaspace       used 177455K, committed 180608K, reserved 1245184K
  class space    used 22775K, committed 24320K, reserved 1048576K
}
Event: 1141.955 GC heap before
{Heap before GC invocations=76 (full 0):
 garbage-first heap   total 2052096K, used 654538K [0x0000000600000000, 0x0000000800000000)
  region size 4096K, 67 young (274432K), 4 survivors (16384K)
 Metaspace       used 182507K, committed 185664K, reserved 1245184K
  class space    used 23208K, committed 24768K, reserved 1048576K
}
Event: 1142.097 GC heap after
{Heap after GC invocations=77 (full 0):
 garbage-first heap   total 2052096K, used 413696K [0x0000000600000000, 0x0000000800000000)
  region size 4096K, 9 young (36864K), 9 survivors (36864K)
 Metaspace       used 182507K, committed 185664K, reserved 1245184K
  class space    used 23208K, committed 24768K, reserved 1048576K
}
Event: 1158.970 GC heap before
{Heap before GC invocations=77 (full 0):
 garbage-first heap   total 2052096K, used 651264K [0x0000000600000000, 0x0000000800000000)
  region size 4096K, 68 young (278528K), 9 survivors (36864K)
 Metaspace       used 184488K, committed 187712K, reserved 1245184K
  class space    used 23402K, committed 24960K, reserved 1048576K
}
Event: 1159.177 GC heap after
{Heap after GC invocations=78 (full 0):
 garbage-first heap   total 2052096K, used 421948K [0x0000000600000000, 0x0000000800000000)
  region size 4096K, 5 young (20480K), 5 survivors (20480K)
 Metaspace       used 184488K, committed 187712K, reserved 1245184K
  class space    used 23402K, committed 24960K, reserved 1048576K
}
Event: 1174.675 GC heap before
{Heap before GC invocations=78 (full 0):
 garbage-first heap   total 2052096K, used 684092K [0x0000000600000000, 0x0000000800000000)
  region size 4096K, 70 young (286720K), 5 survivors (20480K)
 Metaspace       used 187374K, committed 190592K, reserved 1245184K
  class space    used 23713K, committed 25280K, reserved 1048576K
}
Event: 1174.788 GC heap after
{Heap after GC invocations=79 (full 0):
 garbage-first heap   total 2052096K, used 436160K [0x0000000600000000, 0x0000000800000000)
  region size 4096K, 9 young (36864K), 9 survivors (36864K)
 Metaspace       used 187374K, committed 190592K, reserved 1245184K
  class space    used 23713K, committed 25280K, reserved 1048576K
}
Event: 1190.914 GC heap before
{Heap before GC invocations=79 (full 0):
 garbage-first heap   total 2052096K, used 698304K [0x0000000600000000, 0x0000000800000000)
  region size 4096K, 71 young (290816K), 9 survivors (36864K)
 Metaspace       used 206160K, committed 209408K, reserved 1245184K
  class space    used 25313K, committed 26880K, reserved 1048576K
}
Event: 1191.246 GC heap after
{Heap after GC invocations=80 (full 0):
 garbage-first heap   total 2052096K, used 463193K [0x0000000600000000, 0x0000000800000000)
  region size 4096K, 8 young (32768K), 8 survivors (32768K)
 Metaspace       used 206160K, committed 209408K, reserved 1245184K
  class space    used 25313K, committed 26880K, reserved 1048576K
}
Event: 1195.641 GC heap before
{Heap before GC invocations=80 (full 0):
 garbage-first heap   total 2052096K, used 532825K [0x0000000600000000, 0x0000000800000000)
  region size 4096K, 26 young (106496K), 8 survivors (32768K)
 Metaspace       used 220935K, committed 224320K, reserved 1310720K
  class space    used 26868K, committed 28480K, reserved 1048576K
}
Event: 1195.812 GC heap after
{Heap after GC invocations=81 (full 0):
 garbage-first heap   total 2052096K, used 468367K [0x0000000600000000, 0x0000000800000000)
  region size 4096K, 2 young (8192K), 2 survivors (8192K)
 Metaspace       used 220935K, committed 224320K, reserved 1310720K
  class space    used 26868K, committed 28480K, reserved 1048576K
}
Event: 1208.805 GC heap before
{Heap before GC invocations=81 (full 0):
 garbage-first heap   total 2052096K, used 1082767K [0x0000000600000000, 0x0000000800000000)
  region size 4096K, 153 young (626688K), 2 survivors (8192K)
 Metaspace       used 237862K, committed 241216K, reserved 1310720K
  class space    used 28789K, committed 30400K, reserved 1048576K
}
Event: 1209.413 GC heap after
{Heap after GC invocations=82 (full 0):
 garbage-first heap   total 2052096K, used 543778K [0x0000000600000000, 0x0000000800000000)
  region size 4096K, 20 young (81920K), 20 survivors (81920K)
 Metaspace       used 237862K, committed 241216K, reserved 1310720K
  class space    used 28789K, committed 30400K, reserved 1048576K
}
Event: 1209.452 GC heap before
{Heap before GC invocations=82 (full 0):
 garbage-first heap   total 2052096K, used 564258K [0x0000000600000000, 0x0000000800000000)
  region size 4096K, 25 young (102400K), 20 survivors (81920K)
 Metaspace       used 237864K, committed 241216K, reserved 1310720K
  class space    used 28790K, committed 30400K, reserved 1048576K
}
Event: 1210.130 GC heap after
{Heap after GC invocations=83 (full 0):
 garbage-first heap   total 2052096K, used 555245K [0x0000000600000000, 0x0000000800000000)
  region size 4096K, 3 young (12288K), 3 survivors (12288K)
 Metaspace       used 237864K, committed 241216K, reserved 1310720K
  class space    used 28790K, committed 30400K, reserved 1048576K
}
Event: 1211.195 GC heap before
{Heap before GC invocations=83 (full 0):
 garbage-first heap   total 2052096K, used 706797K [0x0000000600000000, 0x0000000800000000)
  region size 4096K, 40 young (163840K), 3 survivors (12288K)
 Metaspace       used 240212K, committed 243520K, reserved 1310720K
  class space    used 29138K, committed 30720K, reserved 1048576K
}
Event: 1211.235 GC heap after
{Heap after GC invocations=84 (full 0):
 garbage-first heap   total 2052096K, used 565248K [0x0000000600000000, 0x0000000800000000)
  region size 4096K, 5 young (20480K), 5 survivors (20480K)
 Metaspace       used 240212K, committed 243520K, reserved 1310720K
  class space    used 29138K, committed 30720K, reserved 1048576K
}

Dll operation events (3 events):
Event: 0.014 Loaded shared library C:\Program Files\Android\Android Studio\jbr\bin\java.dll
Event: 0.018 Loaded shared library C:\Program Files\Android\Android Studio\jbr\bin\zip.dll
Event: 0.405 Loaded shared library C:\Program Files\Android\Android Studio\jbr\bin\verify.dll

Deoptimization events (20 events):
Event: 1216.405 Thread 0x000002677bb8f450 DEOPT PACKING pc=0x0000026756efa5cc sp=0x000000f4f3dfcdd0
Event: 1216.405 Thread 0x000002677bb8f450 DEOPT UNPACKING pc=0x0000026754a546a2 sp=0x000000f4f3dfcc90 mode 2
Event: 1216.405 Thread 0x000002677bb8f450 Uncommon trap: trap_request=0xffffffde fr.pc=0x0000026756eed4bc relative=0x00000000000002bc
Event: 1216.405 Thread 0x000002677bb8f450 Uncommon trap: reason=class_check action=maybe_recompile pc=0x0000026756eed4bc method=com.intellij.util.text.ImmutableText.charAt(I)C @ 46 c2
Event: 1216.405 Thread 0x000002677bb8f450 DEOPT PACKING pc=0x0000026756eed4bc sp=0x000000f4f3dfcd30
Event: 1216.405 Thread 0x000002677bb8f450 DEOPT UNPACKING pc=0x0000026754a546a2 sp=0x000000f4f3dfcc90 mode 2
Event: 1216.620 Thread 0x000002677b96a8f0 DEOPT PACKING pc=0x0000026749442ed5 sp=0x000000f4f43fc760
Event: 1216.620 Thread 0x000002677b96a8f0 DEOPT UNPACKING pc=0x0000026754a54e42 sp=0x000000f4f43fbbf0 mode 0
Event: 1216.806 Thread 0x000002677b96a8f0 DEOPT PACKING pc=0x0000026749442ed5 sp=0x000000f4f43fc760
Event: 1216.806 Thread 0x000002677b96a8f0 DEOPT UNPACKING pc=0x0000026754a54e42 sp=0x000000f4f43fbbf0 mode 0
Event: 1216.808 Thread 0x000002677b96a8f0 Uncommon trap: trap_request=0xffffff45 fr.pc=0x0000026756f0a6c0 relative=0x00000000000004a0
Event: 1216.808 Thread 0x000002677b96a8f0 Uncommon trap: reason=unstable_if action=reinterpret pc=0x0000026756f0a6c0 method=com.intellij.lang.java.lexer.BasicJavaLexer.locateCharAt(I)C @ 38 c2
Event: 1216.808 Thread 0x000002677b96a8f0 DEOPT PACKING pc=0x0000026756f0a6c0 sp=0x000000f4f43fc690
Event: 1216.808 Thread 0x000002677b96a8f0 DEOPT UNPACKING pc=0x0000026754a546a2 sp=0x000000f4f43fc620 mode 2
Event: 1216.836 Thread 0x000002677b96a8f0 DEOPT PACKING pc=0x0000026749442ed5 sp=0x000000f4f43fc760
Event: 1216.836 Thread 0x000002677b96a8f0 DEOPT UNPACKING pc=0x0000026754a54e42 sp=0x000000f4f43fbbf0 mode 0
Event: 1217.550 Thread 0x0000026706e74110 Uncommon trap: trap_request=0xffffff45 fr.pc=0x0000026756e46df0 relative=0x0000000000000050
Event: 1217.550 Thread 0x0000026706e74110 Uncommon trap: reason=unstable_if action=reinterpret pc=0x0000026756e46df0 method=com.intellij.openapi.progress.ProgressManager.checkCanceled()V @ 5 c2
Event: 1217.550 Thread 0x0000026706e74110 DEOPT PACKING pc=0x0000026756e46df0 sp=0x000000f4f70fd5c0
Event: 1217.550 Thread 0x0000026706e74110 DEOPT UNPACKING pc=0x0000026754a546a2 sp=0x000000f4f70fd558 mode 2

Classes loaded (20 events):
Event: 1195.253 Loading class java/util/concurrent/atomic/AtomicIntegerFieldUpdater$AtomicIntegerFieldUpdaterImpl$1
Event: 1195.253 Loading class java/util/concurrent/atomic/AtomicIntegerFieldUpdater$AtomicIntegerFieldUpdaterImpl$1 done
Event: 1196.109 Loading class java/util/IdentityHashMap$ValueIterator
Event: 1196.111 Loading class java/util/IdentityHashMap$ValueIterator done
Event: 1196.111 Loading class sun/awt/AppContext$PostShutdownEventRunnable
Event: 1196.112 Loading class sun/awt/AppContext$PostShutdownEventRunnable done
Event: 1196.112 Loading class sun/awt/AWTAutoShutdown$1
Event: 1196.113 Loading class sun/awt/AWTAutoShutdown$1 done
Event: 1201.888 Loading class java/nio/file/attribute/UserPrincipalLookupService
Event: 1201.891 Loading class java/nio/file/attribute/UserPrincipalLookupService done
Event: 1202.603 Loading class java/util/concurrent/locks/ReentrantReadWriteLock$Sync$HoldCounter
Event: 1202.604 Loading class java/util/concurrent/locks/ReentrantReadWriteLock$Sync$HoldCounter done
Event: 1208.789 Loading class java/nio/file/FileSystemLoopException
Event: 1210.135 Loading class java/nio/file/FileSystemLoopException done
Event: 1211.271 Loading class sun/nio/cs/UTF_32BE
Event: 1211.275 Loading class sun/nio/cs/UTF_32BE done
Event: 1211.378 Loading class sun/nio/cs/UTF_32LE
Event: 1211.378 Loading class sun/nio/cs/UTF_32LE done
Event: 1211.401 Loading class sun/nio/cs/MS1251
Event: 1211.402 Loading class sun/nio/cs/MS1251 done

Classes unloaded (0 events):
No events

Classes redefined (0 events):
No events

Internal exceptions (20 events):
Event: 1205.800 Thread 0x000002677bb91bb0 Exception <a 'sun/nio/fs/WindowsException'{0x000000066ef34cc0}> (0x000000066ef34cc0) 
thrown [s\src\hotspot\share\prims\jni.cpp, line 535]
Event: 1205.800 Thread 0x000002677bb91bb0 Exception <a 'sun/nio/fs/WindowsException'{0x000000066ef354b0}> (0x000000066ef354b0) 
thrown [s\src\hotspot\share\prims\jni.cpp, line 535]
Event: 1205.801 Thread 0x000002677bb91bb0 Exception <a 'sun/nio/fs/WindowsException'{0x000000066ef35ce0}> (0x000000066ef35ce0) 
thrown [s\src\hotspot\share\prims\jni.cpp, line 535]
Event: 1205.869 Thread 0x000002670565c410 Implicit null exception at 0x0000026756734fb9 to 0x00000267567355ac
Event: 1206.083 Thread 0x000002677cdde970 Exception <a 'java/lang/NoSuchMethodError'{0x000000066a4cf560}: 'long java.lang.invoke.DirectMethodHandle$Holder.invokeVirtual(java.lang.Object, java.lang.Object)'> (0x000000066a4cf560) 
thrown [s\src\hotspot\share\interpreter\linkResolver.cpp, line 784]
Event: 1210.249 Thread 0x000002670565c410 Exception <a 'java/lang/IncompatibleClassChangeError'{0x000000067a487fd0}: Found class java.lang.Object, but interface was expected> (0x000000067a487fd0) 
thrown [s\src\hotspot\share\interpreter\linkResolver.cpp, line 851]
Event: 1210.425 Thread 0x000002677896ea40 Exception <a 'java/lang/IncompatibleClassChangeError'{0x000000067a2231b8}: Found class java.lang.Object, but interface was expected> (0x000000067a2231b8) 
thrown [s\src\hotspot\share\interpreter\linkResolver.cpp, line 851]
Event: 1215.520 Thread 0x000002677bb928d0 Exception <a 'java/lang/NoSuchMethodError'{0x0000000677eb6188}: 'java.lang.Object java.lang.invoke.Invokers$Holder.invokeExact_MT(java.lang.Object, java.lang.Object, long, java.lang.Object)'> (0x0000000677eb6188) 
thrown [s\src\hotspot\share\interpreter\linkResolver.cpp, line 784]
Event: 1215.520 Thread 0x000002670602ca20 Exception <a 'java/lang/NoSuchMethodError'{0x000000067798baa0}: 'java.lang.Object java.lang.invoke.Invokers$Holder.invokeExact_MT(java.lang.Object, java.lang.Object, long, java.lang.Object)'> (0x000000067798baa0) 
thrown [s\src\hotspot\share\interpreter\linkResolver.cpp, line 784]
Event: 1215.527 Thread 0x000002677bb91bb0 Exception <a 'java/lang/NoSuchMethodError'{0x000000067786f1f0}: 'int java.lang.invoke.Invokers$Holder.invokeExact_MT(java.lang.Object, java.lang.Object, long, java.lang.Object, java.lang.Object, java.lang.Object)'> (0x000000067786f1f0) 
thrown [s\src\hotspot\share\interpreter\linkResolver.cpp, line 784]
Event: 1215.534 Thread 0x000002677bb8f450 Exception <a 'java/lang/NoSuchMethodError'{0x0000000677903020}: 'void java.lang.invoke.Invokers$Holder.invokeExact_MT(java.lang.Object, java.lang.Object, long, java.lang.Object, java.lang.Object)'> (0x0000000677903020) 
thrown [s\src\hotspot\share\interpreter\linkResolver.cpp, line 784]
Event: 1215.534 Thread 0x000002677b96a8f0 Exception <a 'java/lang/NoSuchMethodError'{0x0000000677fed0b8}: 'void java.lang.invoke.Invokers$Holder.invokeExact_MT(java.lang.Object, java.lang.Object, long, java.lang.Object, java.lang.Object)'> (0x0000000677fed0b8) 
thrown [s\src\hotspot\share\interpreter\linkResolver.cpp, line 784]
Event: 1215.534 Thread 0x000002677c6b9da0 Exception <a 'java/lang/NoSuchMethodError'{0x000000067804e6c8}: 'void java.lang.invoke.Invokers$Holder.invokeExact_MT(java.lang.Object, java.lang.Object, long, java.lang.Object, java.lang.Object)'> (0x000000067804e6c8) 
thrown [s\src\hotspot\share\interpreter\linkResolver.cpp, line 784]
Event: 1215.535 Thread 0x000002670602ca20 Exception <a 'java/lang/NoSuchMethodError'{0x000000067799a938}: 'void java.lang.invoke.Invokers$Holder.invokeExact_MT(java.lang.Object, java.lang.Object, long, java.lang.Object, java.lang.Object)'> (0x000000067799a938) 
thrown [s\src\hotspot\share\interpreter\linkResolver.cpp, line 784]
Event: 1215.534 Thread 0x000002677bb928d0 Exception <a 'java/lang/NoSuchMethodError'{0x0000000677eb9d38}: 'void java.lang.invoke.Invokers$Holder.invokeExact_MT(java.lang.Object, java.lang.Object, long, java.lang.Object, java.lang.Object)'> (0x0000000677eb9d38) 
thrown [s\src\hotspot\share\interpreter\linkResolver.cpp, line 784]
Event: 1215.562 Thread 0x000002677bb91bb0 Exception <a 'java/lang/NoSuchMethodError'{0x0000000677872e70}: 'void java.lang.invoke.Invokers$Holder.invokeExact_MT(java.lang.Object, java.lang.Object, long, java.lang.Object, java.lang.Object)'> (0x0000000677872e70) 
thrown [s\src\hotspot\share\interpreter\linkResolver.cpp, line 784]
Event: 1215.595 Thread 0x000002677bb8f450 Implicit null exception at 0x0000026756eb717e to 0x0000026756eb7284
Event: 1216.714 Thread 0x000002677cdde970 Exception <a 'sun/nio/fs/WindowsException'{0x000000067692a4b8}> (0x000000067692a4b8) 
thrown [s\src\hotspot\share\prims\jni.cpp, line 535]
Event: 1216.716 Thread 0x000002677cdde970 Exception <a 'sun/nio/fs/WindowsException'{0x000000067692b368}> (0x000000067692b368) 
thrown [s\src\hotspot\share\prims\jni.cpp, line 535]
Event: 1216.716 Thread 0x000002677cdde970 Exception <a 'sun/nio/fs/WindowsException'{0x000000067692b4b8}> (0x000000067692b4b8) 
thrown [s\src\hotspot\share\prims\jni.cpp, line 535]

ZGC Phase Switch (0 events):
No events

VM Operations (20 events):
Event: 1207.702 Executing VM operation: Cleanup
Event: 1208.498 Executing VM operation: Cleanup done
Event: 1208.791 Executing VM operation: G1CollectForAllocation (G1 Evacuation Pause)
Event: 1209.426 Executing VM operation: G1CollectForAllocation (G1 Evacuation Pause) done
Event: 1209.449 Executing VM operation: G1CollectForAllocation (G1 Evacuation Pause)
Event: 1210.131 Executing VM operation: G1CollectForAllocation (G1 Evacuation Pause) done
Event: 1211.136 Executing VM operation: Cleanup
Event: 1211.160 Executing VM operation: Cleanup done
Event: 1211.190 Executing VM operation: G1CollectForAllocation (G1 Evacuation Pause)
Event: 1211.237 Executing VM operation: G1CollectForAllocation (G1 Evacuation Pause) done
Event: 1213.247 Executing VM operation: Cleanup
Event: 1213.251 Executing VM operation: Cleanup done
Event: 1214.255 Executing VM operation: Cleanup
Event: 1214.778 Executing VM operation: Cleanup done
Event: 1214.785 Executing VM operation: HandshakeAllThreads (Deoptimize)
Event: 1214.792 Executing VM operation: HandshakeAllThreads (Deoptimize) done
Event: 1215.799 Executing VM operation: Cleanup
Event: 1215.904 Executing VM operation: Cleanup done
Event: 1216.913 Executing VM operation: Cleanup
Event: 1216.989 Executing VM operation: Cleanup done

Events (20 events):
Event: 1198.853 Thread 0x000002670c83f8a0 Thread added: 0x000002670c83f8a0
Event: 1198.888 Thread 0x000002670602eaf0 Thread added: 0x000002670602eaf0
Event: 1199.260 Thread 0x000002677b96af80 Thread exited: 0x000002677b96af80
Event: 1199.568 Thread 0x000002670c8405c0 Thread added: 0x000002670c8405c0
Event: 1199.572 Thread 0x000002670c83ff30 Thread added: 0x000002670c83ff30
Event: 1199.612 Thread 0x0000026706e733f0 Thread added: 0x0000026706e733f0
Event: 1199.620 Thread 0x000002677b96af80 Thread added: 0x000002677b96af80
Event: 1199.622 Thread 0x0000026706e74e30 Thread added: 0x0000026706e74e30
Event: 1203.937 Thread 0x000002677c6bb7e0 Thread exited: 0x000002677c6bb7e0
Event: 1204.042 Thread 0x000002670ba83a20 Thread added: 0x000002670ba83a20
Event: 1204.285 Thread 0x000002670ba83a20 Thread exited: 0x000002670ba83a20
Event: 1204.701 Thread 0x000002670ba80a70 Thread added: 0x000002670ba80a70
Event: 1205.380 Thread 0x000002670ba80a70 Thread exited: 0x000002670ba80a70
Event: 1205.939 Thread 0x000002670ba840f0 Thread added: 0x000002670ba840f0
Event: 1207.174 Thread 0x000002670ba840f0 Thread exited: 0x000002670ba840f0
Event: 1212.405 Thread 0x000002670ba803a0 Thread added: 0x000002670ba803a0
Event: 1212.626 Thread 0x000002670ba803a0 Thread exited: 0x000002670ba803a0
Event: 1213.076 Thread 0x000002670ba81ee0 Thread added: 0x000002670ba81ee0
Event: 1215.584 Thread 0x000002670ba81ee0 Thread exited: 0x000002670ba81ee0
Event: 1215.639 Thread 0x000002670ba847c0 Thread added: 0x000002670ba847c0


Dynamic libraries:
0x00007ff670480000 - 0x00007ff67048a000 	C:\Program Files\Android\Android Studio\jbr\bin\java.exe
0x00007ffc1a330000 - 0x00007ffc1a547000 	C:\windows\SYSTEM32\ntdll.dll
0x00007ffc18a90000 - 0x00007ffc18b54000 	C:\windows\System32\KERNEL32.DLL
0x00007ffc17550000 - 0x00007ffc17922000 	C:\windows\System32\KERNELBASE.dll
0x00007ffc17c80000 - 0x00007ffc17d91000 	C:\windows\System32\ucrtbase.dll
0x00007ffbf14e0000 - 0x00007ffbf14f8000 	C:\Program Files\Android\Android Studio\jbr\bin\jli.dll
0x00007ffbbe080000 - 0x00007ffbbe09b000 	C:\Program Files\Android\Android Studio\jbr\bin\VCRUNTIME140.dll
0x00007ffc17fc0000 - 0x00007ffc18171000 	C:\windows\System32\USER32.dll
0x00007ffc17b90000 - 0x00007ffc17bb6000 	C:\windows\System32\win32u.dll
0x00007ffbf86a0000 - 0x00007ffbf893b000 	C:\windows\WinSxS\amd64_microsoft.windows.common-controls_6595b64144ccf1df_6.0.22621.5547_none_27104afb73855772\COMCTL32.dll
0x00007ffc19c70000 - 0x00007ffc19d17000 	C:\windows\System32\msvcrt.dll
0x00007ffc19a50000 - 0x00007ffc19a79000 	C:\windows\System32\GDI32.dll
0x00007ffc17420000 - 0x00007ffc17543000 	C:\windows\System32\gdi32full.dll
0x00007ffc17af0000 - 0x00007ffc17b8a000 	C:\windows\System32\msvcp_win.dll
0x00007ffc19a10000 - 0x00007ffc19a41000 	C:\windows\System32\IMM32.DLL
0x00007ffbc08d0000 - 0x00007ffbc08dc000 	C:\Program Files\Android\Android Studio\jbr\bin\vcruntime140_1.dll
0x00007ffbf1450000 - 0x00007ffbf14dd000 	C:\Program Files\Android\Android Studio\jbr\bin\msvcp140.dll
0x00007ffb41620000 - 0x00007ffb4229d000 	C:\Program Files\Android\Android Studio\jbr\bin\server\jvm.dll
0x00007ffc189d0000 - 0x00007ffc18a81000 	C:\windows\System32\ADVAPI32.dll
0x00007ffc1a220000 - 0x00007ffc1a2c8000 	C:\windows\System32\sechost.dll
0x00007ffc17f10000 - 0x00007ffc17f38000 	C:\windows\System32\bcrypt.dll
0x00007ffc18be0000 - 0x00007ffc18cf4000 	C:\windows\System32\RPCRT4.dll
0x00007ffc19d20000 - 0x00007ffc19d91000 	C:\windows\System32\WS2_32.dll
0x00007ffc16260000 - 0x00007ffc162ad000 	C:\windows\SYSTEM32\POWRPROF.dll
0x00007ffc0b9d0000 - 0x00007ffc0b9da000 	C:\windows\SYSTEM32\VERSION.dll
0x00007ffc11420000 - 0x00007ffc11454000 	C:\windows\SYSTEM32\WINMM.dll
0x00007ffc16240000 - 0x00007ffc16253000 	C:\windows\SYSTEM32\UMPDC.dll
0x00007ffc16500000 - 0x00007ffc16518000 	C:\windows\SYSTEM32\kernel.appcore.dll
0x00007ffbbe030000 - 0x00007ffbbe03a000 	C:\Program Files\Android\Android Studio\jbr\bin\jimage.dll
0x00007ffc14d30000 - 0x00007ffc14f63000 	C:\windows\SYSTEM32\DBGHELP.DLL
0x00007ffc185c0000 - 0x00007ffc18953000 	C:\windows\System32\combase.dll
0x00007ffc19b90000 - 0x00007ffc19c67000 	C:\windows\System32\OLEAUT32.dll
0x00007ffc05050000 - 0x00007ffc05082000 	C:\windows\SYSTEM32\dbgcore.DLL
0x00007ffc17f40000 - 0x00007ffc17fbb000 	C:\windows\System32\bcryptPrimitives.dll
0x00007ffbdff40000 - 0x00007ffbdff4e000 	C:\Program Files\Android\Android Studio\jbr\bin\instrument.dll
0x00007ffbba150000 - 0x00007ffbba16f000 	C:\Program Files\Android\Android Studio\jbr\bin\java.dll
0x00007ffbb96a0000 - 0x00007ffbb96b8000 	C:\Program Files\Android\Android Studio\jbr\bin\zip.dll
0x00007ffc18f00000 - 0x00007ffc197a2000 	C:\windows\System32\SHELL32.dll
0x00007ffc17930000 - 0x00007ffc17a6f000 	C:\windows\System32\wintypes.dll
0x00007ffc15310000 - 0x00007ffc15c2d000 	C:\windows\SYSTEM32\windows.storage.dll
0x00007ffc18df0000 - 0x00007ffc18efc000 	C:\windows\System32\SHCORE.dll
0x00007ffc18960000 - 0x00007ffc189c9000 	C:\windows\System32\shlwapi.dll
0x00007ffc17350000 - 0x00007ffc1737b000 	C:\windows\SYSTEM32\profapi.dll
0x00007ffbbe020000 - 0x00007ffbbe030000 	C:\Program Files\Android\Android Studio\jbr\bin\net.dll
0x00007ffc12340000 - 0x00007ffc1246c000 	C:\windows\SYSTEM32\WINHTTP.dll
0x00007ffc16980000 - 0x00007ffc169e9000 	C:\windows\system32\mswsock.dll
0x00007ffbb9680000 - 0x00007ffbb9696000 	C:\Program Files\Android\Android Studio\jbr\bin\nio.dll
0x00007ffc0f280000 - 0x00007ffc0f290000 	C:\Program Files\Android\Android Studio\jbr\bin\verify.dll
0x00007ffbc1480000 - 0x00007ffbc14a7000 	C:\Users\jyoti\.gradle\native\1def1411415f61bf3af743bc5b6707747c0891f09f0c88961ee8f79bc544acac\windows-amd64\native-platform.dll
0x00007ffba4f60000 - 0x00007ffba4fd8000 	C:\Users\jyoti\.gradle\native\0.2.7\x86_64-windows-gnu\gradle-fileevents.dll
0x00007ffbb9800000 - 0x00007ffbb9809000 	C:\Program Files\Android\Android Studio\jbr\bin\management.dll
0x00007ffbb9670000 - 0x00007ffbb967b000 	C:\Program Files\Android\Android Studio\jbr\bin\management_ext.dll
0x00007ffc1a2d0000 - 0x00007ffc1a2d8000 	C:\windows\System32\PSAPI.DLL
0x00007ffc15f00000 - 0x00007ffc15f2d000 	C:\windows\SYSTEM32\IPHLPAPI.DLL
0x00007ffc18180000 - 0x00007ffc18189000 	C:\windows\System32\NSI.dll
0x00007ffbba140000 - 0x00007ffbba149000 	C:\Program Files\Android\Android Studio\jbr\bin\extnet.dll
0x00007ffc16ba0000 - 0x00007ffc16bbb000 	C:\windows\SYSTEM32\CRYPTSP.dll
0x00007ffc16460000 - 0x00007ffc16497000 	C:\windows\system32\rsaenh.dll
0x00007ffc16a40000 - 0x00007ffc16a68000 	C:\windows\SYSTEM32\USERENV.dll
0x00007ffc16bc0000 - 0x00007ffc16bcc000 	C:\windows\SYSTEM32\CRYPTBASE.dll
0x00007ffbdd1d0000 - 0x00007ffbdd1d8000 	C:\windows\system32\wshunix.dll
0x00007ffbd7e70000 - 0x00007ffbd7e87000 	C:\windows\system32\napinsp.dll
0x00007ffbd7e50000 - 0x00007ffbd7e6b000 	C:\windows\system32\pnrpnsp.dll
0x00007ffc15f30000 - 0x00007ffc16028000 	C:\windows\SYSTEM32\DNSAPI.dll
0x00007ffbd7e30000 - 0x00007ffbd7e41000 	C:\windows\System32\winrnr.dll
0x00007ffc0f180000 - 0x00007ffc0f19f000 	C:\windows\system32\wshbth.dll
0x00007ffbd7e00000 - 0x00007ffbd7e21000 	C:\windows\system32\nlansp_c.dll
0x00007ffc0c070000 - 0x00007ffc0c07a000 	C:\Windows\System32\rasadhlp.dll
0x00007ffc0c230000 - 0x00007ffc0c2b4000 	C:\windows\System32\fwpuclnt.dll
0x00007ffc16620000 - 0x00007ffc16654000 	C:\windows\SYSTEM32\ntmarta.dll
0x00007ffbc3760000 - 0x00007ffbc3767000 	C:\Program Files\Android\Android Studio\jbr\bin\rmi.dll
0x00007ffb81ac0000 - 0x00007ffb81c58000 	C:\Program Files\Android\Android Studio\jbr\bin\awt.dll
0x00007ffc147b0000 - 0x00007ffc147de000 	C:\windows\SYSTEM32\dwmapi.dll
0x00007ffc11b90000 - 0x00007ffc11c27000 	C:\windows\SYSTEM32\apphelp.dll
0x00007ffc14480000 - 0x00007ffc14534000 	C:\windows\system32\uxtheme.dll
0x00007ffc18190000 - 0x00007ffc182f0000 	C:\windows\System32\MSCTF.dll
0x00007ffc197b0000 - 0x00007ffc19950000 	C:\windows\System32\ole32.dll

dbghelp: loaded successfully - version: 4.0.5 - missing functions: none
symbol engine: initialized successfully - sym options: 0x614 - pdb path: .;C:\Program Files\Android\Android Studio\jbr\bin;C:\windows\SYSTEM32;C:\windows\WinSxS\amd64_microsoft.windows.common-controls_6595b64144ccf1df_6.0.22621.5547_none_27104afb73855772;C:\Program Files\Android\Android Studio\jbr\bin\server;C:\Users\jyoti\.gradle\native\1def1411415f61bf3af743bc5b6707747c0891f09f0c88961ee8f79bc544acac\windows-amd64;C:\Users\jyoti\.gradle\native\0.2.7\x86_64-windows-gnu

VM Arguments:
jvm_args: --add-opens=java.base/java.lang=ALL-UNNAMED --add-opens=java.base/java.lang.invoke=ALL-UNNAMED --add-opens=java.base/java.util=ALL-UNNAMED --add-opens=java.prefs/java.util.prefs=ALL-UNNAMED --add-exports=jdk.compiler/com.sun.tools.javac.api=ALL-UNNAMED --add-exports=jdk.compiler/com.sun.tools.javac.util=ALL-UNNAMED --add-opens=java.base/java.util=ALL-UNNAMED --add-opens=java.prefs/java.util.prefs=ALL-UNNAMED --add-opens=java.base/java.nio.charset=ALL-UNNAMED --add-opens=java.base/java.net=ALL-UNNAMED --add-opens=java.base/java.util.concurrent.atomic=ALL-UNNAMED --add-opens=java.xml/javax.xml.namespace=ALL-UNNAMED -XX:MaxMetaspaceSize=4G -XX:ReservedCodeCacheSize=512m -XX:+HeapDumpOnOutOfMemoryError -Xmx8G -Dfile.encoding=UTF-8 -Duser.country=IN -Duser.language=en -Duser.variant -javaagent:C:\Users\jyoti\.gradle\wrapper\dists\gradle-8.14-all\c2qonpi39x1mddn7hk5gh9iqj\gradle-8.14\lib\agents\gradle-instrumentation-agent-8.14.jar 
java_command: org.gradle.launcher.daemon.bootstrap.GradleDaemon 8.14
java_class_path (initial): C:\Users\jyoti\.gradle\wrapper\dists\gradle-8.14-all\c2qonpi39x1mddn7hk5gh9iqj\gradle-8.14\lib\gradle-daemon-main-8.14.jar
Launcher Type: SUN_STANDARD

[Global flags]
     intx CICompilerCount                          = 4                                         {product} {ergonomic}
     uint ConcGCThreads                            = 3                                         {product} {ergonomic}
     uint G1ConcRefinementThreads                  = 10                                        {product} {ergonomic}
   size_t G1HeapRegionSize                         = 4194304                                   {product} {ergonomic}
    uintx GCDrainStackTargetSize                   = 64                                        {product} {ergonomic}
     bool HeapDumpOnOutOfMemoryError               = true                                   {manageable} {command line}
   size_t InitialHeapSize                          = 130023424                                 {product} {ergonomic}
   size_t MarkStackSize                            = 4194304                                   {product} {ergonomic}
   size_t MaxHeapSize                              = 8589934592                                {product} {command line}
   size_t MaxMetaspaceSize                         = 4294967296                                {product} {command line}
   size_t MaxNewSize                               = 5150605312                                {product} {ergonomic}
   size_t MinHeapDeltaBytes                        = 4194304                                   {product} {ergonomic}
   size_t MinHeapSize                              = 8388608                                   {product} {ergonomic}
    uintx NonNMethodCodeHeapSize                   = 5839372                                {pd product} {ergonomic}
    uintx NonProfiledCodeHeapSize                  = 265515770                              {pd product} {ergonomic}
    uintx ProfiledCodeHeapSize                     = 265515770                              {pd product} {ergonomic}
    uintx ReservedCodeCacheSize                    = 536870912                              {pd product} {command line}
     bool SegmentedCodeCache                       = true                                      {product} {ergonomic}
   size_t SoftMaxHeapSize                          = 8589934592                             {manageable} {ergonomic}
     bool UseCompressedOops                        = true                           {product lp64_product} {ergonomic}
     bool UseG1GC                                  = true                                      {product} {ergonomic}
     bool UseLargePagesIndividualAllocation        = false                                  {pd product} {ergonomic}

Logging:
Log output configuration:
 #0: stdout all=warning uptime,level,tags foldmultilines=false
 #1: stderr all=off uptime,level,tags foldmultilines=false

Environment Variables:
JAVA_HOME=C:\Program Files\Android\Android Studio\jbr
CLASSPATH=C:\gps\android\\gradle\wrapper\gradle-wrapper.jar
PATH=C:\Program Files\Android\Android Studio\jbr\bin;C:\Program Files\Common Files\Oracle\Java\javapath;C:\Program Files (x86)\Common Files\Oracle\Java\java8path;C:\Program Files (x86)\Common Files\Oracle\Java\javapath;C:\windows\system32;C:\windows;C:\windows\System32\Wbem;C:\windows\System32\WindowsPowerShell\v1.0\;C:\windows\System32\OpenSSH\;C:\Program Files (x86)\NVIDIA Corporation\PhysX\Common;C:\Program Files\NVIDIA Corporation\NVIDIA NvDLISR;C:\Users\Administrator\AppData\Local\Microsoft\WindowsApps;C:\Program Files\HP\OMEN-Broadcast\Common;C:\Program Files\Git\cmd;C:\Program Files\platform-tools;C:\dart\dart-sdk\bin;C:\Program Files\platform-tools;C:\Program Files\Java\jdk-17.0.16+8\bin;C:\flutter\bin;C:\Users\jyoti\AppData\Local\Microsoft\WindowsApps;C:\Users\jyoti\AppData\Local\Programs\Microsoft VS Code\bin;C:\Users\jyoti\AppData\Local\GitHubDesktop\bin;C:\Program Files\platform-tools;C:\dart\dart-sdk\bin;C:\Program Files\platform-tools;C:\flutter\bin;C:\Program Files\Java\jdk-17.0.16+8\bin;;C:\flutter\bin\mingit\cmd
USERNAME=jyoti
OS=Windows_NT
PROCESSOR_IDENTIFIER=Intel64 Family 6 Model 154 Stepping 3, GenuineIntel
TMP=C:\Users\jyoti\AppData\Local\Temp
TEMP=C:\Users\jyoti\AppData\Local\Temp




Periodic native trim disabled

JNI global refs:
JNI global refs: 41, weak refs: 4

JNI global refs memory usage: 835, weak refs: 833

Process memory usage:
Resident Set Size: 808800K (10% of 8020484K total physical memory with 381256K free physical memory)

OOME stack traces (most recent first):
Classloader memory used:
Loader org.gradle.internal.classloader.VisitableURLClassLoader$InstrumentingVisitableURLClassLoader: 71214K
Loader java.net.URLClassLoader                                                         : 63949K
Loader org.gradle.internal.classloader.VisitableURLClassLoader                         : 52409K
Loader bootstrap                                                                       : 36009K
Loader org.gradle.initialization.MixInLegacyTypesClassLoader                           : 14516K
Loader jdk.internal.loader.ClassLoaders$AppClassLoader                                 : 11071K
Loader jdk.internal.jrtfs.JrtFileSystemProvider$JrtFsLoader                            : 2653K
Loader org.gradle.groovy.scripts.internal.DefaultScriptCompilationHandler$ScriptClassLoader: 1153K
Loader jdk.internal.reflect.DelegatingClassLoader                                      : 821K
Loader jdk.internal.loader.ClassLoaders$PlatformClassLoader                            : 802K
Loader org.gradle.internal.classloader.VisitableURLClassLoader                         : 387K
Loader org.codehaus.groovy.runtime.callsite.CallSiteClassLoader                        : 50712B
Loader sun.reflect.misc.MethodUtil                                                     : 2960B

Classes loaded by more than one classloader:
Class Program                                                                         : loaded 15 times (x 69B)
Class jdk.internal.jimage.ImageBufferCache$1                                          : loaded 10 times (x 80B)
Class jdk.internal.jimage.ImageLocation                                               : loaded 10 times (x 87B)
Class jdk.internal.jimage.ImageReader$Directory                                       : loaded 10 times (x 81B)
Class jdk.internal.jimage.ImageBufferCache$2                                          : loaded 10 times (x 88B)
Class jdk.internal.jimage.ImageReader$SharedImageReader$LocationVisitor               : loaded 10 times (x 67B)
Class jdk.internal.jrtfs.JrtPath                                                      : loaded 10 times (x 115B)
Class jdk.internal.jimage.ImageBufferCache                                            : loaded 10 times (x 68B)
Class jdk.internal.jrtfs.JrtFileAttributes                                            : loaded 10 times (x 80B)
Class jdk.internal.jrtfs.JrtFileSystem                                                : loaded 10 times (x 99B)
Class jdk.internal.jrtfs.JrtDirectoryStream$1                                         : loaded 10 times (x 80B)
Class jdk.internal.jrtfs.SystemImage$1                                                : loaded 10 times (x 75B)
Class jdk.internal.jrtfs.SystemImage                                                  : loaded 10 times (x 71B)
Class jdk.internal.jimage.ImageReader$Resource                                        : loaded 10 times (x 81B)
Class jdk.internal.jimage.decompressor.Decompressor                                   : loaded 10 times (x 69B)
Class jdk.internal.jrtfs.SystemImage$2                                                : loaded 10 times (x 73B)
Class jdk.internal.jimage.BasicImageReader                                            : loaded 10 times (x 92B)
Class jdk.internal.jimage.ImageStrings                                                : loaded 10 times (x 67B)
Class jdk.internal.jimage.BasicImageReader$1                                          : loaded 10 times (x 74B)
Class jdk.internal.jimage.ImageReader$Node                                            : loaded 10 times (x 81B)
Class jdk.internal.jimage.ImageReader$SharedImageReader                               : loaded 10 times (x 92B)
Class jdk.internal.jimage.ImageReader                                                 : loaded 10 times (x 72B)
Class jdk.internal.jrtfs.JrtFileSystemProvider                                        : loaded 10 times (x 98B)
Class jdk.internal.jimage.ImageHeader                                                 : loaded 10 times (x 68B)
Class jdk.internal.jimage.ImageStringsReader                                          : loaded 10 times (x 77B)
Class jdk.internal.jrtfs.JrtDirectoryStream                                           : loaded 10 times (x 86B)
Class jdk.internal.jimage.ImageReader$LinkNode                                        : loaded 9 times (x 81B)
Class jdk.internal.jrtfs.JrtFileStore                                                 : loaded 9 times (x 80B)
Class jdk.internal.jimage.BasicImageReader$2                                          : loaded 9 times (x 74B)
Class jdk.internal.jrtfs.ExplodedImage                                                : loaded 9 times (x 74B)
Class Build_gradle$1                                                                  : loaded 8 times (x 71B)
Class Build_gradle                                                                    : loaded 8 times (x 127B)
Class Build_gradle$2                                                                  : loaded 7 times (x 71B)
Class Build_gradle$1$1                                                                : loaded 6 times (x 75B)
Class kotlin.collections.MapsKt__MapsJVMKt                                            : loaded 4 times (x 68B)
Class kotlin.jvm.internal.markers.KMappedMarker                                       : loaded 4 times (x 67B)
Class kotlin.collections.EmptyList                                                    : loaded 4 times (x 171B)
Class kotlin.sequences.ConstrainedOnceSequence                                        : loaded 4 times (x 72B)
Class com.google.common.collect.Sets$1                                                : loaded 4 times (x 136B)
Class com.google.common.base.Splitter                                                 : loaded 4 times (x 69B)
Class com.google.common.base.CharMatcher$And                                          : loaded 4 times (x 109B)
Class com.google.common.collect.ImmutableList                                         : loaded 4 times (x 203B)
Class com.google.common.collect.BiMap                                                 : loaded 4 times (x 67B)
Class com.google.common.primitives.Ints                                               : loaded 4 times (x 68B)
Class com.google.common.math.MathPreconditions                                        : loaded 4 times (x 68B)
Class kotlin.text.StringsKt__StringsKt                                                : loaded 4 times (x 68B)
Class kotlin.NotImplementedError                                                      : loaded 4 times (x 79B)
Class kotlin.collections.ArraysKt__ArraysKt                                           : loaded 4 times (x 68B)
Class com.google.common.base.CharMatcher$InRange                                      : loaded 4 times (x 108B)
Class kotlin.collections.SetsKt__SetsJVMKt                                            : loaded 4 times (x 68B)
Class kotlin.Function                                                                 : loaded 4 times (x 67B)
Class com.google.common.collect.Maps$BiMapConverter                                   : loaded 4 times (x 87B)
Class kotlin.NoWhenBranchMatchedException                                             : loaded 4 times (x 79B)
Class com.google.common.collect.Lists$StringAsImmutableList                           : loaded 4 times (x 204B)
Class kotlin.Lazy                                                                     : loaded 4 times (x 67B)
Class com.google.common.collect.ImmutableEnumMap                                      : loaded 4 times (x 123B)
Class com.google.common.collect.RegularImmutableAsList                                : loaded 4 times (x 214B)
Class kotlin.text.StringsKt__AppendableKt                                             : loaded 4 times (x 68B)
Class kotlin.text.StringsKt__StringBuilderKt                                          : loaded 4 times (x 68B)
Class com.google.common.base.NullnessCasts                                            : loaded 4 times (x 68B)
Class com.google.common.primitives.IntsMethodsForWeb                                  : loaded 4 times (x 68B)
Class com.google.common.collect.Multimap                                              : loaded 4 times (x 67B)
Class kotlin.text.StringsKt__StringsJVMKt                                             : loaded 4 times (x 68B)
Class com.google.common.base.CharMatcher$1                                            : loaded 4 times (x 110B)
Class com.google.common.base.CharMatcher$NamedFastMatcher                             : loaded 4 times (x 109B)
Class kotlin.collections.ArraysKt__ArraysJVMKt                                        : loaded 4 times (x 68B)
Class com.google.common.io.ByteSink                                                   : loaded 4 times (x 73B)
Class kotlin.collections.SetsKt                                                       : loaded 4 times (x 68B)
Class kotlin.text.StringsKt__IndentKt                                                 : loaded 4 times (x 68B)
Class com.google.common.collect.ImmutableSet$SetBuilderImpl                           : loaded 4 times (x 73B)
Class com.google.common.io.Files$FileByteSource                                       : loaded 4 times (x 82B)
Class com.google.common.base.JdkPattern                                               : loaded 4 times (x 72B)
Class kotlin.collections.MapsKt__MapsKt                                               : loaded 4 times (x 68B)
Class kotlin.collections.CollectionsKt__MutableCollectionsKt                          : loaded 4 times (x 68B)
Class com.google.common.base.CharMatcher                                              : loaded 4 times (x 108B)
Class kotlin.collections.SetsKt__SetsKt                                               : loaded 4 times (x 68B)
Class kotlin.LazyKt                                                                   : loaded 4 times (x 68B)
Class com.google.common.collect.SingletonImmutableSet                                 : loaded 4 times (x 143B)
Class com.google.common.collect.ImmutableMap$IteratorBasedImmutableMap                : loaded 4 times (x 123B)
Class kotlin.io.CloseableKt                                                           : loaded 4 times (x 68B)
Class com.google.common.base.Preconditions                                            : loaded 4 times (x 68B)
Class kotlin.collections.ArraysKt                                                     : loaded 4 times (x 68B)
Class com.google.common.collect.UnmodifiableIterator                                  : loaded 4 times (x 77B)
Class kotlin.sequences.Sequence                                                       : loaded 4 times (x 67B)
Class com.google.common.collect.Hashing                                               : loaded 4 times (x 68B)
Class com.google.common.collect.ImmutableSet$JdkBackedSetBuilderImpl                  : loaded 4 times (x 73B)
Class com.google.common.base.Splitter$SplittingIterator                               : loaded 4 times (x 81B)
Class com.google.common.base.CharMatcher$ForPredicate                                 : loaded 4 times (x 109B)
Class kotlin.text.StringsKt__StringNumberConversionsJVMKt                             : loaded 4 times (x 68B)
Class kotlin.collections.CollectionsKt__CollectionsJVMKt                              : loaded 4 times (x 68B)
Class com.google.common.base.CharMatcher$Is                                           : loaded 4 times (x 108B)
Class com.google.common.base.CharMatcher$Negated                                      : loaded 4 times (x 110B)
Class com.google.common.base.CharMatcher$AnyOf                                        : loaded 4 times (x 109B)
Class com.google.common.collect.ImmutableCollection                                   : loaded 4 times (x 122B)
Class kotlin.sequences.FilteringSequence$iterator$1                                   : loaded 4 times (x 76B)
Class kotlin.collections.CollectionsKt__ReversedViewsKt                               : loaded 4 times (x 68B)
Class kotlin.sequences.SequencesKt__SequenceBuilderKt                                 : loaded 4 times (x 68B)
Class [Lcom.google.common.base.AbstractIterator$State;                                : loaded 4 times (x 66B)
Class com.google.common.base.CharMatcher$IsEither                                     : loaded 4 times (x 108B)
Class kotlin.ranges.RangesKt___RangesKt                                               : loaded 4 times (x 68B)
Class com.google.common.collect.Sets$2                                                : loaded 4 times (x 136B)
Class com.google.common.collect.ImmutableSet$CachingAsList                            : loaded 4 times (x 145B)
Class kotlin.KotlinNullPointerException                                               : loaded 4 times (x 80B)
Class kotlin.collections.CollectionsKt__IteratorsKt                                   : loaded 4 times (x 68B)
Class kotlin.sequences.SequencesKt                                                    : loaded 4 times (x 68B)
Class com.google.common.io.ByteSource                                                 : loaded 4 times (x 81B)
Class com.google.common.base.Converter                                                : loaded 4 times (x 87B)
Class com.google.common.collect.Lists                                                 : loaded 4 times (x 68B)
Class kotlin.collections.CollectionsKt__IteratorsJVMKt                                : loaded 4 times (x 68B)
Class com.google.common.collect.ImmutableAsList                                       : loaded 4 times (x 206B)
Class kotlin.text.StringsKt                                                           : loaded 4 times (x 68B)
Class kotlin.collections.CollectionsKt__IterablesKt                                   : loaded 4 times (x 68B)
Class kotlin.collections.MapsKt                                                       : loaded 4 times (x 68B)
Class kotlin.LazyKt__LazyJVMKt                                                        : loaded 4 times (x 68B)
Class kotlin.collections.CollectionsKt                                                : loaded 4 times (x 68B)
Class kotlin.enums.EnumEntriesList                                                    : loaded 4 times (x 220B)
Class kotlin.collections.AbstractList$Companion                                       : loaded 4 times (x 68B)
Class com.google.common.base.CharMatcher$None                                         : loaded 4 times (x 109B)
Class kotlin.sequences.SequencesKt___SequencesKt                                      : loaded 4 times (x 68B)
Class com.google.common.collect.RegularImmutableSet                                   : loaded 4 times (x 146B)
Class kotlin.jvm.internal.Intrinsics                                                  : loaded 4 times (x 68B)
Class kotlin.text.StringsKt__StringNumberConversionsKt                                : loaded 4 times (x 68B)
Class com.google.common.collect.Maps$EntryTransformer                                 : loaded 4 times (x 67B)
Class com.google.common.collect.MapDifference                                         : loaded 4 times (x 67B)
Class com.google.common.base.CharMatcher$IsNot                                        : loaded 4 times (x 108B)
Class com.google.common.base.CommonPattern                                            : loaded 4 times (x 71B)
Class com.google.common.math.IntMath                                                  : loaded 4 times (x 68B)
Class com.google.common.base.Function                                                 : loaded 4 times (x 67B)
Class kotlin.enums.EnumEntries                                                        : loaded 4 times (x 67B)
Class kotlin.text.StringsKt__RegexExtensionsJVMKt                                     : loaded 4 times (x 68B)
Class com.google.common.base.Splitter$1                                               : loaded 4 times (x 74B)
Class com.google.common.collect.Maps                                                  : loaded 4 times (x 68B)
Class com.google.common.collect.ImmutableSet$RegularSetBuilderImpl                    : loaded 4 times (x 74B)
Class kotlin.collections.ArraysKt___ArraysJvmKt                                       : loaded 4 times (x 68B)
Class com.google.common.collect.Sets$3                                                : loaded 4 times (x 136B)
Class kotlin.collections.EmptyIterator                                                : loaded 4 times (x 86B)
Class kotlin.SynchronizedLazyImpl                                                     : loaded 4 times (x 73B)
Class kotlin.text.StringsKt__RegexExtensionsKt                                        : loaded 4 times (x 68B)
Class kotlin.collections.CollectionsKt__CollectionsKt                                 : loaded 4 times (x 68B)
Class com.google.common.base.Splitter$Strategy                                        : loaded 4 times (x 67B)
Class kotlin.sequences.SequencesKt__SequencesJVMKt                                    : loaded 4 times (x 68B)
Class com.google.common.collect.Maps$8                                                : loaded 4 times (x 79B)
Class kotlin.collections.AbstractList                                                 : loaded 4 times (x 194B)
Class kotlin.enums.EnumEntriesKt                                                      : loaded 4 times (x 68B)
Class kotlin.text.StringsKt___StringsKt                                               : loaded 4 times (x 68B)
Class kotlin.collections.AbstractCollection                                           : loaded 4 times (x 114B)
Class com.google.common.collect.Sets$4                                                : loaded 4 times (x 136B)
Class kotlin.LazyKt__LazyKt                                                           : loaded 4 times (x 68B)
Class kotlin.collections.CollectionsKt__MutableCollectionsJVMKt                       : loaded 4 times (x 68B)
Class kotlin.text.StringsKt__StringBuilderJVMKt                                       : loaded 4 times (x 68B)
Class com.google.common.collect.Sets$SetView                                          : loaded 4 times (x 135B)
Class Build_gradle$3                                                                  : loaded 4 times (x 71B)
Class com.google.common.graph.SuccessorsFunction                                      : loaded 4 times (x 67B)
Class kotlin.UNINITIALIZED_VALUE                                                      : loaded 4 times (x 68B)
Class com.google.common.io.Files$FileByteSink                                         : loaded 4 times (x 74B)
Class kotlin.ranges.RangesKt__RangesKt                                                : loaded 4 times (x 68B)
Class com.google.common.math.IntMath$1                                                : loaded 4 times (x 68B)
Class com.google.common.collect.ImmutableEnumSet                                      : loaded 4 times (x 143B)
Class kotlin.UninitializedPropertyAccessException                                     : loaded 4 times (x 79B)
Class kotlin.collections.SetsKt___SetsKt                                              : loaded 4 times (x 68B)
Class kotlin.collections.MapsKt__MapWithDefaultKt                                     : loaded 4 times (x 68B)
Class kotlin.sequences.SequencesKt__SequencesKt                                       : loaded 4 times (x 68B)
Class kotlin.sequences.FilteringSequence                                              : loaded 4 times (x 72B)
Class com.google.common.base.AbstractIterator                                         : loaded 4 times (x 77B)
Class com.google.common.io.Closer                                                     : loaded 4 times (x 75B)
Class com.google.common.base.CharMatcher$BitSetMatcher                                : loaded 4 times (x 109B)
Class com.google.common.collect.ImmutableSet                                          : loaded 4 times (x 142B)
Class com.google.common.io.Files                                                      : loaded 4 times (x 68B)
Class com.google.common.collect.SortedMapDifference                                   : loaded 4 times (x 67B)
Class kotlin.collections.ArraysKt___ArraysKt                                          : loaded 4 times (x 68B)
Class kotlin.collections.MapsKt___MapsKt                                              : loaded 4 times (x 68B)
Class kotlin.collections.CollectionsKt___CollectionsJvmKt                             : loaded 4 times (x 68B)
Class com.google.common.io.LineProcessor                                              : loaded 4 times (x 67B)
Class kotlin.Unit                                                                     : loaded 4 times (x 68B)
Class com.google.common.io.Closer$Suppressor                                          : loaded 4 times (x 67B)
Class kotlin.text.StringsKt___StringsJvmKt                                            : loaded 4 times (x 68B)
Class kotlin.sequences.SequencesKt___SequencesJvmKt                                   : loaded 4 times (x 68B)
Class com.google.common.base.CharMatcher$Or                                           : loaded 4 times (x 109B)
Class com.google.common.collect.CollectPreconditions                                  : loaded 4 times (x 68B)
Class kotlin.ranges.RangesKt                                                          : loaded 4 times (x 68B)
Class kotlin.collections.ArraysUtilJVM                                                : loaded 4 times (x 68B)
Class kotlin.jvm.functions.Function0                                                  : loaded 4 times (x 67B)
Class kotlin.jvm.functions.Function1                                                  : loaded 4 times (x 67B)
Class com.google.common.base.CharMatcher$FastMatcher                                  : loaded 4 times (x 108B)
Class com.google.common.base.AbstractIterator$State                                   : loaded 4 times (x 76B)
Class kotlin.collections.CollectionsKt___CollectionsKt                                : loaded 4 times (x 68B)
Class com.google.common.collect.Sets                                                  : loaded 4 times (x 68B)
Class com.google.common.base.Predicate                                                : loaded 4 times (x 67B)
Class com.google.common.collect.ImmutableMap                                          : loaded 4 times (x 117B)
Class kotlin.jvm.functions.Function2                                                  : loaded 4 times (x 67B)
Class kotlin.collections.MapsKt___MapsJvmKt                                           : loaded 4 times (x 68B)
Class com.google.common.base.CharMatcher$NegatedFastMatcher                           : loaded 4 times (x 110B)
Class kotlin.reflect.jvm.internal.impl.builtins.PrimitiveType$Companion               : loaded 3 times (x 68B)
Class kotlin.annotation.Target                                                        : loaded 3 times (x 67B)
Class kotlin.jvm.functions.Function4                                                  : loaded 3 times (x 67B)
Class [Lcom.android.prefs.LocationValue;                                              : loaded 3 times (x 66B)
Class kotlin.ranges.IntProgression$Companion                                          : loaded 3 times (x 68B)
Class kotlin.jvm.functions.Function3                                                  : loaded 3 times (x 67B)
Class kotlin.reflect.jvm.internal.KDeclarationContainerImpl$Data                      : loaded 3 times (x 69B)
Class kotlin.reflect.jvm.internal.KClassImpl$Data$$Lambda$11                          : loaded 3 times (x 73B)
Class org.jetbrains.kotlin.utils.exceptions.KotlinExceptionWithAttachments            : loaded 3 times (x 67B)
Class com.android.tools.lint.model.DefaultLintModelAndroidArtifact                    : loaded 3 times (x 90B)
Class kotlin.KotlinNothingValueException                                              : loaded 3 times (x 79B)
Class kotlin.reflect.jvm.internal.KClassImpl$Data$$Lambda$12                          : loaded 3 times (x 73B)
Class kotlin.reflect.jvm.internal.KClassImpl$Data                                     : loaded 3 times (x 69B)
Class kotlin.collections.EmptySet                                                     : loaded 3 times (x 119B)
Class kotlin.reflect.jvm.internal.KDeclarationContainerImpl$Data$$Lambda$0            : loaded 3 times (x 73B)
Class kotlin.reflect.jvm.internal.KClassImpl$Data$$Lambda$10                          : loaded 3 times (x 73B)
Class com.android.SdkConstants                                                        : loaded 3 times (x 68B)
Class kotlin.jvm.internal.markers.KMutableIterator                                    : loaded 3 times (x 67B)
Class kotlin.collections.builders.MapBuilder                                          : loaded 3 times (x 109B)
Class kotlin.jvm.internal.MutablePropertyReference2                                   : loaded 3 times (x 134B)
Class kotlin.reflect.jvm.internal.ReflectProperties$Val                               : loaded 3 times (x 71B)
Class com.android.tools.lint.model.DefaultLintModelMavenName                          : loaded 3 times (x 84B)
Class com.android.ide.common.gradle.Version$Companion                                 : loaded 3 times (x 68B)
Class org.jetbrains.kotlin.cli.common.messages.GradleStyleMessageRenderer             : loaded 3 times (x 75B)
Class kotlin.reflect.jvm.internal.impl.name.ClassId$Companion                         : loaded 3 times (x 68B)
Class kotlin.collections.AbstractMutableList                                          : loaded 3 times (x 203B)
Class it.unimi.dsi.fastutil.ints.IntArrays$ArrayHashStrategy                          : loaded 3 times (x 72B)
Class Settings_gradle                                                                 : loaded 3 times (x 125B)
Class com.android.prefs.AbstractAndroidLocations                                      : loaded 3 times (x 79B)
Class kotlin.sequences.FlatteningSequence$iterator$1                                  : loaded 3 times (x 76B)
Class com.android.ide.common.repository.AgpVersion$Companion                          : loaded 3 times (x 68B)
Class kotlin.annotation.Retention                                                     : loaded 3 times (x 67B)
Class kotlin.jvm.functions.Function5                                                  : loaded 3 times (x 67B)
Class kotlin.reflect.jvm.internal.KClassImpl                                          : loaded 3 times (x 112B)
Class com.android.ide.common.gradle.Version$Companion$ParseState                      : loaded 3 times (x 67B)
Class kotlin.reflect.jvm.internal.KClassImpl$Data$$Lambda$13                          : loaded 3 times (x 73B)
Class com.android.ide.common.gradle.Version                                           : loaded 3 times (x 72B)
Class kotlin.collections.builders.ListBuilder$Itr                                     : loaded 3 times (x 91B)
Class com.android.tools.lint.model.PathVariables                                      : loaded 3 times (x 69B)
Class kotlin.reflect.KDeclarationContainer                                            : loaded 3 times (x 67B)
Class kotlin.jvm.functions.Function6                                                  : loaded 3 times (x 67B)
Class kotlin.reflect.jvm.internal.KClassImpl$Data$$Lambda$14                          : loaded 3 times (x 73B)
Class kotlin.TuplesKt                                                                 : loaded 3 times (x 68B)
Class kotlin.jvm.internal.markers.KMutableIterable                                    : loaded 3 times (x 67B)
Class kotlin.reflect.jvm.internal.KTypeParameterOwnerImpl                             : loaded 3 times (x 67B)
Class kotlin.jvm.internal.FunctionReferenceImpl                                       : loaded 3 times (x 119B)
Class com.android.prefs.VariableType                                                  : loaded 3 times (x 76B)
Class kotlin.io.FilesKt                                                               : loaded 3 times (x 68B)
Class com.android.tools.lint.model.LintModelSerialization$LintModelSerializationFileAdapter: loaded 3 times (x 86B)
Class kotlin.text.DelimitedRangesSequence                                             : loaded 3 times (x 72B)
Class kotlin.reflect.jvm.internal.ReflectProperties$Val$1                             : loaded 3 times (x 68B)
Class it.unimi.dsi.fastutil.ints.IntArrays$ForkJoinQuickSortComp                      : loaded 3 times (x 93B)
Class kotlin.jvm.functions.Function7                                                  : loaded 3 times (x 67B)
Class kotlin.reflect.jvm.internal.impl.name.Name                                      : loaded 3 times (x 72B)
Class kotlin.reflect.jvm.internal.KClassImpl$Data$$Lambda$15                          : loaded 3 times (x 73B)
Class org.jetbrains.kotlin.config.ApiVersion$Companion                                : loaded 3 times (x 68B)
Class kotlin.reflect.KType                                                            : loaded 3 times (x 67B)
Class [Lorg.jetbrains.kotlin.build.report.metrics.GradleBuildTime;                    : loaded 3 times (x 66B)
Class kotlin.reflect.jvm.internal.KPropertyImpl$Companion                             : loaded 3 times (x 68B)
Class kotlin.comparisons.ComparisonsKt___ComparisonsKt                                : loaded 3 times (x 68B)
Class kotlin.comparisons.ComparisonsKt                                                : loaded 3 times (x 68B)
Class kotlin.text.CharsKt__CharJVMKt                                                  : loaded 3 times (x 68B)
Class com.android.tools.lint.model.LintModelDependencies                              : loaded 3 times (x 67B)
Class it.unimi.dsi.fastutil.objects.ReferenceSet                                      : loaded 3 times (x 67B)
Class it.unimi.dsi.fastutil.objects.ObjectSet                                         : loaded 3 times (x 67B)
Class it.unimi.dsi.fastutil.Hash$Strategy                                             : loaded 3 times (x 67B)
Class kotlin.coroutines.jvm.internal.BaseContinuationImpl                             : loaded 3 times (x 84B)
Class kotlin.Result$Companion                                                         : loaded 3 times (x 68B)
Class it.unimi.dsi.fastutil.ints.IntArrays                                            : loaded 3 times (x 68B)
Class kotlin.comparisons.ComparisonsKt__ComparisonsKt                                 : loaded 3 times (x 68B)
Class kotlin.sequences.TransformingSequence                                           : loaded 3 times (x 72B)
Class com.android.utils.NullLogger                                                    : loaded 3 times (x 82B)
Class com.android.utils.ILogger                                                       : loaded 3 times (x 67B)
Class com.android.tools.lint.model.DefaultLintModelSourceProvider                     : loaded 3 times (x 81B)
Class [Lcom.android.prefs.VariableType;                                               : loaded 3 times (x 66B)
Class com.android.tools.lint.model.LintModelArtifactType                              : loaded 3 times (x 76B)
Class it.unimi.dsi.fastutil.ints.IntArrays$ForkJoinQuickSortIndirect                  : loaded 3 times (x 93B)
Class com.android.tools.lint.model.DefaultLintModelVariant$mainArtifact$2             : loaded 3 times (x 76B)
Class kotlin.coroutines.Continuation                                                  : loaded 3 times (x 67B)
Class kotlin.coroutines.CoroutineContext$Element$DefaultImpls                         : loaded 3 times (x 68B)
Class kotlin.jvm.internal.ClassBasedDeclarationContainer                              : loaded 3 times (x 67B)
Class [Lkotlin.reflect.jvm.internal.impl.resolve.jvm.JvmPrimitiveType;                : loaded 3 times (x 66B)
Class kotlin.jvm.functions.Function8                                                  : loaded 3 times (x 67B)
Class kotlin.reflect.jvm.internal.impl.name.FqNameUnsafe                              : loaded 3 times (x 69B)
Class kotlin.jvm.internal.Ref$ObjectRef                                               : loaded 3 times (x 69B)
Class kotlin.internal.jdk8.JDK8PlatformImplementations                                : loaded 3 times (x 73B)
Class kotlin.jvm.internal.ReflectionFactory                                           : loaded 3 times (x 88B)
Class kotlin.reflect.jvm.internal.KClassImpl$Data$$Lambda$16                          : loaded 3 times (x 73B)
Class it.unimi.dsi.fastutil.ints.AbstractIntSet                                       : loaded 3 times (x 230B)
Class kotlin.collections.builders.MapBuilder$Companion                                : loaded 3 times (x 68B)
Class [Lcom.android.ide.common.gradle.Separator;                                      : loaded 3 times (x 66B)
Class com.android.prefs.QueryResult                                                   : loaded 3 times (x 81B)
Class com.android.utils.EnvironmentProvider                                           : loaded 3 times (x 67B)
Class kotlin.text.Regex                                                               : loaded 3 times (x 69B)
Class com.google.common.base.CharMatcher$Whitespace                                   : loaded 3 times (x 109B)
Class kotlin.collections.ArrayAsCollection                                            : loaded 3 times (x 102B)
Class kotlin.reflect.jvm.internal.CachesKt$$Lambda$4                                  : loaded 3 times (x 72B)
Class kotlin.sequences.SequencesKt__SequenceBuilderKt$sequence$$inlined$Sequence$1    : loaded 3 times (x 72B)
Class com.google.common.base.Splitter$1$1                                             : loaded 3 times (x 83B)
Class com.android.sdklib.IAndroidTarget                                               : loaded 3 times (x 67B)
Class org.jetbrains.kotlin.utils.KotlinExceptionWithAttachments                       : loaded 3 times (x 91B)
Class [Lkotlin.reflect.jvm.internal.impl.name.ClassId;                                : loaded 3 times (x 66B)
Class kotlin.jvm.functions.Function10                                                 : loaded 3 times (x 67B)
Class com.android.tools.lint.model.LintModelLibrary                                   : loaded 3 times (x 67B)
Class kotlin.reflect.jvm.internal.CachesKt$$Lambda$3                                  : loaded 3 times (x 72B)
Class kotlin.coroutines.jvm.internal.RestrictedSuspendLambda                          : loaded 3 times (x 88B)
Class kotlin.jvm.functions.Function9                                                  : loaded 3 times (x 67B)
Class kotlin.reflect.jvm.internal.KClassImpl$Data$$Lambda$17                          : loaded 3 times (x 73B)
Class kotlin.reflect.jvm.internal.KCallableImpl$$Lambda$0                             : loaded 3 times (x 73B)
Class kotlin.reflect.jvm.internal.impl.name.FqName                                    : loaded 3 times (x 69B)
Class kotlin.reflect.jvm.internal.KPropertyImpl$$Lambda$0                             : loaded 3 times (x 73B)
Class [Lkotlin.reflect.KClass;                                                        : loaded 3 times (x 66B)
Class com.android.tools.lint.model.LintModelMavenName                                 : loaded 3 times (x 67B)
Class [Lcom.android.tools.lint.model.LintModelArtifactType;                           : loaded 3 times (x 66B)
Class [Lkotlin.reflect.KClassifier;                                                   : loaded 3 times (x 66B)
Class kotlin.io.LinesSequence                                                         : loaded 3 times (x 72B)
Class kotlin.reflect.jvm.internal.EmptyContainerForLocal                              : loaded 3 times (x 81B)
Class kotlin.reflect.jvm.internal.CachesKt$$Lambda$2                                  : loaded 3 times (x 72B)
Class kotlin.jvm.internal.ArrayIterator                                               : loaded 3 times (x 76B)
Class com.android.tools.lint.model.LintModelVariant                                   : loaded 3 times (x 67B)
Class it.unimi.dsi.fastutil.HashCommon                                                : loaded 3 times (x 68B)
Class kotlin.LazyThreadSafetyMode                                                     : loaded 3 times (x 76B)
Class kotlin.reflect.full.IllegalPropertyDelegateAccessException                      : loaded 3 times (x 79B)
Class kotlin.reflect.jvm.internal.CachesKt$$Lambda$1                                  : loaded 3 times (x 72B)
Class [Lkotlin.reflect.jvm.internal.impl.builtins.jvm.JavaToKotlinClassMap$PlatformMutabilityMapping;: loaded 3 times (x 66B)
Class com.android.tools.lint.model.LintModelExternalLibrary                           : loaded 3 times (x 67B)
Class kotlin.LazyKt__LazyJVMKt$WhenMappings                                           : loaded 3 times (x 68B)
Class kotlin.UnsafeLazyImpl                                                           : loaded 3 times (x 73B)
Class kotlin.jvm.internal.PropertyReference2                                          : loaded 3 times (x 124B)
Class [Lkotlin.LazyThreadSafetyMode;                                                  : loaded 3 times (x 66B)
Class kotlin.reflect.jvm.internal.CachesKt$$Lambda$0                                  : loaded 3 times (x 72B)
Class it.unimi.dsi.fastutil.objects.AbstractObjectSet                                 : loaded 3 times (x 176B)
Class com.google.gson.JsonSyntaxException                                             : loaded 3 times (x 79B)
Class kotlin.jvm.internal.MutablePropertyReference1                                   : loaded 3 times (x 134B)
Class com.android.tools.lint.model.LintModelNamespacingMode                           : loaded 3 times (x 76B)
Class com.android.tools.lint.model.LintModelModule                                    : loaded 3 times (x 67B)
Class kotlin.jvm.internal.PropertyReference1                                          : loaded 3 times (x 124B)
Class kotlin.reflect.full.IllegalCallableAccessException                              : loaded 3 times (x 79B)
Class kotlin.jvm.internal.DefaultConstructorMarker                                    : loaded 3 times (x 68B)
Class kotlin.reflect.jvm.internal.KClassImpl$$Lambda$0                                : loaded 3 times (x 73B)
Class kotlin.reflect.jvm.internal.impl.builtins.functions.FunctionTypeKind$KSuspendFunction: loaded 3 times (x 69B)
Class kotlin.sequences.EmptySequence                                                  : loaded 3 times (x 75B)
Class it.unimi.dsi.fastutil.Hash                                                      : loaded 3 times (x 67B)
Class kotlin.jvm.internal.PropertyReference0                                          : loaded 3 times (x 124B)
Class org.gradle.kotlin.dsl.TestImplementationConfigurationAccessorsKt                : loaded 3 times (x 68B)
Class com.android.tools.lint.model.LintModelSerialization$LintModelSerializationAdapter: loaded 3 times (x 67B)
Class kotlin.text.MatchResult$DefaultImpls                                            : loaded 3 times (x 68B)
Class com.android.tools.lint.model.LintModelLibraryResolver                           : loaded 3 times (x 67B)
Class com.android.sdklib.AndroidVersion                                               : loaded 3 times (x 72B)
Class kotlin.reflect.jvm.internal.KDeclarationContainerImpl$Companion                 : loaded 3 times (x 68B)
Class kotlin.SafePublicationLazyImpl$Companion                                        : loaded 3 times (x 68B)
Class kotlin.jvm.internal.PropertyReference1Impl                                      : loaded 3 times (x 124B)
Class com.android.prefs.PathLocator                                                   : loaded 3 times (x 70B)
Class com.android.tools.lint.model.DefaultLintModelJavaLibrary                        : loaded 3 times (x 100B)
Class com.google.gson.JsonParseException                                              : loaded 3 times (x 79B)
Class [Lorg.jetbrains.kotlin.cli.common.CompilerSystemProperties;                     : loaded 3 times (x 66B)
Class kotlin.jvm.internal.markers.KMutableListIterator                                : loaded 3 times (x 67B)
Class kotlin.jvm.functions.Function11                                                 : loaded 3 times (x 67B)
Class kotlin.reflect.jvm.internal.KPropertyImpl$$Lambda$1                             : loaded 3 times (x 73B)
Class kotlin.reflect.jvm.internal.KCallableImpl$$Lambda$1                             : loaded 3 times (x 73B)
Class com.android.prefs.LocationValue                                                 : loaded 3 times (x 67B)
Class org.jetbrains.kotlin.build.report.metrics.BuildTime                             : loaded 3 times (x 67B)
Class kotlin.ranges.IntRange                                                          : loaded 3 times (x 90B)
Class kotlin.jvm.internal.markers.KMutableMap                                         : loaded 3 times (x 67B)
Class kotlin.reflect.jvm.internal.impl.descriptors.runtime.structure.ReflectClassUtilKt: loaded 3 times (x 68B)
Class kotlin.jvm.internal.CallableReference                                           : loaded 3 times (x 103B)
Class kotlin.collections.AbstractList$SubList                                         : loaded 3 times (x 195B)
Class kotlin.jvm.internal.markers.KMutableCollection                                  : loaded 3 times (x 67B)
Class kotlin.collections.AbstractList$IteratorImpl                                    : loaded 3 times (x 79B)
Class it.unimi.dsi.fastutil.objects.AbstractObjectCollection                          : loaded 3 times (x 140B)
Class kotlin.coroutines.intrinsics.IntrinsicsKt                                       : loaded 3 times (x 68B)
Class kotlin.ranges.IntRange$Companion                                                : loaded 3 times (x 68B)
Class kotlin.reflect.jvm.internal.impl.builtins.PrimitiveType                         : loaded 3 times (x 76B)
Class com.android.tools.lint.model.LintModelBuildFeatures                             : loaded 3 times (x 67B)
Class org.jetbrains.kotlin.cli.jvm.compiler.KotlinCoreEnvironment$Companion           : loaded 3 times (x 68B)
Class [Lkotlin.sequences.Sequence;                                                    : loaded 3 times (x 66B)
Class org.jetbrains.kotlin.cli.common.CompilerSystemProperties$value$2                : loaded 3 times (x 122B)
Class kotlin.internal.PlatformImplementations                                         : loaded 3 times (x 73B)
Class kotlin.collections.EmptyMap                                                     : loaded 3 times (x 106B)
Class kotlin.text.MatcherMatchResult$groups$1                                         : loaded 3 times (x 148B)
Class kotlin.reflect.KAnnotatedElement                                                : loaded 3 times (x 67B)
Class kotlin.text.MatchNamedGroupCollection                                           : loaded 3 times (x 67B)
Class kotlin.text.MatcherMatchResult$groupValues$1                                    : loaded 3 times (x 195B)
Class it.unimi.dsi.fastutil.BidirectionalIterator                                     : loaded 3 times (x 67B)
Class com.android.utils.EnvironmentProvider$DirectEnvironmentProvider                 : loaded 3 times (x 77B)
Class kotlin.jvm.functions.Function12                                                 : loaded 3 times (x 67B)
Class kotlin.reflect.jvm.internal.KCallableImpl$$Lambda$2                             : loaded 3 times (x 73B)
Class kotlin.io.FilesKt__FileReadWriteKt                                              : loaded 3 times (x 68B)
Class [Lkotlin.Pair;                                                                  : loaded 3 times (x 66B)
Class org.jetbrains.kotlin.cli.common.CompilerSystemProperties$value$1                : loaded 3 times (x 122B)
Class kotlin.jvm.internal.markers.KMutableList                                        : loaded 3 times (x 67B)
Class com.android.ide.common.gradle.Part                                              : loaded 3 times (x 74B)
Class kotlin.coroutines.intrinsics.CoroutineSingletons                                : loaded 3 times (x 76B)
Class it.unimi.dsi.fastutil.objects.ObjectCollection                                  : loaded 3 times (x 67B)
Class com.android.tools.lint.model.DefaultLintModelModule                             : loaded 3 times (x 95B)
Class kotlin.coroutines.CoroutineContext$Key                                          : loaded 3 times (x 67B)
Class kotlin.coroutines.jvm.internal.RestrictedContinuationImpl                       : loaded 3 times (x 84B)
Class org.gradle.kotlin.dsl.ImplementationConfigurationAccessorsKt                    : loaded 3 times (x 68B)
Class com.android.tools.lint.model.LintModelSerialization                             : loaded 3 times (x 73B)
Class kotlin.sequences.SequenceBuilderIterator                                        : loaded 3 times (x 82B)
Class kotlin.jvm.internal.markers.KMutableSet                                         : loaded 3 times (x 67B)
Class kotlin.jvm.functions.Function13                                                 : loaded 3 times (x 67B)
Class org.jetbrains.kotlin.build.report.metrics.GradleBuildTime$Companion             : loaded 3 times (x 68B)
Class kotlin.reflect.jvm.internal.KCallableImpl$$Lambda$3                             : loaded 3 times (x 73B)
Class kotlin.ranges.OpenEndRange                                                      : loaded 3 times (x 67B)
Class org.jetbrains.kotlin.cli.common.CompilerSystemProperties$Companion              : loaded 3 times (x 68B)
Class com.android.ide.common.gradle.Version$Companion$ParseState$EMPTY                : loaded 3 times (x 71B)
Class kotlin.text.Charsets                                                            : loaded 3 times (x 68B)
Class kotlin.jvm.functions.Function14                                                 : loaded 3 times (x 67B)
Class kotlin.reflect.jvm.internal.impl.builtins.functions.FunctionTypeKind$KFunction  : loaded 3 times (x 69B)
Class kotlin.reflect.jvm.internal.impl.name.SpecialNames                              : loaded 3 times (x 68B)
Class kotlin.reflect.jvm.internal.KCallableImpl$$Lambda$4                             : loaded 3 times (x 73B)
Class kotlin.io.FilesKt__FileTreeWalkKt                                               : loaded 3 times (x 68B)
Class com.android.ide.common.repository.AgpVersion$Companion$WhenMappings             : loaded 3 times (x 68B)
Class [Lcom.android.prefs.Global;                                                     : loaded 3 times (x 66B)
Class it.unimi.dsi.fastutil.ints.IntArrays$Segment                                    : loaded 3 times (x 68B)
Class kotlin.io.FilesKt__UtilsKt                                                      : loaded 3 times (x 68B)
Class it.unimi.dsi.fastutil.ints.IntBidirectionalIterator                             : loaded 3 times (x 67B)
Class kotlin.jvm.internal.CollectionToArray                                           : loaded 3 times (x 68B)
Class kotlin.reflect.jvm.internal.KProperty1Impl                                      : loaded 3 times (x 125B)
Class kotlin.text.RegexKt                                                             : loaded 3 times (x 68B)
Class kotlin.coroutines.intrinsics.IntrinsicsKt__IntrinsicsKt                         : loaded 3 times (x 68B)
Class kotlin.reflect.jvm.internal.KDeclarationContainerImpl                           : loaded 3 times (x 81B)
Class kotlin.jvm.functions.Function15                                                 : loaded 3 times (x 67B)
Class com.android.ProgressManagerAdapter                                              : loaded 3 times (x 70B)
Class com.android.ide.common.repository.AgpVersion$PreviewKind$Companion              : loaded 3 times (x 68B)
Class kotlin.reflect.jvm.internal.KCallableImpl$$Lambda$5                             : loaded 3 times (x 73B)
Class com.android.tools.lint.model.LintModelSeverity$Companion                        : loaded 3 times (x 68B)
Class org.jetbrains.kotlin.cli.jvm.compiler.KotlinCoreEnvironment                     : loaded 3 times (x 69B)
Class it.unimi.dsi.fastutil.objects.ObjectIterator                                    : loaded 3 times (x 67B)
Class kotlin.SafePublicationLazyImpl                                                  : loaded 3 times (x 73B)
Class kotlin.reflect.jvm.internal.ReflectProperties                                   : loaded 3 times (x 68B)
Class com.android.tools.lint.model.LintModelAndroidLibrary                            : loaded 3 times (x 67B)
Class kotlin.reflect.KProperty$Getter                                                 : loaded 3 times (x 67B)
Class kotlin.text.CharsKt__CharKt                                                     : loaded 3 times (x 68B)
Class kotlin.jvm.functions.Function16                                                 : loaded 3 times (x 67B)
Class kotlin.reflect.jvm.internal.CacheByClassKt                                      : loaded 3 times (x 68B)
Class kotlin.text.MatchResult$Destructured                                            : loaded 3 times (x 69B)
Class kotlin.coroutines.EmptyCoroutineContext                                         : loaded 3 times (x 74B)
Class kotlin.collections.AbstractMutableSet                                           : loaded 3 times (x 139B)
Class kotlin.Metadata                                                                 : loaded 3 times (x 67B)
Class kotlin.reflect.jvm.internal.KClassImpl$Data$$Lambda$9                           : loaded 3 times (x 73B)
Class org.jetbrains.kotlin.cli.common.messages.MessageCollector$Companion$NONE$1      : loaded 3 times (x 73B)
Class [Lcom.android.ide.common.repository.AgpVersion$PreviewKind;                     : loaded 3 times (x 66B)
Class kotlin.sequences.SequencesKt___SequencesKt$flatMap$2                            : loaded 3 times (x 122B)
Class kotlin.jvm.internal.Lambda                                                      : loaded 3 times (x 72B)
Class com.android.prefs.AndroidLocationsProvider                                      : loaded 3 times (x 67B)
Class kotlin.jvm.functions.Function17                                                 : loaded 3 times (x 67B)
Class com.android.sdklib.AndroidApiLevel$Companion                                    : loaded 3 times (x 68B)
Class com.android.tools.lint.model.DefaultLintModelAndroidLibrary                     : loaded 3 times (x 108B)
Class it.unimi.dsi.fastutil.objects.ObjectIterable                                    : loaded 3 times (x 67B)
Class [Lkotlin.reflect.KDeclarationContainer;                                         : loaded 3 times (x 66B)
Class kotlin.reflect.jvm.internal.KClassImpl$Data$$Lambda$8                           : loaded 3 times (x 73B)
Class kotlin.jvm.internal.MutablePropertyReference0                                   : loaded 3 times (x 134B)
Class com.android.tools.lint.model.PathVariables$Companion$PATH_COMPARATOR$4          : loaded 3 times (x 75B)
Class kotlin.reflect.KFunction                                                        : loaded 3 times (x 67B)
Class kotlin.reflect.jvm.internal.KClassImpl$Data$$Lambda$7                           : loaded 3 times (x 73B)
Class [Lkotlin.reflect.jvm.internal.impl.name.FqName;                                 : loaded 3 times (x 66B)
Class kotlin.reflect.jvm.internal.impl.builtins.CompanionObjectMapping                : loaded 3 times (x 68B)
Class com.android.ide.common.gradle.Version$Companion$ParseState$NUMERIC              : loaded 3 times (x 71B)
Class com.android.ide.common.repository.AgpVersion$PreviewKind                        : loaded 3 times (x 76B)
Class com.android.tools.lint.model.PathVariables$Companion$PATH_COMPARATOR$3          : loaded 3 times (x 75B)
Class [Lcom.android.tools.lint.model.LintModelModuleType;                             : loaded 3 times (x 66B)
Class kotlin.reflect.jvm.internal.KClassImpl$Data$$Lambda$6                           : loaded 3 times (x 73B)
Class com.android.tools.lint.model.LintModelSerialization$LintModelSerializationFileAdapter$WhenMappings: loaded 3 times (x 68B)
Class it.unimi.dsi.fastutil.longs.LongCollection                                      : loaded 3 times (x 67B)
Class it.unimi.dsi.fastutil.Stack                                                     : loaded 3 times (x 67B)
Class com.android.tools.lint.model.PathVariables$Companion$PATH_COMPARATOR$2          : loaded 3 times (x 75B)
Class com.android.prefs.PathLocator$singlePathOf$values$2                             : loaded 3 times (x 75B)
Class kotlin.jvm.internal.TypeIntrinsics                                              : loaded 3 times (x 68B)
Class kotlin.reflect.jvm.internal.ComputableClassValue                                : loaded 3 times (x 77B)
Class kotlin.reflect.jvm.internal.KClassImpl$Data$$Lambda$5                           : loaded 3 times (x 73B)
Class kotlin.reflect.jvm.internal.impl.resolve.jvm.JvmPrimitiveType                   : loaded 3 times (x 76B)
Class com.android.tools.lint.model.PathVariables$Companion$PATH_COMPARATOR$1          : loaded 3 times (x 75B)
Class com.android.prefs.PathLocator$singlePathOf$values$1                             : loaded 3 times (x 76B)
Class com.android.tools.lint.model.LintModelLintOptions                               : loaded 3 times (x 67B)
Class com.android.sdklib.AndroidApiLevel                                              : loaded 3 times (x 71B)
Class kotlin.jvm.functions.Function18                                                 : loaded 3 times (x 67B)
Class kotlin.reflect.jvm.internal.CachesKt                                            : loaded 3 times (x 68B)
Class org.jetbrains.kotlin.cli.common.messages.MessageCollector                       : loaded 3 times (x 67B)
Class kotlin.ranges.ClosedRange                                                       : loaded 3 times (x 67B)
Class kotlin.reflect.KProperty                                                        : loaded 3 times (x 67B)
Class kotlin.jvm.internal.Reflection                                                  : loaded 3 times (x 68B)
Class kotlin.reflect.jvm.internal.KPropertyImpl                                       : loaded 3 times (x 112B)
Class kotlin.reflect.jvm.internal.KClassImpl$Data$$Lambda$4                           : loaded 3 times (x 73B)
Class kotlin.coroutines.ContinuationInterceptor                                       : loaded 3 times (x 67B)
Class kotlin.jvm.JvmClassMappingKt                                                    : loaded 3 times (x 68B)
Class [Lkotlin.reflect.KAnnotatedElement;                                             : loaded 3 times (x 66B)
Class kotlin.reflect.jvm.internal.ReflectProperties$LazySoftVal                       : loaded 3 times (x 75B)
Class kotlin.reflect.jvm.internal.KClassImpl$Data$$Lambda$3                           : loaded 3 times (x 73B)
Class kotlin.reflect.jvm.internal.impl.builtins.StandardNames                         : loaded 3 times (x 68B)
Class [Lkotlin.reflect.jvm.internal.impl.builtins.PrimitiveType;                      : loaded 3 times (x 66B)
Class org.jetbrains.kotlin.build.report.metrics.BuildMetricsReporter                  : loaded 3 times (x 67B)
Class kotlin.jvm.internal.CallableReference$NoReceiver                                : loaded 3 times (x 68B)
Class [Lcom.android.tools.lint.model.LintModelSerialization$TargetFile;               : loaded 3 times (x 66B)
Class com.android.tools.lint.model.LintModelAndroidArtifact                           : loaded 3 times (x 67B)
Class kotlin.reflect.jvm.internal.KClassImpl$Data$$Lambda$2                           : loaded 3 times (x 73B)
Class com.google.common.io.Files$2                                                    : loaded 3 times (x 73B)
Class com.android.prefs.AbstractAndroidLocations$Companion                            : loaded 3 times (x 68B)
Class com.android.prefs.VariableValue                                                 : loaded 3 times (x 81B)
Class it.unimi.dsi.fastutil.ints.IntArrays$ForkJoinQuickSort                          : loaded 3 times (x 93B)
Class kotlin.jvm.functions.Function19                                                 : loaded 3 times (x 67B)
Class org.jetbrains.kotlin.config.ApiVersion                                          : loaded 3 times (x 83B)
Class kotlin.internal.PlatformImplementationsKt                                       : loaded 3 times (x 68B)
Class kotlin.jvm.internal.PropertyReference                                           : loaded 3 times (x 112B)
Class kotlin.reflect.jvm.internal.KClassImpl$Data$$Lambda$1                           : loaded 3 times (x 73B)
Class com.android.prefs.Global                                                        : loaded 3 times (x 77B)
Class kotlin.collections.CharIterator                                                 : loaded 3 times (x 79B)
Class kotlin.internal.ProgressionUtilKt                                               : loaded 3 times (x 68B)
Class kotlin.reflect.KMutableProperty                                                 : loaded 3 times (x 67B)
Class kotlin.reflect.jvm.internal.KClassifierImpl                                     : loaded 3 times (x 67B)
Class kotlin.reflect.jvm.internal.KClassImpl$Data$$Lambda$0                           : loaded 3 times (x 73B)
Class it.unimi.dsi.fastutil.ints.IntOpenHashSet                                       : loaded 3 times (x 236B)
Class org.jetbrains.kotlin.cli.common.messages.MessageRenderer                        : loaded 3 times (x 67B)
Class com.android.tools.lint.model.LintModelMavenName$Companion                       : loaded 3 times (x 68B)
Class [Lkotlin.jvm.functions.Function1;                                               : loaded 3 times (x 66B)
Class com.android.tools.lint.model.DefaultLintModelVariant$artifact$2                 : loaded 3 times (x 76B)
Class kotlin.jvm.internal.AdaptedFunctionReference                                    : loaded 3 times (x 74B)
Class kotlin.reflect.jvm.internal.KotlinReflectionInternalError                       : loaded 3 times (x 79B)
Class kotlin.reflect.jvm.internal.impl.builtins.jvm.JavaToKotlinClassMap              : loaded 3 times (x 68B)
Class it.unimi.dsi.fastutil.objects.ObjectBidirectionalIterator                       : loaded 3 times (x 67B)
Class it.unimi.dsi.fastutil.ints.IntArrays$ForkJoinQuickSort2                         : loaded 3 times (x 93B)
Class kotlin.reflect.jvm.internal.impl.builtins.functions.FunctionTypeKind$Function   : loaded 3 times (x 69B)
Class kotlin.reflect.jvm.internal.KCallableImpl                                       : loaded 3 times (x 102B)
Class kotlin.reflect.KProperty$Accessor                                               : loaded 3 times (x 67B)
Class [Lkotlin.reflect.KCallable;                                                     : loaded 3 times (x 66B)
Class com.google.common.collect.ImmutableSet$Builder                                  : loaded 3 times (x 82B)
Class com.android.prefs.AndroidPathLocator                                            : loaded 3 times (x 70B)
Class kotlin.Result$Failure                                                           : loaded 3 times (x 69B)
Class com.android.ide.common.repository.AgpVersion                                    : loaded 3 times (x 72B)
Class com.android.tools.lint.model.DefaultLintModelDependencies                       : loaded 3 times (x 76B)
Class kotlin.sequences.FlatteningSequence                                             : loaded 3 times (x 72B)
Class kotlin.ResultKt                                                                 : loaded 3 times (x 68B)
Class kotlin.reflect.jvm.internal.ClassValueCache                                     : loaded 3 times (x 71B)
Class kotlin.text.MatcherMatchResult                                                  : loaded 3 times (x 77B)
Class com.android.tools.lint.model.LintModelDependencyGraph                           : loaded 3 times (x 67B)
Class kotlin.collections.builders.ListBuilderKt                                       : loaded 3 times (x 68B)
Class kotlin.coroutines.ContinuationKt                                                : loaded 3 times (x 68B)
Class kotlin.reflect.jvm.internal.impl.builtins.StandardNames$FqNames                 : loaded 3 times (x 68B)
Class kotlin.text.MatchGroupCollection                                                : loaded 3 times (x 67B)
Class com.android.manifmerger.ManifestMerger2$MergeFailureException                   : loaded 3 times (x 79B)
Class com.android.tools.lint.model.LintModelJavaLibrary                               : loaded 3 times (x 67B)
Class com.android.tools.lint.model.PathVariables$Companion                            : loaded 3 times (x 68B)
Class kotlin.collections.ArraysKt___ArraysKt$asSequence$$inlined$Sequence$1           : loaded 3 times (x 72B)
Class com.android.ide.common.gradle.Numeric                                           : loaded 3 times (x 74B)
Class [Lcom.android.prefs.VariableValue;                                              : loaded 3 times (x 66B)
Class kotlin.jvm.internal.ArrayIteratorKt                                             : loaded 3 times (x 68B)
Class kotlin.sequences.DropTakeSequence                                               : loaded 3 times (x 67B)
Class kotlin.io.TextStreamsKt                                                         : loaded 3 times (x 68B)
Class [Lkotlin.reflect.KProperty;                                                     : loaded 3 times (x 66B)
Class com.android.tools.lint.model.DefaultLintModelDependencyGraph                    : loaded 3 times (x 75B)
Class com.android.tools.lint.model.LintModelSourceProvider                            : loaded 3 times (x 67B)
Class com.android.ide.common.gradle.Separator                                         : loaded 3 times (x 76B)
Class kotlin.reflect.jvm.internal.ReflectionFactoryImpl                               : loaded 3 times (x 88B)
Class it.unimi.dsi.fastutil.ints.IntArraySet                                          : loaded 3 times (x 232B)
Class com.android.tools.lint.model.DefaultLintModelLintOptions                        : loaded 3 times (x 100B)
Class com.android.tools.lint.model.LintModelModuleLoader                              : loaded 3 times (x 67B)
Class [Lorg.jetbrains.kotlin.build.report.metrics.BuildTime;                          : loaded 3 times (x 66B)
Class com.google.common.collect.ImmutableSet$EmptySetBuilderImpl                      : loaded 3 times (x 73B)
Class com.android.tools.lint.model.DefaultLintModelLibraryResolver                    : loaded 3 times (x 73B)
Class it.unimi.dsi.fastutil.Function                                                  : loaded 3 times (x 67B)
Class kotlin.text.DelimitedRangesSequence$iterator$1                                  : loaded 3 times (x 76B)
Class kotlin.coroutines.ContinuationInterceptor$Key                                   : loaded 3 times (x 68B)
Class kotlin.reflect.jvm.internal.impl.builtins.functions.FunctionTypeKind$SuspendFunction: loaded 3 times (x 69B)
Class kotlin.reflect.KMutableProperty0                                                : loaded 3 times (x 67B)
Class kotlin.reflect.KClassifier                                                      : loaded 3 times (x 67B)
Class com.android.io.CancellableFileIo                                                : loaded 3 times (x 68B)
Class kotlin.text.CharsKt                                                             : loaded 3 times (x 68B)
Class com.android.tools.lint.model.LintModelSeverity                                  : loaded 3 times (x 76B)
Class kotlin.io.LinesSequence$iterator$1                                              : loaded 3 times (x 76B)
Class org.jetbrains.kotlin.cli.common.messages.MessageCollector$Companion             : loaded 3 times (x 68B)
Class kotlin.reflect.KCallable                                                        : loaded 3 times (x 67B)
Class kotlin.io.FilesKt__FilePathComponentsKt                                         : loaded 3 times (x 68B)
Class kotlin.coroutines.jvm.internal.SuspendFunction                                  : loaded 3 times (x 67B)
Class kotlin.coroutines.CoroutineContext$Element                                      : loaded 3 times (x 67B)
Class kotlin.reflect.jvm.internal.CacheByClass                                        : loaded 3 times (x 70B)
Class kotlin.sequences.SequenceScope                                                  : loaded 3 times (x 70B)
Class kotlin.reflect.jvm.internal.impl.builtins.jvm.JavaToKotlinClassMap$PlatformMutabilityMapping: loaded 3 times (x 69B)
Class kotlin.reflect.jvm.internal.KProperty1Impl$$Lambda$0                            : loaded 3 times (x 73B)
Class kotlin.reflect.jvm.internal.impl.utils.CollectionsKt                            : loaded 3 times (x 68B)
Class it.unimi.dsi.fastutil.ints.IntSpliterator                                       : loaded 3 times (x 67B)
Class kotlin.reflect.KMutableProperty1                                                : loaded 3 times (x 67B)
Class com.android.tools.lint.model.LintModelDependency                                : loaded 3 times (x 67B)
Class kotlin.coroutines.jvm.internal.CompletedContinuation                            : loaded 3 times (x 72B)
Class kotlin.internal.jdk7.JDK7PlatformImplementations                                : loaded 3 times (x 73B)
Class kotlin.reflect.KProperty2                                                       : loaded 3 times (x 67B)
Class [Lkotlin.Function;                                                              : loaded 3 times (x 66B)
Class kotlin.sequences.TransformingSequence$iterator$1                                : loaded 3 times (x 76B)
Class com.android.tools.lint.model.LintModelModuleType                                : loaded 3 times (x 76B)
Class kotlin.Pair                                                                     : loaded 3 times (x 69B)
Class kotlin.reflect.KClass                                                           : loaded 3 times (x 67B)
Class it.unimi.dsi.fastutil.ints.IntSet                                               : loaded 3 times (x 67B)
Class it.unimi.dsi.fastutil.ints.IntIterable                                          : loaded 3 times (x 67B)
Class kotlin.reflect.KProperty1                                                       : loaded 3 times (x 67B)
Class kotlin.coroutines.intrinsics.IntrinsicsKt__IntrinsicsJvmKt                      : loaded 3 times (x 68B)
Class org.jetbrains.kotlin.build.report.metrics.GradleBuildTime                       : loaded 3 times (x 83B)
Class kotlin.coroutines.jvm.internal.CoroutineStackFrame                              : loaded 3 times (x 67B)
Class com.google.common.base.Splitter$5                                               : loaded 3 times (x 77B)
Class it.unimi.dsi.fastutil.ints.IntCollection                                        : loaded 3 times (x 67B)
Class kotlin.Result                                                                   : loaded 3 times (x 69B)
Class kotlin.text.MatchResult                                                         : loaded 3 times (x 67B)
Class com.android.tools.lint.model.DefaultLintModelVariant                            : loaded 3 times (x 98B)
Class com.android.tools.lint.model.LintModelArtifact                                  : loaded 3 times (x 67B)
Class it.unimi.dsi.fastutil.ints.AbstractIntCollection                                : loaded 3 times (x 182B)
Class kotlin.reflect.KProperty0                                                       : loaded 3 times (x 67B)
Class kotlin.comparisons.ComparisonsKt___ComparisonsJvmKt                             : loaded 3 times (x 68B)
Class kotlin.reflect.KMutableProperty2                                                : loaded 3 times (x 67B)
Class kotlin.reflect.jvm.internal.impl.name.StandardClassIdsKt                        : loaded 3 times (x 68B)
Class kotlin.reflect.jvm.internal.impl.name.FqNamesUtilKt                             : loaded 3 times (x 68B)
Class kotlin.collections.builders.ListBuilder                                         : loaded 3 times (x 204B)
Class kotlin.collections.builders.ListBuilder$Companion                               : loaded 3 times (x 68B)
Class [Lcom.android.tools.lint.model.LintModelSeverity;                               : loaded 3 times (x 66B)
Class com.google.common.collect.ImmutableCollection$Builder                           : loaded 3 times (x 73B)
Class com.android.prefs.PathLocator$WhenMappings                                      : loaded 3 times (x 68B)
Class kotlin.jvm.internal.FunctionBase                                                : loaded 3 times (x 67B)
Class kotlin.jvm.internal.FunctionReference                                           : loaded 3 times (x 119B)
Class com.android.tools.lint.model.DefaultLintModelArtifact                           : loaded 3 times (x 81B)
Class it.unimi.dsi.fastutil.objects.ReferenceCollection                               : loaded 3 times (x 67B)
Class [Lkotlin.coroutines.intrinsics.CoroutineSingletons;                             : loaded 3 times (x 66B)
Class kotlin.reflect.jvm.internal.impl.name.StandardClassIds                          : loaded 3 times (x 68B)
Class it.unimi.dsi.fastutil.longs.LongSet                                             : loaded 3 times (x 67B)
Class kotlin.reflect.jvm.internal.RuntimeTypeMapper                                   : loaded 3 times (x 68B)
Class kotlin.coroutines.jvm.internal.DebugProbesKt                                    : loaded 3 times (x 68B)
Class com.android.utils.Pair                                                          : loaded 3 times (x 69B)
Class kotlin.text.Regex$Companion                                                     : loaded 3 times (x 68B)
Class kotlin._Assertions                                                              : loaded 3 times (x 68B)
Class kotlin.reflect.jvm.internal.impl.builtins.functions.FunctionTypeKind            : loaded 3 times (x 69B)
Class kotlin.coroutines.CoroutineContext                                              : loaded 3 times (x 67B)
Class com.android.tools.lint.model.DefaultLintModelDependency                         : loaded 3 times (x 83B)
Class kotlin.jvm.functions.Function20                                                 : loaded 3 times (x 67B)
Class kotlin.reflect.jvm.internal.KProperty1Impl$$Lambda$1                            : loaded 3 times (x 73B)
Class com.android.tools.lint.model.DefaultLintModelLibrary                            : loaded 3 times (x 83B)
Class com.android.tools.lint.model.DefaultLintModelBuildFeatures                      : loaded 3 times (x 74B)
Class kotlin.reflect.jvm.internal.impl.builtins.PrimitiveType$$Lambda$0               : loaded 3 times (x 73B)
Class com.android.prefs.AndroidLocationsException                                     : loaded 3 times (x 79B)
Class com.android.tools.lint.model.LintModelSerialization$TargetFile                  : loaded 3 times (x 76B)
Class [Lcom.android.tools.lint.model.LintModelNamespacingMode;                        : loaded 3 times (x 66B)
Class com.android.tools.lint.model.LintModelModuleLibrary                             : loaded 3 times (x 67B)
Class kotlin.reflect.KTypeParameter                                                   : loaded 3 times (x 67B)
Class it.unimi.dsi.fastutil.ints.IntIterator                                          : loaded 3 times (x 67B)
Class kotlin.reflect.jvm.internal.impl.builtins.PrimitiveType$$Lambda$1               : loaded 3 times (x 73B)
Class kotlin.coroutines.jvm.internal.ContinuationImpl                                 : loaded 3 times (x 84B)
Class org.jetbrains.kotlin.cli.common.CompilerSystemProperties                        : loaded 3 times (x 77B)
Class kotlin.coroutines.jvm.internal.SuspendLambda                                    : loaded 3 times (x 88B)
Class it.unimi.dsi.fastutil.objects.ObjectSpliterator                                 : loaded 3 times (x 67B)
Class kotlin.jvm.functions.Function22                                                 : loaded 3 times (x 67B)
Class kotlin.ranges.IntProgression                                                    : loaded 3 times (x 78B)
Class kotlin.reflect.jvm.internal.impl.name.ClassId                                   : loaded 3 times (x 69B)
Class kotlin.jvm.functions.Function21                                                 : loaded 3 times (x 67B)
Class it.unimi.dsi.fastutil.longs.LongIterable                                        : loaded 3 times (x 67B)
Class kotlin.jvm.internal.MutablePropertyReference                                    : loaded 3 times (x 116B)
Class kotlin.collections.CollectionsKt___CollectionsKt$asSequence$$inlined$Sequence$1 : loaded 3 times (x 72B)
Class kotlin.jvm.KotlinReflectionNotSupportedError                                    : loaded 3 times (x 79B)
Class com.android.tools.lint.detector.api.LintModelModuleProject$Companion            : loaded 2 times (x 68B)
Class [Lorg.objectweb.asm.AnnotationVisitor;                                          : loaded 2 times (x 66B)
Class org.jetbrains.kotlin.gradle.plugin.statistics.BuildFinishMetrics$reportBuildFinished$1: loaded 2 times (x 76B)
Class com.google.common.collect.MapMakerInternalMap$Strength$2                        : loaded 2 times (x 77B)
Class org.jetbrains.kotlin.gradle.plugin.statistics.ExecutedTaskMetrics               : loaded 2 times (x 68B)
Class org.jetbrains.kotlin.gradle.plugin.diagnostics.CheckKotlinGradlePluginConfigurationErrors$Companion: loaded 2 times (x 68B)
Class org.jetbrains.kotlin.gradle.tasks.KotlinJvmCompile$DefaultImpls                 : loaded 2 times (x 68B)
Class org.jetbrains.kotlin.gradle.tasks.CacheableTasksKt                              : loaded 2 times (x 68B)
Class org.jetbrains.kotlin.konan.target.HostManager$targetValues$2                    : loaded 2 times (x 75B)
Class org.jetbrains.kotlin.gradle.plugin.diagnostics.checkers.UnusedSourceSetsChecker$runChecks$1: loaded 2 times (x 85B)
Class [Lorg.jetbrains.kotlin.konan.target.Family;                                     : loaded 2 times (x 66B)
Class org.jetbrains.kotlin.gradle.targets.js.npm.PeerNpmDependencyExtension           : loaded 2 times (x 67B)
Class org.jetbrains.kotlin.gradle.dsl.AndroidMainSourceSetConventionsChecker          : loaded 2 times (x 71B)
Class org.jetbrains.kotlin.gradle.plugin.diagnostics.checkers.WasmJsEnvironmentChecker$1: loaded 2 times (x 75B)
Class org.jetbrains.kotlin.gradle.targets.js.npm.NpmDependencyExtensionKt$AddNpmDependencyExtensionProjectSetupAction$1: loaded 2 times (x 71B)
Class org.jetbrains.kotlin.build.report.metrics.GradleBuildPerformanceMetric          : loaded 2 times (x 89B)
Class org.jetbrains.kotlin.gradle.internal.properties.PropertiesBuildService$NullableBooleanGradleProperty: loaded 2 times (x 73B)
Class com.google.common.cache.LocalCache$LocalLoadingCache                            : loaded 2 times (x 131B)
Class org.gradle.internal.service.UnknownServiceException                             : loaded 2 times (x 80B)
Class org.jetbrains.kotlin.analysis.api.platform.lifetime.KaLifetimeTracker$Companion : loaded 2 times (x 68B)
Class [Lcom.intellij.psi.PsiJvmModifiersOwner;                                        : loaded 2 times (x 66B)
Class org.jetbrains.kotlin.load.java.structure.JavaElement                            : loaded 2 times (x 67B)
Class com.intellij.lang.java.parser.BasicDeclarationParser                            : loaded 2 times (x 85B)
Class com.intellij.psi.impl.source.resolve.FileContextUtil                            : loaded 2 times (x 68B)
Class [Lorg.jetbrains.kotlin.protobuf.WireFormat$JavaType;                            : loaded 2 times (x 66B)
Class org.jetbrains.kotlin.metadata.ProtoBuf$StringTableOrBuilder                     : loaded 2 times (x 67B)
Class com.intellij.psi.impl.source.tree.JavaElementType$1                             : loaded 2 times (x 104B)
Class com.intellij.psi.tree.IReparseableElementTypeBase                               : loaded 2 times (x 67B)
Class com.android.tools.lint.checks.AppBundleLocaleChangesDetector                    : loaded 2 times (x 176B)
Class com.intellij.psi.stubs.LightLanguageStubDefinition                              : loaded 2 times (x 67B)
Class org.jetbrains.kotlin.psi.KtInitializerList                                      : loaded 2 times (x 443B)
Class [Lorg.jetbrains.kotlin.psi.KtVariableDeclaration;                               : loaded 2 times (x 66B)
Class [Lorg.jetbrains.kotlin.psi.KtCallableDeclaration;                               : loaded 2 times (x 66B)
Class com.android.tools.lint.checks.BidirectionalTextDetector$Companion               : loaded 2 times (x 68B)
Class com.android.tools.lint.checks.ButtonDetector                                    : loaded 2 times (x 152B)
Class com.intellij.psi.impl.source.PsiImmediateClassType                              : loaded 2 times (x 127B)
Class com.intellij.psi.PsiClassType$Stub                                              : loaded 2 times (x 127B)
Class com.intellij.openapi.vfs.VirtualFileFilter                                      : loaded 2 times (x 67B)
Class com.intellij.psi.SmartTypePointer                                               : loaded 2 times (x 67B)
Class kotlinx.coroutines.IncompleteStateBox                                           : loaded 2 times (x 69B)
Class org.codehaus.stax2.ri.typed.ValueDecoderFactory                                 : loaded 2 times (x 69B)
Class com.intellij.ide.plugins.ModuleDependenciesDescriptor$Companion                 : loaded 2 times (x 68B)
Class org.codehaus.stax2.ri.typed.ValueDecoderFactory$BooleanDecoder                  : loaded 2 times (x 81B)
Class com.intellij.openapi.extensions.LoadingOrder$Companion                          : loaded 2 times (x 68B)
Class com.intellij.util.ConcurrentLongObjectHashMap$Node                              : loaded 2 times (x 74B)
Class com.intellij.lang.java.JavaLanguage                                             : loaded 2 times (x 104B)
Class com.android.tools.lint.checks.WrongConstructorDetector$Issues                   : loaded 2 times (x 68B)
Class com.android.tools.lint.checks.RequiredAttributeDetector                         : loaded 2 times (x 177B)
Class com.android.tools.lint.checks.PermissionDetector$Companion                      : loaded 2 times (x 68B)
Class com.android.tools.lint.checks.OnClickDetector                                   : loaded 2 times (x 177B)
Class com.android.tools.lint.checks.GradleDetector                                    : loaded 2 times (x 165B)
Class com.android.tools.lint.checks.ExtraTextDetector                                 : loaded 2 times (x 151B)
Class com.android.tools.lint.checks.DuplicateResourceDetector                         : loaded 2 times (x 152B)
Class com.android.tools.lint.detector.api.TextFormat$Companion                        : loaded 2 times (x 68B)
Class com.android.tools.lint.detector.api.ClassContext                                : loaded 2 times (x 74B)
Class com.android.tools.lint.detector.api.LintModelModuleLibraryProject               : loaded 2 times (x 153B)
Class com.google.common.collect.MapMakerInternalMap$StrongValueEntry                  : loaded 2 times (x 67B)
Class com.google.common.io.ByteArrayDataInput                                         : loaded 2 times (x 67B)
Class org.jetbrains.kotlin.gradle.tasks.configuration.BaseKotlinCompileConfig$2$1$1$1 : loaded 2 times (x 71B)
Class org.jetbrains.kotlin.gradle.tasks.KotlinCompile$ScriptFilterSpec                : loaded 2 times (x 72B)
Class org.jetbrains.kotlin.gradle.plugin.diagnostics.checkers.ComposePluginSuggestApplyChecker$runChecks$1: loaded 2 times (x 85B)
Class org.jetbrains.kotlin.konan.target.KonanTarget$TVOS_ARM64                        : loaded 2 times (x 75B)
Class org.jetbrains.kotlin.gradle.targets.js.npm.DefaultPeerNpmDependencyExtension    : loaded 2 times (x 138B)
Class org.jetbrains.kotlin.gradle.plugin.KotlinPluginLifecycleKt                      : loaded 2 times (x 68B)
Class org.jetbrains.kotlin.gradle.plugin.diagnostics.checkers.WasmJsEnvironmentChecker$2: loaded 2 times (x 75B)
Class org.jetbrains.kotlin.gradle.plugin.mpp.AbstractKotlinTarget                     : loaded 2 times (x 153B)
Class org.jetbrains.kotlin.gradle.internal.properties.NativePropertiesLoader$kotlinNativeVersion$1: loaded 2 times (x 72B)
Class org.jetbrains.kotlin.gradle.plugin.VariantImplementationFactoriesConfigurator$Inject: loaded 2 times (x 93B)
Class org.jetbrains.kotlin.gradle.dsl.KotlinSingleTargetExtension                     : loaded 2 times (x 121B)
Class org.objectweb.asm.ModuleVisitor                                                 : loaded 2 times (x 78B)
Class com.google.common.cache.LocalCache$Strength$1                                   : loaded 2 times (x 78B)
Class org.jetbrains.kotlin.analysis.api.impl.base.lifetime.KaBaseLifetimeTracker$Companion: loaded 2 times (x 68B)
Class org.jetbrains.kotlin.resolve.jvm.extensions.AnalysisHandlerExtension            : loaded 2 times (x 67B)
Class [Lcom.intellij.psi.PsiReference;                                                : loaded 2 times (x 66B)
Class org.jetbrains.kotlin.metadata.ProtoBuf$QualifiedNameTable$QualifiedNameOrBuilder: loaded 2 times (x 67B)
Class com.intellij.lang.java.parser.ReferenceParser                                   : loaded 2 times (x 78B)
Class com.intellij.psi.impl.source.tree.JavaDocElementType                            : loaded 2 times (x 67B)
Class org.jetbrains.kotlin.protobuf.GeneratedMessageLite$ExtendableMessage            : loaded 2 times (x 110B)
Class kotlin.collections.MapWithDefault                                               : loaded 2 times (x 67B)
Class com.intellij.psi.PsiModifierList                                                : loaded 2 times (x 67B)
Class com.intellij.psi.impl.java.stubs.JavaRecordHeaderElementType                    : loaded 2 times (x 123B)
Class [Lcom.intellij.psi.impl.source.tree.FileElement;                                : loaded 2 times (x 66B)
Class org.jetbrains.kotlin.psi.stubs.elements.KtStringInterpolationPrefixElementType  : loaded 2 times (x 97B)
Class org.jetbrains.kotlin.psi.KtCollectionLiteralExpression                          : loaded 2 times (x 568B)
Class [Lorg.jetbrains.kotlin.psi.KtSuperTypeListEntry;                                : loaded 2 times (x 66B)
Class org.jetbrains.kotlin.psi.KtTypeParameterList                                    : loaded 2 times (x 445B)
Class com.intellij.util.CachedValueBase$PsiDependentData                              : loaded 2 times (x 78B)
Class kotlin.collections.Grouping                                                     : loaded 2 times (x 67B)
Class org.jetbrains.kotlin.analysis.api.standalone.base.projectStructure.PluginStructureProvider$ReadContext: loaded 2 times (x 72B)
Class com.android.tools.lint.checks.MissingClassDetector                              : loaded 2 times (x 160B)
Class com.intellij.codeInsight.ExternalAnnotationsManager                             : loaded 2 times (x 86B)
Class com.android.tools.lint.checks.WearBackNavigationDetector$Issues                 : loaded 2 times (x 68B)
Class org.jetbrains.kotlin.cli.jvm.compiler.KotlinCliJavaFileManagerImpl              : loaded 2 times (x 90B)
Class kotlinx.coroutines.internal.AtomicKt                                            : loaded 2 times (x 68B)
Class com.intellij.psi.impl.GeneratedMarkerVisitor                                    : loaded 2 times (x 74B)
Class kotlinx.coroutines.flow.ThrowingCollector                                       : loaded 2 times (x 72B)
Class com.intellij.openapi.Disposable$Default                                         : loaded 2 times (x 67B)
Class kotlinx.coroutines.JobImpl                                                      : loaded 2 times (x 135B)
Class com.intellij.mock.MockResolveScopeManager                                       : loaded 2 times (x 72B)
Class com.fasterxml.aalto.in.ByteBasedPNameTable$Bucket                               : loaded 2 times (x 69B)
Class com.fasterxml.aalto.UncheckedStreamException                                    : loaded 2 times (x 79B)
Class kotlinx.coroutines.internal.SystemPropsKt                                       : loaded 2 times (x 68B)
Class com.intellij.openapi.util.Key                                                   : loaded 2 times (x 74B)
Class org.jetbrains.kotlin.config.LanguageVersion$Companion                           : loaded 2 times (x 68B)
Class com.intellij.openapi.vfs.VirtualFileManagerListener                             : loaded 2 times (x 67B)
Class com.intellij.util.containers.RefHashMap$MyMap                                   : loaded 2 times (x 183B)
Class org.jetbrains.kotlin.util.Logger                                                : loaded 2 times (x 67B)
Class com.android.tools.lint.checks.UnsafeBroadcastReceiverDetector                   : loaded 2 times (x 177B)
Class com.android.tools.lint.checks.StringFormatDetector                              : loaded 2 times (x 177B)
Class com.android.tools.lint.checks.SliceDetector                                     : loaded 2 times (x 167B)
Class com.android.tools.lint.checks.SignatureOrSystemDetector                         : loaded 2 times (x 151B)
Class com.android.tools.lint.checks.NotificationTrampolineDetector                    : loaded 2 times (x 167B)
Class com.android.tools.lint.checks.InternalInsetResourceDetector$Companion           : loaded 2 times (x 68B)
Class com.android.tools.lint.checks.IntentDetector                                    : loaded 2 times (x 167B)
Class com.android.ide.common.fonts.FontQueryParserError                               : loaded 2 times (x 79B)
Class com.android.tools.lint.checks.AppLinksAutoVerifyDetector                        : loaded 2 times (x 152B)
Class com.android.tools.lint.checks.ApiLookup$UnsupportedVersionException             : loaded 2 times (x 81B)
Class com.intellij.openapi.util.UserDataHolder                                        : loaded 2 times (x 67B)
Class com.android.tools.lint.detector.api.Issue                                       : loaded 2 times (x 72B)
Class com.android.tools.lint.Main$ArgumentState                                       : loaded 2 times (x 69B)
Class org.jetbrains.kotlin.gradle.tasks.configuration.BaseKotlinCompileConfig$2$1$1$2 : loaded 2 times (x 71B)
Class org.jetbrains.kotlin.gradle.plugin.mpp.KotlinCompilationsKt$addSourcesToKotlinCompileTask$configureAction$2: loaded 2 times (x 76B)
Class org.jetbrains.kotlin.gradle.plugin.mpp.compilationImpl.KotlinCompilationTaskNamesContainer: loaded 2 times (x 69B)
Class org.jetbrains.kotlin.gradle.plugin.mpp.compilationImpl.factory.KotlinCompilationImplFactory$KotlinCompilerOptionsFactory: loaded 2 times (x 67B)
Class org.jetbrains.kotlin.gradle.internal.properties.PropertiesBuildServiceKt$propertyWithDeprecatedName$1: loaded 2 times (x 72B)
Class org.jetbrains.kotlin.gradle.targets.js.npm.NpmDependencyExtension               : loaded 2 times (x 67B)
Class org.jetbrains.kotlin.gradle.plugin.LanguageSettingsBuilder                      : loaded 2 times (x 67B)
Class org.jetbrains.kotlin.gradle.plugin.diagnostics.checkers.WasmWasiEnvironmentChecker: loaded 2 times (x 73B)
Class org.jetbrains.kotlin.gradle.plugin.diagnostics.checkers.WasmJsEnvironmentChecker$3: loaded 2 times (x 75B)
Class org.jetbrains.kotlin.gradle.targets.ConfigureBuildSideEffectKt                  : loaded 2 times (x 68B)
Class org.jetbrains.kotlin.gradle.plugin.BuildEventsListenerRegistryHolder$Companion  : loaded 2 times (x 68B)
Class [Lorg.jetbrains.kotlin.statistics.metrics.StringMetrics;                        : loaded 2 times (x 66B)
Class org.jetbrains.kotlin.gradle.internal.properties.PropertiesBuildService$Inject   : loaded 2 times (x 93B)
Class com.google.common.util.concurrent.SettableFuture                                : loaded 2 times (x 111B)
Class com.google.common.cache.LocalCache$Strength$2                                   : loaded 2 times (x 78B)
Class com.intellij.openapi.components.ComponentManagerEx                              : loaded 2 times (x 67B)
Class org.jetbrains.kotlin.fir.extensions.FirExtensionRegistrarAdapter$Companion      : loaded 2 times (x 69B)
Class org.jetbrains.kotlin.cli.jvm.compiler.CliMetadataFinderFactory                  : loaded 2 times (x 73B)
Class [Lcom.intellij.psi.PsiTypeElement;                                              : loaded 2 times (x 66B)
Class org.jetbrains.kotlin.protobuf.CodedOutputStream$OutOfSpaceException             : loaded 2 times (x 79B)
Class [Lcom.intellij.openapi.extensions.ExtensionPoint$Kind;                          : loaded 2 times (x 66B)
Class org.jetbrains.kotlin.metadata.ProtoBuf$Annotation$Argument$Value                : loaded 2 times (x 124B)
Class com.intellij.psi.impl.source.tree.JavaDocElementType$JavaDocCompositeElementType: loaded 2 times (x 80B)
Class [Lcom.intellij.lang.ASTNode;                                                    : loaded 2 times (x 66B)
Class com.intellij.openapi.fileEditor.impl.LoadTextUtil$SevenBitCharset               : loaded 2 times (x 79B)
Class [Lorg.jetbrains.kotlin.psi.KtConstructorCalleeExpression;                       : loaded 2 times (x 66B)
Class [Lorg.jetbrains.kotlin.psi.KtDeclarationWithInitializer;                        : loaded 2 times (x 66B)
Class com.intellij.extapi.psi.StubBasedPsiElementBase$1                               : loaded 2 times (x 74B)
Class org.jetbrains.kotlin.psi.stubs.elements.KtValueArgumentListElementType          : loaded 2 times (x 100B)
Class kotlin.collections.GroupingKt__GroupingKt                                       : loaded 2 times (x 68B)
Class com.intellij.util.text.CharArrayUtil                                            : loaded 2 times (x 68B)
Class com.intellij.openapi.util.Pair                                                  : loaded 2 times (x 69B)
Class com.intellij.util.ConcurrentLongObjectHashMap$EntrySetView                      : loaded 2 times (x 127B)
Class [Lkotlinx.coroutines.scheduling.CoroutineScheduler$WorkerState;                 : loaded 2 times (x 66B)
Class kotlinx.coroutines.DispatchedTask                                               : loaded 2 times (x 78B)
Class kotlinx.coroutines.scheduling.DefaultIoScheduler                                : loaded 2 times (x 110B)
Class com.intellij.lang.folding.CustomFoldingBuilder                                  : loaded 2 times (x 91B)
Class com.intellij.psi.PsiSubstitutor                                                 : loaded 2 times (x 67B)
Class com.intellij.codeInsight.multiverse.CodeInsightContextProvider                  : loaded 2 times (x 67B)
Class com.intellij.openapi.util.SimpleModificationTracker                             : loaded 2 times (x 73B)
Class com.android.tools.lint.checks.SecurityDetector$IdentifierVisitor                : loaded 2 times (x 124B)
Class com.android.tools.lint.checks.SdkSuppressDetector                               : loaded 2 times (x 167B)
Class com.android.tools.lint.checks.MergeRootFrameLayoutDetector                      : loaded 2 times (x 177B)
Class com.android.tools.lint.checks.LabelForDetector                                  : loaded 2 times (x 152B)
Class com.android.tools.lint.checks.FirebaseAnalyticsDetector                         : loaded 2 times (x 167B)
Class com.android.tools.lint.checks.AllowAllHostnameVerifierDetector                  : loaded 2 times (x 167B)
Class com.intellij.psi.impl.source.javadoc.PsiSnippetAttributeValueImpl               : loaded 2 times (x 395B)
Class com.android.tools.lint.detector.api.Intervals$Companion                         : loaded 2 times (x 68B)
Class com.intellij.openapi.extensions.impl.ExtensionPointImpl$doAddChangeListener$listenerAdapter$1: loaded 2 times (x 74B)
Class kotlinx.coroutines.Delay                                                        : loaded 2 times (x 67B)
Class kotlinx.coroutines.ParentJob                                                    : loaded 2 times (x 67B)
Class com.fasterxml.aalto.util.BufferRecycler                                         : loaded 2 times (x 69B)
Class kotlinx.coroutines.JobNode                                                      : loaded 2 times (x 87B)
Class org.jetbrains.kotlin.load.java.structure.impl.classFiles.BinaryClassSignatureParser: loaded 2 times (x 69B)
Class com.android.tools.lint.PathCollection                                           : loaded 2 times (x 69B)
Class build_326qo49o77xj9u1amurkpwo1g$_run_closure1                                   : loaded 2 times (x 136B)
Class org.jetbrains.kotlin.statistics.fileloggers.MetricsContainer$MetricDescriptor   : loaded 2 times (x 72B)
Class com.google.common.collect.Interners$InternerImpl                                : loaded 2 times (x 72B)
Class com.google.common.collect.Interner                                              : loaded 2 times (x 67B)
Class com.google.common.io.ByteStreams                                                : loaded 2 times (x 68B)
Class com.google.common.collect.TransformedIterator                                   : loaded 2 times (x 77B)
Class com.google.common.collect.AllEqualOrdering                                      : loaded 2 times (x 111B)
Class org.jetbrains.kotlin.gradle.tasks.KotlinJavaToolchain$JdkSetter                 : loaded 2 times (x 67B)
Class org.jetbrains.kotlin.gradle.utils.ConfigurationCacheKt                          : loaded 2 times (x 68B)
Class org.jetbrains.kotlin.gradle.plugin.KotlinPluginLifecycle$ProjectConfigurationResult$Success: loaded 2 times (x 68B)
Class org.jetbrains.kotlin.gradle.internal.StdlibDependencyManagementKt$configureStdlibVersionAlignment$1: loaded 2 times (x 72B)
Class org.jetbrains.kotlin.gradle.plugin.diagnostics.checkers.OverriddenKotlinNativeHomeChecker$allKonanMainSubdirectoriesExist$1$1: loaded 2 times (x 72B)
Class org.jetbrains.kotlin.gradle.dsl.PlatformSourceSetConventionsChecker$CheckedPlatformInfo: loaded 2 times (x 69B)
Class org.jetbrains.kotlin.gradle.plugin.diagnostics.checkers.WasmJsEnvironmentChecker$4: loaded 2 times (x 75B)
Class org.jetbrains.kotlin.gradle.plugin.mpp.KotlinUsages$KotlinCinteropDisambiguation: loaded 2 times (x 73B)
Class org.jetbrains.kotlin.gradle.plugin.KotlinPluginInMultipleProjectsHolder         : loaded 2 times (x 69B)
Class org.jetbrains.kotlin.gradle.report.BuildReportType$Companion                    : loaded 2 times (x 68B)
Class com.google.common.cache.LocalCache$Strength$3                                   : loaded 2 times (x 78B)
Class org.jetbrains.kotlin.psi.stubs.elements.KtTypeParameterElementType              : loaded 2 times (x 100B)
Class org.jetbrains.kotlin.analysis.api.platform.projectStructure.KotlinGlobalSearchScopeMergeStrategy: loaded 2 times (x 67B)
Class com.intellij.lang.java.parser.ReferenceParser$TypeInfo                          : loaded 2 times (x 69B)
Class com.intellij.psi.JavaTokenType                                                  : loaded 2 times (x 67B)
Class com.intellij.psi.impl.source.tree.CompositeElement$1                            : loaded 2 times (x 74B)
Class com.intellij.psi.impl.source.tree.java.JavaFileElement                          : loaded 2 times (x 278B)
Class org.jetbrains.kotlin.resolve.jvm.modules.JavaModule$Root                        : loaded 2 times (x 69B)
Class com.intellij.openapi.project.ProjectLocatorKt                                   : loaded 2 times (x 68B)
Class com.intellij.util.AstLoadingException                                           : loaded 2 times (x 79B)
Class org.jetbrains.kotlin.psi.KtScript                                               : loaded 2 times (x 916B)
Class org.jetbrains.kotlin.psi.stubs.KotlinValueArgumentStub                          : loaded 2 times (x 67B)
Class [Lorg.jetbrains.kotlin.psi.KtModifierList;                                      : loaded 2 times (x 66B)
Class org.jetbrains.kotlin.psi.KtDeclarationModifierList                              : loaded 2 times (x 511B)
Class org.jetbrains.kotlin.psi.KtTypeParameter                                        : loaded 2 times (x 914B)
Class [Lcom.intellij.navigation.NavigationItem;                                       : loaded 2 times (x 66B)
Class com.intellij.psi.LanguageSubstitutors                                           : loaded 2 times (x 93B)
Class [Lcom.intellij.openapi.vfs.VirtualFileVisitor$Option;                           : loaded 2 times (x 66B)
Class org.jetbrains.kotlin.analysis.project.structure.builder.KtBinaryModuleBuilder   : loaded 2 times (x 70B)
Class org.jetbrains.kotlin.analysis.api.permissions.KaAnalysisPermissionRegistry$Companion: loaded 2 times (x 68B)
Class kotlinx.serialization.descriptors.SerialKind                                    : loaded 2 times (x 68B)
Class com.intellij.util.xml.dom.XmlDomReader                                          : loaded 2 times (x 68B)
Class [Lorg.jetbrains.kotlin.psi.KtDeclarationModifierList;                           : loaded 2 times (x 66B)
Class com.intellij.psi.search.ProjectScope                                            : loaded 2 times (x 68B)
Class com.intellij.core.CoreJavaFileManager                                           : loaded 2 times (x 85B)
Class com.intellij.core.CoreJavaCodeStyleManager                                      : loaded 2 times (x 96B)
Class kotlinx.coroutines.channels.BufferedChannel$SendBroadcast                       : loaded 2 times (x 72B)
Class kotlinx.coroutines.channels.ChannelIterator                                     : loaded 2 times (x 67B)
Class com.intellij.openapi.vfs.CompactVirtualFileSetFactory                           : loaded 2 times (x 72B)
Class com.intellij.ide.plugins.PathResolver                                           : loaded 2 times (x 67B)
Class com.intellij.psi.javadoc.PsiDocTagValue                                         : loaded 2 times (x 67B)
Class [Lcom.intellij.openapi.vfs.VirtualFileSystem;                                   : loaded 2 times (x 66B)
Class it.unimi.dsi.fastutil.objects.Object2ObjectOpenHashMap                          : loaded 2 times (x 183B)
Class com.intellij.util.containers.ConcurrentList                                     : loaded 2 times (x 67B)
Class org.jetbrains.kotlin.psi.KtIntersectionType                                     : loaded 2 times (x 504B)
Class org.jetbrains.kotlin.psi.KtStringTemplateEntry                                  : loaded 2 times (x 443B)
Class org.jetbrains.kotlin.protobuf.LazyStringList                                    : loaded 2 times (x 67B)
Class com.android.tools.lint.client.api.Configuration                                 : loaded 2 times (x 91B)
Class com.google.common.reflect.Invokable                                             : loaded 2 times (x 100B)
Class com.google.common.collect.MapMaker$Dummy                                        : loaded 2 times (x 76B)
Class org.jetbrains.kotlin.gradle.tasks.KotlinCompilerPluginData$InputsOutputsState   : loaded 2 times (x 69B)
Class org.jetbrains.kotlin.gradle.plugin.sources.FragmentConsistencyChecks$optInAnnotationsCheck$1: loaded 2 times (x 76B)
Class org.jetbrains.kotlin.gradle.plugin.mpp.AbstractKotlinCompilationToRunnableFiles : loaded 2 times (x 193B)
Class org.jetbrains.kotlin.gradle.artifacts.KotlinMetadataArtifactKt$KotlinMetadataArtifact$1: loaded 2 times (x 71B)
Class org.jetbrains.kotlin.gradle.plugin.mpp.KotlinUsages$KotlinMetadataCompatibility : loaded 2 times (x 73B)
Class [Lorg.jetbrains.kotlin.gradle.dsl.JvmTarget;                                    : loaded 2 times (x 66B)
Class org.jetbrains.kotlin.gradle.utils.ConfigurationsKt$maybeCreateResolvable$1      : loaded 2 times (x 75B)
Class org.jetbrains.kotlin.gradle.plugin.StatisticsBuildFlowManager$Companion         : loaded 2 times (x 68B)
Class org.jetbrains.kotlin.statistics.metrics.StringMetrics$Companion                 : loaded 2 times (x 68B)
Class org.jetbrains.kotlin.gradle.internal.properties.PropertiesBuildService$property$1$1: loaded 2 times (x 72B)
Class org.jetbrains.kotlin.tooling.core.Extras$Type                                   : loaded 2 times (x 69B)
Class org.objectweb.asm.FieldWriter                                                   : loaded 2 times (x 75B)
Class com.google.common.cache.CacheBuilder$NullListener                               : loaded 2 times (x 79B)
Class org.gradle.internal.classpath.TransformedClassPath                              : loaded 2 times (x 93B)
Class org.gradle.internal.classloader.InstrumentingClassLoader                        : loaded 2 times (x 67B)
Class [Lcom.intellij.lang.java.lexer.BasicJavaLexer$LiteralType;                      : loaded 2 times (x 66B)
Class org.jetbrains.kotlin.backend.jvm.extensions.ClassGeneratorExtension$Companion   : loaded 2 times (x 69B)
Class com.intellij.concurrency.InstalledThreadContext                                 : loaded 2 times (x 69B)
Class com.intellij.lang.java.parser.BasicJavaParserUtil                               : loaded 2 times (x 68B)
Class com.intellij.psi.impl.java.stubs.PsiMethodStub                                  : loaded 2 times (x 67B)
Class org.gradle.api.internal.ClassPathProvider                                       : loaded 2 times (x 67B)
Class org.jetbrains.kotlin.storage.StorageManager                                     : loaded 2 times (x 67B)
Class org.jetbrains.kotlin.analysis.project.structure.impl.KotlinStandaloneProjectStructureProvider: loaded 2 times (x 82B)
Class [Lorg.jetbrains.kotlin.psi.KtTypeParameterListOwnerStub;                        : loaded 2 times (x 66B)
Class kotlin.io.path.PathsKt__PathUtilsKt                                             : loaded 2 times (x 68B)
Class org.jetbrains.kotlin.analysis.api.platform.permissions.KotlinAnalysisPermissionOptions: loaded 2 times (x 67B)
Class [Lorg.gradle.api.internal.ClassPathProvider;                                    : loaded 2 times (x 66B)
Class com.intellij.psi.impl.PsiCachedValuesFactory                                    : loaded 2 times (x 75B)
Class kotlinx.coroutines.channels.ProducerScope                                       : loaded 2 times (x 67B)
Class kotlinx.coroutines.flow.internal.ChannelFlow$collect$2                          : loaded 2 times (x 92B)
Class org.jetbrains.kotlin.gradle.plugin.VariantImplementationFactories$Companion$getProvider$2$1: loaded 2 times (x 76B)
Class kotlinx.coroutines.DisposableHandle                                             : loaded 2 times (x 67B)
Class [Lcom.intellij.ide.plugins.MyXmlInterner;                                       : loaded 2 times (x 66B)
Class com.intellij.lang.jvm.JvmPackage                                                : loaded 2 times (x 67B)
Class com.intellij.util.containers.ConcurrentLongObjectMap                            : loaded 2 times (x 67B)
Class com.intellij.openapi.progress.TaskInfo                                          : loaded 2 times (x 67B)
Class com.intellij.openapi.util.ProperTextRange                                       : loaded 2 times (x 99B)
Class com.intellij.openapi.application.impl.AnyModalityState                          : loaded 2 times (x 69B)
Class org.jetbrains.kotlin.statistics.metrics.NumericalMetrics                        : loaded 2 times (x 77B)
Class com.android.tools.lint.UastEnvironmentUtilsKt                                   : loaded 2 times (x 68B)
Class com.android.tools.lint.checks.ViewConstructorDetector                           : loaded 2 times (x 167B)
Class org.jetbrains.uast.UDeclaration                                                 : loaded 2 times (x 67B)
Class com.android.tools.lint.checks.PublicKeyCredentialDetector                       : loaded 2 times (x 167B)
Class com.android.tools.lint.checks.PendingIntentMutableFlagDetector                  : loaded 2 times (x 167B)
Class com.android.tools.lint.checks.ConstraintLayoutDetector                          : loaded 2 times (x 151B)
Class com.android.tools.lint.checks.AppCompatCustomViewDetector                       : loaded 2 times (x 167B)
Class com.intellij.psi.PsiElement                                                     : loaded 2 times (x 67B)
Class [Lkotlin.text.RegexOption;                                                      : loaded 2 times (x 66B)
Class org.jetbrains.kotlin.gradle.plugin.mpp.SyncLanguageSettingsWithKotlinExtensionSetupActionKt: loaded 2 times (x 68B)
Class org.jetbrains.kotlin.gradle.targets.CreateDefaultCompilationsSideEffectKt       : loaded 2 times (x 68B)
Class org.jetbrains.kotlin.gradle.plugin.diagnostics.checkers.KotlinSourceSetTreeDependsOnMismatchChecker: loaded 2 times (x 71B)
Class org.jetbrains.kotlin.gradle.dsl.PlatformSourceSetConventionsChecker             : loaded 2 times (x 71B)
Class org.jetbrains.kotlin.gradle.plugin.KotlinPluginLifecycleCoroutineContextElement : loaded 2 times (x 81B)
Class com.google.common.collect.ImmutableListMultimap                                 : loaded 2 times (x 173B)
Class org.jetbrains.kotlin.gradle.plugin.BuildFinishedListenerService$Companion       : loaded 2 times (x 68B)
Class org.jetbrains.kotlin.gradle.plugin.BuildFinishedListenerService                 : loaded 2 times (x 77B)
Class com.google.common.collect.ImmutableRangeSet$AsSet                               : loaded 2 times (x 297B)
Class org.jetbrains.kotlin.gradle.plugin.sources.FragmentConsistencyChecks$optInAnnotationsCheck$2: loaded 2 times (x 75B)
Class org.jetbrains.kotlin.gradle.targets.NativeForwardImplementationToApiElementsSideEffectKt$special$$inlined$KotlinTargetSideEffect$1: loaded 2 times (x 71B)
Class com.google.common.cache.CacheLoader$FunctionToCacheLoader                       : loaded 2 times (x 72B)
Class com.google.common.collect.Iterators$ArrayItr                                    : loaded 2 times (x 94B)
Class org.jetbrains.kotlin.gradle.tasks.configuration.KaptGenerateStubsConfig$Companion$wireJavaAndKotlinOutputs$1: loaded 2 times (x 76B)
Class com.intellij.psi.tree.ILeafElementType                                          : loaded 2 times (x 67B)
Class com.intellij.lang.java.parser.BasicPrattExpressionParser                        : loaded 2 times (x 74B)
Class com.intellij.lang.java.parser.BasicStatementParser                              : loaded 2 times (x 77B)
Class com.intellij.lang.impl.PsiBuilderImpl$Node                                      : loaded 2 times (x 67B)
Class com.intellij.psi.PsiProvidesStatement                                           : loaded 2 times (x 67B)
Class com.intellij.psi.impl.source.BasicJavaElementType$ThinCodeFragmentElementType   : loaded 2 times (x 85B)
Class com.intellij.lang.LighterAST                                                    : loaded 2 times (x 73B)
Class [Lorg.jetbrains.kotlin.psi.KtClassLiteralExpression;                            : loaded 2 times (x 66B)
Class org.jetbrains.kotlin.psi.KtSuperTypeEntry                                       : loaded 2 times (x 444B)
Class org.jetbrains.kotlin.psi.stubs.elements.KtTypeProjectionElementType             : loaded 2 times (x 100B)
Class org.jetbrains.kotlin.psi.KtSimpleNameExpression                                 : loaded 2 times (x 67B)
Class org.jetbrains.kotlin.psi.KtTypeReference                                        : loaded 2 times (x 641B)
Class [Lorg.jetbrains.kotlin.psi.KtImportList;                                        : loaded 2 times (x 66B)
Class org.jetbrains.kotlin.psi.stubs.KotlinClassStub                                  : loaded 2 times (x 67B)
Class org.jetbrains.kotlin.psi.stubs.elements.KtPlaceHolderStubElementType            : loaded 2 times (x 100B)
Class com.intellij.psi.impl.file.PsiBinaryFileImpl                                    : loaded 2 times (x 710B)
Class kotlin.io.path.PathsKt                                                          : loaded 2 times (x 68B)
Class org.jetbrains.kotlin.gradle.tasks.configuration.BaseKotlinCompileConfig$1$3$classpathEntrySnapshotFiles$1: loaded 2 times (x 71B)
Class com.google.common.collect.NaturalOrdering                                       : loaded 2 times (x 112B)
Class org.jetbrains.kotlin.analysis.project.structure.impl.KtModuleWithPlatform       : loaded 2 times (x 67B)
Class com.android.tools.lint.detector.api.GraphUtils$reverseTopologicalSort$leaveSequence$1: loaded 2 times (x 92B)
Class com.google.common.collect.Maps$ViewCachingAbstractMap                           : loaded 2 times (x 122B)
Class com.google.common.collect.MapMakerInternalMap$Strength$1                        : loaded 2 times (x 77B)
Class com.intellij.util.containers.HashSetInterner                                    : loaded 2 times (x 73B)
Class com.intellij.util.containers.Interner                                           : loaded 2 times (x 71B)
Class com.intellij.psi.impl.PsiJavaParserFacadeImpl                                   : loaded 2 times (x 124B)
Class com.intellij.psi.search.GlobalSearchScope                                       : loaded 2 times (x 96B)
Class kotlinx.coroutines.channels.SendChannel$DefaultImpls                            : loaded 2 times (x 68B)
Class com.intellij.openapi.vfs.VirtualFileFilter$1                                    : loaded 2 times (x 74B)
Class kotlinx.coroutines.scheduling.CoroutineScheduler$Companion                      : loaded 2 times (x 68B)
Class com.intellij.psi.impl.java.stubs.PsiJavaFileStub                                : loaded 2 times (x 67B)
Class kotlinx.collections.immutable.PersistentList                                    : loaded 2 times (x 67B)
Class com.intellij.openapi.vfs.SavingRequestor                                        : loaded 2 times (x 67B)
Class com.intellij.openapi.vfs.impl.CoreVirtualFilePointerManager                     : loaded 2 times (x 83B)
Class com.android.tools.lint.detector.api.LintModelModuleProject$getJavaSourceFolders$1$1: loaded 2 times (x 75B)
Class com.android.tools.lint.checks.OverrideDetector                                  : loaded 2 times (x 151B)
Class com.android.tools.lint.detector.api.ResourceContext                             : loaded 2 times (x 74B)
Class org.jetbrains.kotlin.statistics.metrics.OverrideMetricContainer                 : loaded 2 times (x 77B)
Class com.google.common.io.CharSource$ConcatenatedCharSource                          : loaded 2 times (x 83B)
Class build_abn2j4cv3solw1newpa47lrxe                                                 : loaded 2 times (x 177B)
Class com.google.common.collect.EmptyImmutableListMultimap                            : loaded 2 times (x 173B)
Class com.google.common.collect.BaseImmutableMultimap                                 : loaded 2 times (x 120B)
Class org.jetbrains.kotlin.gradle.tasks.configuration.BaseKotlinCompileConfig$1$3$2   : loaded 2 times (x 72B)
Class org.jetbrains.kotlin.gradle.tasks.AbstractKotlinCompileTool$sources$1           : loaded 2 times (x 76B)
Class org.jetbrains.kotlin.gradle.tasks.configuration.TaskConfigAction                : loaded 2 times (x 69B)
Class org.jetbrains.kotlin.gradle.plugin.diagnostics.checkers.OverriddenKotlinNativeHomeChecker$allKonanMainSubdirectoriesExist$1: loaded 2 times (x 72B)
Class org.jetbrains.kotlin.gradle.plugin.AbstractKotlinPlugin$Companion               : loaded 2 times (x 68B)
Class org.jetbrains.kotlin.gradle.plugin.KotlinSourceSetTree                          : loaded 2 times (x 69B)
Class org.jetbrains.kotlin.gradle.plugin.KotlinPluginLifecycle$Stage                  : loaded 2 times (x 76B)
Class org.jetbrains.kotlin.gradle.plugin.mpp.compilationImpl.KotlinCreateResourcesTaskSideEffectKt$KotlinCreateResourcesTaskSideEffect$1: loaded 2 times (x 71B)
Class org.jetbrains.kotlin.gradle.plugin.sources.KotlinSourceSetFactory               : loaded 2 times (x 77B)
Class org.jetbrains.kotlin.gradle.targets.native.toolchain.KotlinNativeBundleBuildService$Parameters_Decorated: loaded 2 times (x 140B)
Class org.jetbrains.kotlin.gradle.internal.ClassLoadersCachingBuildService$Companion  : loaded 2 times (x 68B)
Class com.google.common.base.Joiner                                                   : loaded 2 times (x 76B)
Class com.google.common.base.MoreObjects                                              : loaded 2 times (x 68B)
Class com.intellij.psi.impl.source.tree.java.TypeParameterListElement                 : loaded 2 times (x 232B)
Class org.jetbrains.kotlin.metadata.ProtoBuf$PropertyOrBuilder                        : loaded 2 times (x 67B)
Class org.jetbrains.kotlin.metadata.ProtoBuf$Constructor$1                            : loaded 2 times (x 141B)
Class com.intellij.psi.util.PsiUtil                                                   : loaded 2 times (x 68B)
Class org.jetbrains.kotlin.cli.jvm.index.JvmDependenciesIndex                         : loaded 2 times (x 67B)
Class com.intellij.util.LocalTimeCounter                                              : loaded 2 times (x 68B)
Class org.jetbrains.kotlin.serialization.deserialization.KotlinMetadataFinder         : loaded 2 times (x 67B)
Class org.jetbrains.kotlin.storage.CacheWithNotNullValues                             : loaded 2 times (x 67B)
Class com.intellij.openapi.project.ProjectLocator$Companion                           : loaded 2 times (x 68B)
Class com.intellij.psi.impl.source.FileTrees                                          : loaded 2 times (x 69B)
Class com.intellij.psi.impl.source.SubstrateRef$StubRef                               : loaded 2 times (x 74B)
Class com.intellij.openapi.extensions.ExtensionPointUtil$1                            : loaded 2 times (x 75B)
Class com.intellij.util.text.ImmutableCharSequence                                    : loaded 2 times (x 88B)
Class com.intellij.util.containers.LinkedCustomHashMap                                : loaded 2 times (x 69B)
Class kotlinx.serialization.internal.PrimitiveSerialDescriptor                        : loaded 2 times (x 82B)
Class build_abn2j4cv3solw1newpa47lrxe$_run_closure1                                   : loaded 2 times (x 136B)
Class com.intellij.psi.PsiResolveHelper                                               : loaded 2 times (x 67B)
Class kotlinx.coroutines.CompletedContinuation                                        : loaded 2 times (x 69B)
Class com.intellij.openapi.util.StackOverflowPreventedException                       : loaded 2 times (x 79B)
Class com.intellij.openapi.vfs.VirtualFileFilter$2                                    : loaded 2 times (x 74B)
Class com.intellij.psi.impl.source.resolve.ResolveCache$StrongValueReference          : loaded 2 times (x 78B)
Class com.intellij.openapi.project.DumbService                                        : loaded 2 times (x 91B)
Class com.intellij.psi.PsiInvalidElementAccessException                               : loaded 2 times (x 82B)
Class com.android.tools.lint.detector.api.FileScanner                                 : loaded 2 times (x 67B)
Class kotlinx.coroutines.scheduling.NanoTimeSource                                    : loaded 2 times (x 69B)
Class kotlinx.coroutines.BuildersKt__BuildersKt                                       : loaded 2 times (x 68B)
Class com.intellij.ide.plugins.MyXmlInterner                                          : loaded 2 times (x 73B)
Class com.intellij.codeInsight.runner.JavaMainMethodProvider                          : loaded 2 times (x 67B)
Class com.intellij.navigation.ItemPresentationProvider                                : loaded 2 times (x 67B)
Class com.intellij.util.containers.Stack                                              : loaded 2 times (x 212B)
Class com.intellij.util.ConcurrentLongObjectHashMap                                   : loaded 2 times (x 90B)
Class com.intellij.openapi.util.ObjectNode$ListNodeChildren                           : loaded 2 times (x 76B)
Class com.intellij.openapi.application.PathManager                                    : loaded 2 times (x 68B)
Class com.intellij.openapi.progress.ProgressIndicatorProvider                         : loaded 2 times (x 70B)
Class org.jetbrains.kotlin.config.LanguageOrApiVersion                                : loaded 2 times (x 67B)
Class com.intellij.psi.PsiTypeParameterListOwner                                      : loaded 2 times (x 67B)
Class com.android.tools.lint.checks.WearMaterialThemeDetector$Companion               : loaded 2 times (x 68B)
Class com.android.tools.lint.checks.TileProviderDetector$Issues                       : loaded 2 times (x 68B)
Class com.android.tools.lint.checks.OpenForTestingDetector$Companion                  : loaded 2 times (x 68B)
Class com.android.tools.lint.checks.CredentialManagerSignInWithGoogleDetector         : loaded 2 times (x 167B)
Class org.jetbrains.uast.UAnnotated                                                   : loaded 2 times (x 67B)
Class com.android.tools.lint.checks.OpenForTestingDetector                            : loaded 2 times (x 167B)
Class com.android.tools.lint.checks.ViewHolderDetector                                : loaded 2 times (x 167B)
Class [Lorg.jetbrains.kotlin.build.report.metrics.BuildAttribute;                     : loaded 2 times (x 66B)
Class org.jetbrains.kotlin.gradle.utils.ProviderApiUtilsKt$mapOrNull$1$1              : loaded 2 times (x 72B)
Class org.jetbrains.kotlin.gradle.plugin.hierarchy.KotlinSourceSetTreeClassifier$Default: loaded 2 times (x 68B)
Class org.jetbrains.kotlin.gradle.plugin.mpp.InternalKotlinCompilationKt              : loaded 2 times (x 68B)
Class org.jetbrains.kotlin.gradle.tasks.configuration.AbstractKotlinCompileConfig     : loaded 2 times (x 69B)
Class org.jetbrains.kotlin.gradle.plugin.mpp.compilationImpl.KotlinCompilationImpl$attributes$2: loaded 2 times (x 76B)
Class org.jetbrains.kotlin.gradle.plugin.diagnostics.checkers.OverriddenKotlinNativeHomeChecker$StdlibExistenceCheckerValueSource: loaded 2 times (x 75B)
Class org.jetbrains.kotlin.gradle.utils.IsolatedKotlinClasspathClassCastException     : loaded 2 times (x 79B)
Class com.google.common.collect.Platform                                              : loaded 2 times (x 68B)
Class [Lorg.objectweb.asm.Type;                                                       : loaded 2 times (x 66B)
Class org.gradle.internal.service.ServiceLocator                                      : loaded 2 times (x 67B)
Class com.android.tools.lint.checks.WearableConfigurationActionDetector               : loaded 2 times (x 152B)
Class [Lcom.intellij.psi.impl.source.PsiJavaCodeReferenceElementImpl$Kind;            : loaded 2 times (x 66B)
Class com.intellij.psi.stubs.LanguageStubDescriptorAdapter                            : loaded 2 times (x 75B)
Class org.jetbrains.kotlin.psi.stubs.elements.KtClassLiteralExpressionElementType     : loaded 2 times (x 97B)
Class org.jetbrains.kotlin.psi.KtSuperTypeListEntry                                   : loaded 2 times (x 444B)
Class [Lorg.jetbrains.kotlin.psi.KtContractEffectList;                                : loaded 2 times (x 66B)
Class [Lorg.jetbrains.kotlin.psi.KtReferenceExpression;                               : loaded 2 times (x 66B)
Class org.jetbrains.kotlin.psi.KtParameterList                                        : loaded 2 times (x 453B)
Class org.jetbrains.kotlin.psi.KtCommonFile                                           : loaded 2 times (x 868B)
Class [Lcom.intellij.psi.PsiCheckedRenameElement;                                     : loaded 2 times (x 66B)
Class com.intellij.openapi.vfs.limits.FileSizeLimit                                   : loaded 2 times (x 67B)
Class kotlin.reflect.jvm.internal.KProperty2Impl$$Lambda$0                            : loaded 2 times (x 73B)
Class com.intellij.util.containers.CollectionFactory                                  : loaded 2 times (x 68B)
Class org.jetbrains.kotlin.config.LanguageVersionSettingsImpl$Companion               : loaded 2 times (x 68B)
Class com.intellij.psi.scope.ElementClassHint                                         : loaded 2 times (x 67B)
Class kotlinx.coroutines.StandaloneCoroutine                                          : loaded 2 times (x 140B)
Class com.intellij.psi.impl.PsiManagerImpl                                            : loaded 2 times (x 125B)
Class org.jetbrains.kotlin.analysis.decompiler.psi.BuiltinsVirtualFileProviderCliImpl : loaded 2 times (x 72B)
Class kotlinx.coroutines.internal.ThreadContext_commonKt                              : loaded 2 times (x 68B)
Class [Lcom.intellij.util.xml.dom.XmlInterner;                                        : loaded 2 times (x 66B)
Class [Lcom.intellij.openapi.components.Service$Level;                                : loaded 2 times (x 66B)
Class com.intellij.psi.search.searches.SmartExtensionPoint$1                          : loaded 2 times (x 79B)
Class com.intellij.psi.stubs.PsiClassHolderFileStub                                   : loaded 2 times (x 67B)
Class com.intellij.lang.ASTFactory$DefaultFactoryHolder                               : loaded 2 times (x 68B)
Class com.intellij.lang.PsiBuilderFactory                                             : loaded 2 times (x 74B)
Class com.intellij.util.messages.impl.CompositeMessageBusKt                           : loaded 2 times (x 68B)
Class com.intellij.util.containers.ConcurrentRefValueHashMap$ValueReference           : loaded 2 times (x 67B)
Class com.intellij.util.containers.ConcurrentRefValueHashMap                          : loaded 2 times (x 146B)
Class com.intellij.DynamicBundle                                                      : loaded 2 times (x 75B)
Class [Lcom.android.tools.lint.detector.api.Project;                                  : loaded 2 times (x 66B)
Class com.android.tools.lint.checks.TrimDetector$Issues                               : loaded 2 times (x 68B)
Class com.android.tools.lint.checks.MissingResourcesPropertiesDetector                : loaded 2 times (x 150B)
Class com.android.tools.lint.checks.GradleDetector$Companion$playSdkIndexFactory$1    : loaded 2 times (x 75B)
Class com.android.tools.lint.checks.FullBackupContentDetector                         : loaded 2 times (x 151B)
Class com.android.tools.lint.checks.CredentialManagerDigitalAssetLinkDetector$Companion: loaded 2 times (x 68B)
Class com.android.tools.lint.checks.BuildListDetector$Issues                          : loaded 2 times (x 68B)
Class com.intellij.psi.stubs.StubTreeLoader                                           : loaded 2 times (x 78B)
Class com.intellij.diagnostic.ImplementationConflictException                         : loaded 2 times (x 79B)
Class com.intellij.codeInsight.folding.impl.JavaCodeFoldingSettingsBase               : loaded 2 times (x 100B)
Class com.intellij.psi.compiled.ClsStubBuilder                                        : loaded 2 times (x 70B)
Class com.google.common.collect.ImmutableSortedMap$Builder                            : loaded 2 times (x 87B)
Class com.google.common.collect.HashBiMap$BiEntry                                     : loaded 2 times (x 80B)
Class org.jetbrains.kotlin.gradle.tasks.DefaultKotlinJavaToolchain$DefaultJavaToolchainSetter$useAsConvention$1: loaded 2 times (x 72B)
Class org.jetbrains.kotlin.gradle.plugin.KotlinCompilerArgumentsProducer$CreateCompilerArgumentsContext: loaded 2 times (x 67B)
Class org.jetbrains.kotlin.gradle.utils.GradleAttributesContainerUtilsKt$copyAttributeTo$1: loaded 2 times (x 76B)
Class org.jetbrains.kotlin.gradle.plugin.diagnostics.RenderReportedDiagnosticsKt      : loaded 2 times (x 68B)
Class org.jetbrains.kotlin.gradle.plugin.hierarchy.KotlinSourceSetTreeClassifierKt$classify$1: loaded 2 times (x 85B)
Class [Lorg.jetbrains.kotlin.konan.target.KonanTarget;                                : loaded 2 times (x 66B)
Class org.jetbrains.kotlin.gradle.plugin.diagnostics.checkers.WasmSourceSetsNotFoundChecker: loaded 2 times (x 71B)
Class org.jetbrains.kotlin.gradle.plugin.diagnostics.checkers.AndroidSourceSetLayoutV1SourceSetsNotFoundChecker$androidSourceSetRegex$2: loaded 2 times (x 75B)
Class org.jetbrains.kotlin.gradle.plugin.statistics.KotlinBuildStatsLoggerService$Companion: loaded 2 times (x 68B)
Class com.google.common.base.Ascii                                                    : loaded 2 times (x 68B)
Class com.google.common.collect.SingletonImmutableBiMap                               : loaded 2 times (x 140B)
Class com.google.common.cache.LocalCache$1                                            : loaded 2 times (x 86B)
Class com.google.common.collect.Iterators$SingletonIterator                           : loaded 2 times (x 78B)
Class com.google.common.collect.AbstractMapEntry                                      : loaded 2 times (x 78B)
Class com.intellij.util.io.RepresentableAsByteArraySequence                           : loaded 2 times (x 67B)
Class com.intellij.psi.impl.source.BasicJavaElementType$ReferenceThinCodeFragmentElementType: loaded 2 times (x 85B)
Class org.jetbrains.kotlin.storage.EmptySimpleLock                                    : loaded 2 times (x 72B)
Class org.jetbrains.kotlin.analysis.api.platform.projectStructure.KotlinProjectStructureProvider: loaded 2 times (x 67B)
Class org.jetbrains.kotlin.psi.KtConstructorCalleeExpression                          : loaded 2 times (x 506B)
Class com.intellij.psi.util.PsiUtilCore$NullPsiElement                                : loaded 2 times (x 191B)
Class com.android.tools.lint.UastEnvironmentVirtualFileUtilsKt$collectFilePaths$1     : loaded 2 times (x 79B)
Class kotlin.reflect.jvm.internal.KProperty2Impl$$Lambda$1                            : loaded 2 times (x 73B)
Class com.intellij.psi.impl.compiled.ClsDecompilerImpl$MyClsStubBuilder               : loaded 2 times (x 70B)
Class kotlinx.coroutines.flow.internal.ChannelFlow                                    : loaded 2 times (x 82B)
Class com.intellij.psi.FileContextProvider                                            : loaded 2 times (x 71B)
Class kotlinx.coroutines.channels.BufferOverflow                                      : loaded 2 times (x 76B)
Class com.intellij.util.messages.impl.ToParentMessagePublisher                        : loaded 2 times (x 74B)
Class [Lcom.fasterxml.aalto.in.PName;                                                 : loaded 2 times (x 66B)
Class kotlinx.coroutines.internal.ThreadContext_commonKt$updateState$1                : loaded 2 times (x 75B)
Class kotlinx.coroutines.scheduling.GlobalQueue                                       : loaded 2 times (x 69B)
Class com.intellij.util.containers.WeakList                                           : loaded 2 times (x 120B)
Class com.intellij.psi.impl.source.tree.java.PsiJavaTokenImpl                         : loaded 2 times (x 393B)
Class com.intellij.openapi.editor.impl.DocumentImpl                                   : loaded 2 times (x 171B)
Class com.intellij.openapi.components.ComponentManager                                : loaded 2 times (x 67B)
Class com.intellij.openapi.Disposable                                                 : loaded 2 times (x 67B)
Class com.intellij.openapi.progress.ProcessCanceledException                          : loaded 2 times (x 79B)
Class com.android.tools.lint.checks.UastImplementationDetector                        : loaded 2 times (x 167B)
Class [Lorg.jetbrains.kotlin.name.FqName;                                             : loaded 2 times (x 66B)
Class com.android.tools.lint.checks.MissingIdDetector                                 : loaded 2 times (x 151B)
Class com.android.tools.lint.checks.HighSensorSamplingRateDetector                    : loaded 2 times (x 151B)
Class com.android.tools.lint.checks.FontDetector                                      : loaded 2 times (x 152B)
Class com.android.tools.lint.checks.DosLineEndingDetector$Issues                      : loaded 2 times (x 68B)
Class com.android.tools.lint.checks.AppCompatCustomViewDetector$Companion             : loaded 2 times (x 68B)
Class kotlinx.coroutines.internal.SoftLimitedDispatcher                               : loaded 2 times (x 105B)
Class kotlin.coroutines.ContinuationInterceptor$DefaultImpls                          : loaded 2 times (x 68B)
Class com.android.tools.lint.model.LintModelModuleReader                              : loaded 2 times (x 70B)
Class kotlinx.coroutines.internal.intellij.IntellijKt                                 : loaded 2 times (x 68B)
Class build_ciz0d4qk47yjt517ef40wcisu                                                 : loaded 2 times (x 178B)
Class com.google.common.reflect.TypeToken$SimpleTypeToken                             : loaded 2 times (x 70B)
Class com.google.common.io.CharSource$StringCharSource                                : loaded 2 times (x 83B)
Class com.google.common.io.ByteSource$ByteArrayByteSource                             : loaded 2 times (x 82B)
Class com.google.common.collect.MapMakerInternalMap$AbstractStrongKeyEntry            : loaded 2 times (x 77B)
Class com.google.common.collect.AbstractSetMultimap                                   : loaded 2 times (x 171B)
Class org.jetbrains.kotlin.gradle.plugin.KotlinCompilationWithResources               : loaded 2 times (x 67B)
Class com.google.common.collect.Sets$ImprovedAbstractSet                              : loaded 2 times (x 132B)
Class com.google.common.collect.ImmutableList$Builder                                 : loaded 2 times (x 74B)
Class org.jetbrains.kotlin.gradle.plugin.KotlinTargetPreset                           : loaded 2 times (x 67B)
Class org.jetbrains.kotlin.gradle.plugin.diagnostics.checkers.KotlinTargetAlreadyDeclaredChecker: loaded 2 times (x 71B)
Class org.jetbrains.kotlin.gradle.plugin.mpp.compilationImpl.KotlinCompilationProcessorSideEffectKt: loaded 2 times (x 68B)
Class org.jetbrains.kotlin.gradle.utils.FileUtilsKt$localProperties$1                 : loaded 2 times (x 72B)
Class org.jetbrains.kotlin.gradle.dsl.HasConfigurableKotlinCompilerOptions            : loaded 2 times (x 67B)
Class com.google.common.collect.AbstractMultimap                                      : loaded 2 times (x 120B)
Class com.google.common.cache.LocalCache$2                                            : loaded 2 times (x 139B)
Class org.jetbrains.kotlin.serialization.DescriptorSerializerPlugin$Companion         : loaded 2 times (x 69B)
Class com.intellij.lang.java.parser.StatementParser                                   : loaded 2 times (x 77B)
Class com.fasterxml.aalto.in.PName                                                    : loaded 2 times (x 76B)
Class com.intellij.psi.JavaResolveResult                                              : loaded 2 times (x 67B)
Class com.intellij.openapi.editor.impl.DocumentImpl$1                                 : loaded 2 times (x 84B)
Class com.intellij.psi.TokenType                                                      : loaded 2 times (x 67B)
Class org.jetbrains.kotlin.psi.KtTypeArgumentList                                     : loaded 2 times (x 445B)
Class org.jetbrains.kotlin.psi.KtEnumEntrySuperclassReferenceExpression               : loaded 2 times (x 631B)
Class [Lorg.jetbrains.kotlin.psi.KtTypeConstraint;                                    : loaded 2 times (x 66B)
Class com.intellij.openapi.vfs.limits.FileSizeLimit$Companion$getLimits$$inlined$groupingBy$1: loaded 2 times (x 73B)
Class com.intellij.openapi.vfs.impl.ZipHandler$1                                      : loaded 2 times (x 83B)
Class kotlinx.coroutines.channels.ReceiveChannel                                      : loaded 2 times (x 67B)
Class com.intellij.util.containers.SLRUMap                                            : loaded 2 times (x 79B)
Class com.intellij.openapi.roots.LanguageLevelProjectExtension$LanguageLevelChangeListener: loaded 2 times (x 67B)
Class com.intellij.psi.impl.source.JavaDummyElement                                   : loaded 2 times (x 282B)
Class kotlinx.coroutines.channels.WaiterEB                                            : loaded 2 times (x 69B)
Class com.intellij.core.MockDocumentCommitProcessor                                   : loaded 2 times (x 72B)
Class kotlinx.coroutines.internal.UndeliveredElementException                         : loaded 2 times (x 79B)
Class com.intellij.psi.impl.file.impl.MultiverseTemporaryProviderStorage              : loaded 2 times (x 75B)
Class com.intellij.platform.util.coroutines.CoroutineScopeKt                          : loaded 2 times (x 68B)
Class org.jetbrains.kotlin.analysis.decompiler.psi.BuiltinsVirtualFileProvider$Companion: loaded 2 times (x 68B)
Class org.codehaus.stax2.typed.TypedArrayDecoder                                      : loaded 2 times (x 72B)
Class kotlinx.coroutines.internal.LimitedDispatcherKt                                 : loaded 2 times (x 68B)
Class org.jetbrains.kotlin.psi.KtImportInfo$ImportContent$ExpressionBased             : loaded 2 times (x 69B)
Class com.intellij.psi.presentation.java.VariablePresentationProvider                 : loaded 2 times (x 71B)
Class com.intellij.util.Java11Shim                                                    : loaded 2 times (x 67B)
Class com.intellij.util.SmartList                                                     : loaded 2 times (x 198B)
Class org.jetbrains.kotlin.config.MavenComparableVersion$IntegerItem                  : loaded 2 times (x 77B)
Class it.unimi.dsi.fastutil.objects.Object2ObjectFunction                             : loaded 2 times (x 67B)
Class com.android.tools.lint.checks.WrongCommentTypeDetector$Issues                   : loaded 2 times (x 68B)
Class com.android.tools.lint.checks.ViewBindingTypeDetector$Companion                 : loaded 2 times (x 68B)
Class [Lorg.jetbrains.kotlin.psi.KtValueArgumentList;                                 : loaded 2 times (x 66B)
Class com.android.tools.lint.checks.InteroperabilityDetector                          : loaded 2 times (x 167B)
Class com.android.ide.common.gradle.Component                                         : loaded 2 times (x 69B)
Class com.android.tools.lint.checks.CordovaVersionDetector                            : loaded 2 times (x 151B)
Class com.android.tools.lint.checks.BinderGetCallingInMainThreadDetector$Companion    : loaded 2 times (x 68B)
Class com.android.tools.lint.checks.ArraySizeDetector                                 : loaded 2 times (x 152B)
Class com.android.tools.lint.detector.api.Issue$Companion                             : loaded 2 times (x 68B)
Class com.intellij.psi.impl.java.stubs.PsiAnnotationStub                              : loaded 2 times (x 67B)
Class org.jetbrains.kotlin.protobuf.ExtensionRegistryLite                             : loaded 2 times (x 71B)
Class org.jetbrains.kotlin.gradle.tasks.configuration.AbstractKotlinCompileConfig$2$1 : loaded 2 times (x 76B)
Class org.jetbrains.kotlin.gradle.tasks.DefaultKotlinJavaToolchain_Decorated          : loaded 2 times (x 123B)
Class org.jetbrains.kotlin.gradle.plugin.statistics.KotlinProjectConfigurationMetrics : loaded 2 times (x 68B)
Class org.jetbrains.kotlin.gradle.plugin.KotlinCompilationInfo$TCS                    : loaded 2 times (x 86B)
Class com.google.common.collect.ImmutableRangeSet$1                                   : loaded 2 times (x 207B)
Class org.jetbrains.kotlin.gradle.plugin.mpp.HasBinaries                              : loaded 2 times (x 67B)
Class org.jetbrains.kotlin.gradle.dsl.KotlinCommonOptions                             : loaded 2 times (x 67B)
Class org.jetbrains.kotlin.gradle.plugin.mpp.compilationImpl.KotlinCreateSourcesJarTaskSideEffectKt: loaded 2 times (x 68B)
Class org.jetbrains.kotlin.gradle.dsl.KotlinJvmProjectExtension                       : loaded 2 times (x 144B)
Class org.jetbrains.kotlin.gradle.plugin.KotlinGradlePluginExtensionPointInternalKt   : loaded 2 times (x 68B)
Class org.jetbrains.kotlin.gradle.targets.native.toolchain.UsesKotlinNativeBundleBuildService: loaded 2 times (x 67B)
Class org.jetbrains.kotlin.gradle.plugin.KotlinCompilerArgumentsProducer              : loaded 2 times (x 67B)
Class org.jetbrains.kotlin.build.report.metrics.ValueType                             : loaded 2 times (x 76B)
Class org.jetbrains.kotlin.analysis.api.platform.KotlinProjectMessageBusProvider      : loaded 2 times (x 72B)
Class com.intellij.util.WalkingState                                                  : loaded 2 times (x 75B)
Class com.intellij.openapi.progress.CeProcessCanceledException                        : loaded 2 times (x 79B)
Class com.intellij.psi.tree.ICustomParsingType                                        : loaded 2 times (x 67B)
Class com.intellij.pom.java.JavaFeature                                               : loaded 2 times (x 83B)
Class org.jetbrains.kotlin.protobuf.Internal$EnumLiteMap                              : loaded 2 times (x 67B)
Class org.jetbrains.kotlin.protobuf.GeneratedMessageLite                              : loaded 2 times (x 98B)
Class com.intellij.psi.impl.source.tree.RecursiveTreeElementWalkingVisitor$ASTTreeGuide: loaded 2 times (x 82B)
Class com.intellij.psi.impl.java.stubs.JavaMethodElementType                          : loaded 2 times (x 112B)
Class com.intellij.openapi.editor.impl.MutableInterval                                : loaded 2 times (x 67B)
Class com.intellij.openapi.vfs.CompactVirtualFileSet$SetStorage                       : loaded 2 times (x 67B)
Class org.jetbrains.kotlin.psi.KtFunctionType                                         : loaded 2 times (x 512B)
Class org.jetbrains.kotlin.psi.KtConstructor                                          : loaded 2 times (x 1273B)
Class com.intellij.psi.scope.processor.FilterScopeProcessor                           : loaded 2 times (x 81B)
Class com.intellij.psi.PsiClassType                                                   : loaded 2 times (x 127B)
Class com.intellij.psi.PsiElementFactory                                              : loaded 2 times (x 67B)
Class com.intellij.psi.search.impl.VirtualFileEnumeration                             : loaded 2 times (x 67B)
Class kotlinx.coroutines.Waiter                                                       : loaded 2 times (x 67B)
Class [Lcom.intellij.openapi.editor.event.DocumentListener;                           : loaded 2 times (x 66B)
Class [Lcom.intellij.psi.PsiPackage;                                                  : loaded 2 times (x 66B)
Class com.intellij.psi.compiled.ClassFileDecompilers$Decompiler                       : loaded 2 times (x 67B)
Class com.intellij.openapi.application.QueryExecutorBase                              : loaded 2 times (x 74B)
Class com.intellij.psi.stubs.LightStubBuilder                                         : loaded 2 times (x 77B)
Class com.intellij.psi.impl.source.tree.PsiCommentImpl                                : loaded 2 times (x 564B)
Class it.unimi.dsi.fastutil.objects.Object2ObjectOpenCustomHashMap                    : loaded 2 times (x 184B)
Class com.intellij.util.text.CharSequenceBackedByArray                                : loaded 2 times (x 67B)
Class com.intellij.openapi.util.UserDataHolderBase                                    : loaded 2 times (x 92B)
Class org.jetbrains.kotlin.config.CompilerConfiguration                               : loaded 2 times (x 85B)
Class com.android.tools.lint.client.api.SimplePlatformLookup$PlatformTarget           : loaded 2 times (x 98B)
Class com.android.tools.lint.checks.WrongConstructorDetector                          : loaded 2 times (x 167B)
Class com.android.tools.lint.checks.WatchFaceFormatVersionDetector$Companion          : loaded 2 times (x 68B)
Class com.android.tools.lint.checks.SetTextDetector                                   : loaded 2 times (x 167B)
Class com.android.tools.lint.checks.ScopedStorageDetector$Companion                   : loaded 2 times (x 68B)
Class com.android.tools.lint.checks.ActivityIconColorDetector                         : loaded 2 times (x 181B)
Class com.android.tools.lint.detector.api.ApiConstraint$SdkApiConstraint              : loaded 2 times (x 91B)
Class org.gradle.api.internal.DefaultClassPathProvider                                : loaded 2 times (x 73B)
Class org.objectweb.asm.AnnotationVisitor                                             : loaded 2 times (x 75B)
Class org.jetbrains.kotlin.gradle.plugin.VariantImplementationFactoriesConfigurator$Companion$getProvider$1: loaded 2 times (x 71B)
Class com.android.tools.lint.client.api.CompositeIssueRegistry                        : loaded 2 times (x 80B)
Class build_2cbidxsuegrhrilcfywse7zmf$_run_closure1                                   : loaded 2 times (x 136B)
Class com.google.common.base.Optional                                                 : loaded 2 times (x 77B)
Class org.jetbrains.kotlin.build.report.metrics.BuildTimes$Companion                  : loaded 2 times (x 68B)
Class org.jetbrains.kotlin.gradle.tasks.configuration.BaseKotlinCompileConfig$1$classpathConfiguration$1: loaded 2 times (x 72B)
Class com.google.common.collect.Range                                                 : loaded 2 times (x 84B)
Class org.jetbrains.kotlin.gradle.targets.js.npm.NpmDependencyExtensionDelegate       : loaded 2 times (x 164B)
Class org.jetbrains.kotlin.gradle.plugin.sources.FragmentConsistencyChecker           : loaded 2 times (x 69B)
Class org.jetbrains.kotlin.gradle.dsl.DefaultToolchainSupport_Decorated               : loaded 2 times (x 121B)
Class org.jetbrains.kotlin.gradle.internal.properties.NativePropertiesLoader$jvmArgs$1: loaded 2 times (x 72B)
Class org.jetbrains.kotlin.gradle.report.BuildMetricsService$Companion                : loaded 2 times (x 68B)
Class org.jetbrains.kotlin.gradle.tasks.KotlinCompileTool                             : loaded 2 times (x 67B)
Class org.jetbrains.kotlin.gradle.utils.SingleAction$PerformedActions                 : loaded 2 times (x 69B)
Class org.jetbrains.kotlin.gradle.plugin.VariantImplementationFactories$Parameters_Decorated: loaded 2 times (x 131B)
Class org.jetbrains.kotlin.gradle.plugin.PropertiesProvider$PropertyNames             : loaded 2 times (x 68B)
Class org.jetbrains.kotlin.gradle.utils.GradleUtilsKt                                 : loaded 2 times (x 68B)
Class org.jetbrains.kotlin.gradle.plugin.HasProject                                   : loaded 2 times (x 67B)
Class com.google.common.util.concurrent.AbstractFuture$Trusted                        : loaded 2 times (x 67B)
Class com.google.common.collect.Iterators                                             : loaded 2 times (x 68B)
Class org.jetbrains.kotlin.gradle.plugin.PropertiesProvider$kotlinExperimentalTryNext$1: loaded 2 times (x 72B)
Class org.jetbrains.kotlin.statistics.metrics.BooleanOverridePolicy$OVERRIDE          : loaded 2 times (x 82B)
Class org.jetbrains.kotlin.protobuf.Parser                                            : loaded 2 times (x 67B)
Class org.jetbrains.kotlin.config.KotlinCompilerVersion                               : loaded 2 times (x 68B)
Class com.intellij.psi.impl.java.stubs.JavaStubElementTypes$1                         : loaded 2 times (x 112B)
Class org.jetbrains.kotlin.psi.KtExpressionCodeFragmentType                           : loaded 2 times (x 81B)
Class org.jetbrains.kotlin.psi.stubs.KotlinImportDirectiveStub                        : loaded 2 times (x 67B)
Class org.jetbrains.kotlin.psi.stubs.elements.KtObjectElementType                     : loaded 2 times (x 101B)
Class org.jetbrains.kotlin.psi.KtBackingField                                         : loaded 2 times (x 789B)
Class com.intellij.psi.impl.PsiElementBase                                            : loaded 2 times (x 288B)
Class org.jetbrains.kotlin.statistics.metrics.BooleanAnonymizationPolicy              : loaded 2 times (x 82B)
Class kotlin.jvm.internal.PropertyReference2Impl                                      : loaded 2 times (x 124B)
Class org.jetbrains.kotlin.cli.jvm.compiler.MockInferredAnnotationsManager            : loaded 2 times (x 71B)
Class kotlinx.coroutines.flow.internal.ChannelFlowTransformLatest$flowCollect$3$1     : loaded 2 times (x 72B)
Class kotlinx.coroutines.channels.ProduceKt                                           : loaded 2 times (x 68B)
Class kotlinx.coroutines.intrinsics.UndispatchedKt                                    : loaded 2 times (x 68B)
Class com.fasterxml.aalto.util.XmlConsts                                              : loaded 2 times (x 67B)
Class com.fasterxml.aalto.impl.CommonConfig                                           : loaded 2 times (x 74B)
Class org.jetbrains.kotlin.gradle.targets.native.toolchain.KotlinNativeBundleBuildService$Companion$registerIfAbsent$1: loaded 2 times (x 72B)
Class com.intellij.openapi.util.registry.RegistryValue                                : loaded 2 times (x 77B)
Class org.jetbrains.kotlin.gradle.utils.ProviderApiUtilsKt$mapOrNull$1                : loaded 2 times (x 72B)
Class com.intellij.util.ConcurrentLongObjectHashMap$TreeBin                           : loaded 2 times (x 75B)
Class io.opentelemetry.api.trace.DefaultTracerProvider                                : loaded 2 times (x 76B)
Class com.intellij.psi.stubs.StubTree                                                 : loaded 2 times (x 78B)
Class com.intellij.model.psi.UrlReferenceHost                                         : loaded 2 times (x 67B)
Class com.intellij.lang.DefaultASTFactory                                             : loaded 2 times (x 67B)
Class com.intellij.openapi.application.ApplicationManager                             : loaded 2 times (x 68B)
Class org.jetbrains.kotlin.gradle.targets.CreateDefaultTestRunSideEffectKt            : loaded 2 times (x 68B)
Class com.android.tools.lint.checks.WrongIdDetector                                   : loaded 2 times (x 152B)
Class com.android.tools.lint.checks.WebViewClientDetector                             : loaded 2 times (x 167B)
Class com.android.tools.lint.checks.NoOpDetector$Issues                               : loaded 2 times (x 68B)
Class com.android.tools.lint.checks.EmptySuperDetector$Companion                      : loaded 2 times (x 68B)
Class org.jetbrains.kotlin.konan.target.KonanTarget                                   : loaded 2 times (x 75B)
Class com.android.tools.lint.model.LintModelVariantReader                             : loaded 2 times (x 70B)
Class org.jetbrains.kotlin.gradle.plugin.diagnostics.KotlinGradleProjectCheckersRunnerKt$launchKotlinGradleProjectCheckers$1$1: loaded 2 times (x 92B)
Class org.jetbrains.kotlin.gradle.plugin.diagnostics.checkers.AndroidSourceSetLayoutV1SourceSetsNotFoundChecker$runChecks$1: loaded 2 times (x 85B)
Class build_6njktbe2g5mxeop99a97ef23l                                                 : loaded 2 times (x 177B)
Class com.google.common.io.ByteSink$AsCharSink                                        : loaded 2 times (x 77B)
Class com.google.common.collect.ExplicitOrdering                                      : loaded 2 times (x 112B)
Class org.jetbrains.kotlin.gradle.tasks.configuration.AbstractKotlinCompileConfig$2$3 : loaded 2 times (x 72B)
Class org.jetbrains.kotlin.gradle.tasks.configuration.BaseKotlinCompileConfig         : loaded 2 times (x 69B)
Class org.jetbrains.kotlin.gradle.plugin.mpp.compilationImpl.factory.KotlinCompilationImplFactory$KotlinCompilationTaskNamesContainerFactory: loaded 2 times (x 67B)
Class org.jetbrains.kotlin.gradle.internal.KotlinDependenciesManagementKt$CustomizeKotlinDependenciesSetupAction$1$coreLibrariesVersion$1: loaded 2 times (x 76B)
Class org.jetbrains.kotlin.gradle.plugin.diagnostics.checkers.CInteropInputChecker$runChecks$1: loaded 2 times (x 85B)
Class org.jetbrains.kotlin.gradle.ExperimentalKotlinGradlePluginApi                   : loaded 2 times (x 67B)
Class org.jetbrains.kotlin.gradle.internal.properties.NativePropertiesLoader          : loaded 2 times (x 83B)
Class org.jetbrains.kotlin.statistics.metrics.NumberAnonymizationPolicy$SAFE          : loaded 2 times (x 82B)
Class org.jetbrains.kotlin.gradle.plugin.statistics.BuildFusService                   : loaded 2 times (x 81B)
Class com.google.common.util.concurrent.UncheckedExecutionException                   : loaded 2 times (x 79B)
Class org.jetbrains.kotlin.load.java.structure.JavaClass                              : loaded 2 times (x 67B)
Class org.jetbrains.kotlin.types.TypeAttributeTranslator                              : loaded 2 times (x 67B)
Class com.intellij.lang.impl.PsiBuilderImpl$RelativeTokenTextView                     : loaded 2 times (x 72B)
Class org.jetbrains.kotlin.protobuf.WireFormat$JavaType                               : loaded 2 times (x 76B)
Class com.intellij.psi.impl.java.stubs.JavaStubElementTypes$2                         : loaded 2 times (x 112B)
Class com.intellij.psi.impl.java.stubs.JavaProvidesStatementElementType               : loaded 2 times (x 112B)
Class org.jetbrains.kotlin.analysis.api.platform.projectStructure.KotlinProjectStructureProvider$Companion: loaded 2 times (x 68B)
Class com.intellij.psi.AbstractBasicJavaFile                                          : loaded 2 times (x 67B)
Class org.jetbrains.kotlin.psi.stubs.KotlinClassifierStub                             : loaded 2 times (x 67B)
Class org.jetbrains.kotlin.psi.stubs.elements.KtStubElementType                       : loaded 2 times (x 97B)
Class org.jetbrains.kotlin.psi.KtFile$Companion                                       : loaded 2 times (x 68B)
Class kotlin.io.path.IllegalFileNameException                                         : loaded 2 times (x 82B)
Class com.intellij.openapi.util.ThrowableComputable                                   : loaded 2 times (x 67B)
Class com.intellij.openapi.components.ServiceDescriptor$PreloadMode                   : loaded 2 times (x 76B)
Class kotlinx.serialization.internal.LinkedHashMapClassDesc                           : loaded 2 times (x 93B)
Class com.intellij.psi.impl.PsiConstantEvaluationHelperImpl                           : loaded 2 times (x 71B)
Class com.intellij.core.CorePsiDocumentManager                                        : loaded 2 times (x 134B)
Class com.intellij.mock.MockFileIndexFacade                                           : loaded 2 times (x 84B)
Class org.jetbrains.kotlin.parsing.KotlinParserDefinition$Companion                   : loaded 2 times (x 68B)
Class org.codehaus.stax2.ri.typed.ValueDecoderFactory$FloatDecoder                    : loaded 2 times (x 81B)
Class com.intellij.lexer.MergingLexerAdapter                                          : loaded 2 times (x 84B)
Class com.intellij.psi.stubs.CoreStubElementRegistryServiceImpl                       : loaded 2 times (x 78B)
Class com.intellij.psi.impl.source.resolve.reference.PsiReferenceRegistrarImpl        : loaded 2 times (x 85B)
Class com.intellij.openapi.editor.impl.IntervalTree                                   : loaded 2 times (x 67B)
Class org.jetbrains.kotlin.config.MavenComparableVersion                              : loaded 2 times (x 75B)
Class org.jetbrains.kotlin.platform.jvm.JvmPlatforms                                  : loaded 2 times (x 68B)
Class com.android.tools.lint.checks.TypographyDetector$Companion                      : loaded 2 times (x 68B)
Class com.android.tools.lint.checks.RestrictToDetector$Companion                      : loaded 2 times (x 68B)
Class com.android.tools.lint.checks.PxUsageDetector                                   : loaded 2 times (x 151B)
Class com.android.tools.lint.checks.MediaBrowserServiceCompatVersionDetector$Issues   : loaded 2 times (x 68B)
Class com.intellij.pom.Navigatable                                                    : loaded 2 times (x 67B)
Class com.android.tools.lint.detector.api.Location$Companion$NONE$1                   : loaded 2 times (x 82B)
Class org.jetbrains.kotlin.gradle.plugin.diagnostics.checkers.AndroidPluginWithoutAndroidTargetChecker$runChecks$1: loaded 2 times (x 85B)
Class com.android.tools.lint.checks.optional.AospIssueRegistry                        : loaded 2 times (x 79B)
Class org.jetbrains.kotlin.gradle.tasks.configuration.AbstractKotlinCompileConfig$2$4 : loaded 2 times (x 72B)
Class org.jetbrains.kotlin.gradle.tasks.KotlinCompile$scriptSources$1                 : loaded 2 times (x 72B)
Class org.jetbrains.kotlin.build.report.metrics.BuildAttribute$Companion              : loaded 2 times (x 68B)
Class org.jetbrains.kotlin.gradle.plugin.diagnostics.checkers.CInteropInputChecker$runChecks$2: loaded 2 times (x 72B)
Class org.jetbrains.kotlin.gradle.tasks.configuration.KaptGenerateStubsConfig$Companion: loaded 2 times (x 68B)
Class org.jetbrains.kotlin.gradle.internal.KotlinTestDependencyManagementKt$maybeAddTestDependencyCapability$1: loaded 2 times (x 72B)
Class org.jetbrains.kotlin.gradle.plugin.diagnostics.CheckKotlinGradlePluginConfigurationErrorsKt: loaded 2 times (x 68B)
Class org.jetbrains.kotlin.gradle.targets.js.npm.NpmDependencyExtensionKt$AddNpmDependencyExtensionProjectSetupAction$1$WhenMappings: loaded 2 times (x 68B)
Class org.jetbrains.kotlin.gradle.plugin.mpp.KotlinJvmAndroidCompilation              : loaded 2 times (x 195B)
Class org.jetbrains.kotlin.gradle.targets.CreateDefaultCompilationsSideEffectKt$CreateDefaultCompilationsSideEffect$1: loaded 2 times (x 71B)
Class org.jetbrains.kotlin.gradle.targets.native.internal.AddKotlinPlatformIntegersSupportLibraryKt$AddKotlinPlatformIntegersSupportLibrary$1: loaded 2 times (x 92B)
Class org.jetbrains.kotlin.gradle.plugin.mpp.ApplyUserDefinedAttributesKt             : loaded 2 times (x 68B)
Class org.jetbrains.kotlin.tooling.core.TypeUtils$WhenMappings                        : loaded 2 times (x 68B)
Class org.jetbrains.kotlin.gradle.utils.FutureImpl                                    : loaded 2 times (x 77B)
Class org.jetbrains.kotlin.gradle.internal.properties.NativePropertiesLoader$isToolchainEnabled$1: loaded 2 times (x 72B)
Class [Lorg.jetbrains.kotlin.statistics.metrics.NumericalMetrics;                     : loaded 2 times (x 66B)
Class org.gradle.internal.InternalTransformer                                         : loaded 2 times (x 67B)
Class com.google.common.collect.Iterators$EmptyModifiableIterator                     : loaded 2 times (x 83B)
Class org.jetbrains.kotlin.analysis.api.platform.projectStructure.KotlinContentScopeRefiner: loaded 2 times (x 67B)
Class com.intellij.psi.impl.source.tree.ChildRole                                     : loaded 2 times (x 68B)
Class com.intellij.psi.impl.source.tree.java.FieldElement                             : loaded 2 times (x 232B)
Class com.intellij.psi.impl.source.PsiJavaCodeReferenceElementImpl$Kind               : loaded 2 times (x 76B)
Class com.intellij.lang.java.parser.OldExpressionParser                               : loaded 2 times (x 78B)
Class org.jetbrains.kotlin.gradle.ExternalKotlinTargetApi                             : loaded 2 times (x 67B)
Class org.jetbrains.kotlin.protobuf.SmallSortedMap$1                                  : loaded 2 times (x 127B)
Class com.intellij.psi.impl.java.stubs.PsiJavaModuleStub                              : loaded 2 times (x 67B)
Class com.intellij.psi.impl.java.stubs.JavaStubElementTypes$3                         : loaded 2 times (x 112B)
Class org.jetbrains.kotlin.load.kotlin.KotlinClassFinder                              : loaded 2 times (x 67B)
Class org.jetbrains.kotlin.buildtools.api.jvm.ClassSnapshotGranularity                : loaded 2 times (x 76B)
Class com.intellij.psi.impl.PsiFileEx                                                 : loaded 2 times (x 67B)
Class kotlinx.coroutines.JobSupport$Finishing                                         : loaded 2 times (x 73B)
Class kotlinx.coroutines.channels.SendChannel                                         : loaded 2 times (x 67B)
Class kotlin.collections.builders.SetBuilder$Companion                                : loaded 2 times (x 68B)
Class com.fasterxml.aalto.in.ByteBasedPNameFactory                                    : loaded 2 times (x 68B)
Class org.codehaus.stax2.ri.typed.ValueDecoderFactory$IntDecoder                      : loaded 2 times (x 81B)
Class kotlinx.coroutines.internal.ThreadLocalKt                                       : loaded 2 times (x 68B)
Class com.intellij.openapi.components.Service$Level                                   : loaded 2 times (x 76B)
Class com.intellij.openapi.command.CommandProcessorEx                                 : loaded 2 times (x 93B)
Class com.intellij.util.ConcurrentLongObjectHashMap$ForwardingNode                    : loaded 2 times (x 74B)
Class com.intellij.openapi.vfs.impl.ZipHandlerBase                                    : loaded 2 times (x 84B)
Class com.android.tools.lint.FirUastEnvironment$Configuration                         : loaded 2 times (x 85B)
Class it.unimi.dsi.fastutil.ints.Int2ObjectFunction                                   : loaded 2 times (x 67B)
Class it.unimi.dsi.fastutil.objects.ObjectBidirectionalIterable                       : loaded 2 times (x 67B)
Class com.intellij.pom.PomRenameableTarget                                            : loaded 2 times (x 67B)
Class com.intellij.lang.jvm.JvmModifiersOwner                                         : loaded 2 times (x 67B)
Class org.jetbrains.kotlin.incremental.ClasspathChanges                               : loaded 2 times (x 68B)
Class com.android.tools.lint.checks.AndroidAutoDetector                               : loaded 2 times (x 177B)
Class com.google.common.collect.ComparatorOrdering                                    : loaded 2 times (x 112B)
Class com.google.common.collect.ImmutableSet$SerializedForm                           : loaded 2 times (x 70B)
Class com.android.tools.lint.client.api.LintDriver$DriverMode                         : loaded 2 times (x 76B)
Class com.android.tools.lint.checks.C2dmDetector$Companion                            : loaded 2 times (x 68B)
Class com.android.tools.lint.checks.LayoutConsistencyDetector                         : loaded 2 times (x 177B)
Class com.android.tools.lint.checks.StartDestinationDetector$Issues                   : loaded 2 times (x 68B)
Class com.android.tools.lint.checks.StringAuthLeakDetector                            : loaded 2 times (x 167B)
Class [Lcom.intellij.openapi.util.UserDataHolder;                                     : loaded 2 times (x 66B)
Class com.google.common.collect.ImmutableBiMap$Builder                                : loaded 2 times (x 79B)
Class com.google.common.collect.HashMultimapGwtSerializationDependencies              : loaded 2 times (x 171B)
Class org.jetbrains.kotlin.gradle.tasks.CompileUsingKotlinDaemonWithNormalization     : loaded 2 times (x 67B)
Class org.jetbrains.kotlin.gradle.plugin.mpp.compilationImpl.factory.KotlinCompilationImplFactory$PostConfigure$Companion: loaded 2 times (x 68B)
Class com.google.common.collect.AbstractMapBasedMultimap$KeySet$1                     : loaded 2 times (x 79B)
Class org.jetbrains.kotlin.gradle.internal.KotlinDomApiDependencyManagementKt$configureKotlinDomApiDefaultDependency$1: loaded 2 times (x 76B)
Class org.jetbrains.kotlin.gradle.targets.js.npm.DefaultDevNpmDependencyExtension     : loaded 2 times (x 142B)
Class [Lorg.jetbrains.kotlin.gradle.plugin.HasKotlinDependencies;                     : loaded 2 times (x 66B)
Class org.jetbrains.kotlin.gradle.tasks.DefaultKotlinJavaToolchain$Companion$wireJvmTargetToToolchain$1: loaded 2 times (x 72B)
Class org.jetbrains.kotlin.gradle.plugin.diagnostics.checkers.JsLikeEnvironmentChecker: loaded 2 times (x 73B)
Class org.jetbrains.kotlin.gradle.plugin.KotlinPlatformType                           : loaded 2 times (x 79B)
Class org.jetbrains.kotlin.gradle.internal.properties.PropertiesBuildServiceKt        : loaded 2 times (x 68B)
Class org.jetbrains.kotlin.gradle.plugin.KotlinGradleBuildServices$Companion          : loaded 2 times (x 68B)
Class org.objectweb.asm.ClassWriter                                                   : loaded 2 times (x 103B)
Class com.google.common.cache.CacheLoader$UnsupportedLoadingOperationException        : loaded 2 times (x 79B)
Class org.gradle.internal.classloader.ClasspathUtil$1                                 : loaded 2 times (x 73B)
Class com.android.tools.lint.checks.UnusedResourceDetector                            : loaded 2 times (x 181B)
Class com.intellij.psi.impl.source.tree.java.AnnotationElement                        : loaded 2 times (x 238B)
Class com.intellij.psi.impl.source.BasicJavaDocElementType$DocCommentElementType      : loaded 2 times (x 95B)
Class org.jetbrains.kotlin.protobuf.BoundedByteString                                 : loaded 2 times (x 109B)
Class com.intellij.psi.impl.java.stubs.JavaStubElementTypes$4                         : loaded 2 times (x 112B)
Class com.intellij.psi.impl.java.stubs.JavaClassReferenceListElementType              : loaded 2 times (x 112B)
Class com.intellij.openapi.editor.impl.Interval                                       : loaded 2 times (x 67B)
Class org.jetbrains.kotlin.cli.jvm.index.JavaRoot$RootType                            : loaded 2 times (x 76B)
Class org.jetbrains.kotlin.storage.NullableLazyValue                                  : loaded 2 times (x 67B)
Class [Lcom.intellij.openapi.editor.Document;                                         : loaded 2 times (x 66B)
Class com.intellij.psi.PsiElementFinder                                               : loaded 2 times (x 85B)
Class [Lorg.jetbrains.kotlin.psi.KtBlockStringTemplateEntry;                          : loaded 2 times (x 66B)
Class org.jetbrains.kotlin.types.model.KotlinTypeMarker                               : loaded 2 times (x 67B)
Class com.intellij.psi.util.CachedValueProvider                                       : loaded 2 times (x 67B)
Class com.intellij.psi.impl.source.PsiJavaFileBaseImpl                                : loaded 2 times (x 962B)
Class org.jetbrains.kotlin.psi.KtDeclarationWithInitializer                           : loaded 2 times (x 67B)
Class org.jetbrains.kotlin.psi.KtElementImplStub                                      : loaded 2 times (x 442B)
Class com.intellij.util.containers.hash.EqualityPolicy                                : loaded 2 times (x 67B)
Class com.android.tools.lint.checks.ViewBindingTypeDetector                           : loaded 2 times (x 152B)
Class it.unimi.dsi.fastutil.objects.ObjectOpenHashSet                                 : loaded 2 times (x 184B)
Class com.intellij.psi.impl.source.resolve.JavaResolveCache$1                         : loaded 2 times (x 75B)
Class com.intellij.psi.scope.NameHint                                                 : loaded 2 times (x 67B)
Class com.intellij.psi.PsiPolyVariantReference                                        : loaded 2 times (x 67B)
Class com.intellij.psi.impl.PsiCachedValueImpl$DirectTracked                          : loaded 2 times (x 92B)
Class org.jetbrains.kotlin.util.Logger$Companion                                      : loaded 2 times (x 68B)
Class com.intellij.psi.PsiDocumentManager                                             : loaded 2 times (x 94B)
Class kotlinx.coroutines.channels.ChannelKt                                           : loaded 2 times (x 68B)
Class com.intellij.util.text.StringKt                                                 : loaded 2 times (x 68B)
Class kotlinx.coroutines.JobSupport                                                   : loaded 2 times (x 129B)
Class com.intellij.psi.search.searches.SmartExtensionPoint                            : loaded 2 times (x 69B)
Class com.intellij.psi.presentation.java.MethodPresentationProvider                   : loaded 2 times (x 71B)
Class com.intellij.psi.impl.file.PsiPackageImplementationHelper                       : loaded 2 times (x 74B)
Class com.intellij.openapi.extensions.impl.ExtensionPointImplKt                       : loaded 2 times (x 68B)
Class com.intellij.lang.java.lexer.JavaLexer                                          : loaded 2 times (x 81B)
Class com.intellij.openapi.progress.Task                                              : loaded 2 times (x 91B)
Class com.intellij.psi.impl.source.tree.PsiWhiteSpaceImpl                             : loaded 2 times (x 392B)
Class com.intellij.psi.impl.source.tree.CompositeElement                              : loaded 2 times (x 232B)
Class com.intellij.psi.impl.ReparseableASTNode                                        : loaded 2 times (x 67B)
Class com.intellij.openapi.extensions.impl.InterfaceExtensionPoint                    : loaded 2 times (x 94B)
Class com.intellij.util.messages.impl.BusState$Disposed                               : loaded 2 times (x 69B)
Class com.intellij.util.keyFMap.KeyFMap                                               : loaded 2 times (x 67B)
Class com.intellij.util.containers.ObjectIntMap                                       : loaded 2 times (x 67B)
Class com.android.tools.lint.checks.WatchFaceFormatVersionDetector                    : loaded 2 times (x 153B)
Class com.android.tools.lint.checks.Utf8Detector                                      : loaded 2 times (x 151B)
Class org.jetbrains.uast.UClass                                                       : loaded 2 times (x 67B)
Class com.android.tools.lint.checks.ShortcutUsageDetector                             : loaded 2 times (x 167B)
Class com.android.tools.lint.checks.ManifestResourceDetector                          : loaded 2 times (x 151B)
Class com.android.tools.lint.checks.CanvasSizeDetector                                : loaded 2 times (x 167B)
Class com.intellij.openapi.extensions.impl.ExtensionPointImpl$Companion               : loaded 2 times (x 68B)
Class com.intellij.psi.impl.source.tree.OwnBufferLeafPsiElement                       : loaded 2 times (x 321B)
Class com.android.tools.lint.CliConfiguration                                         : loaded 2 times (x 104B)
Class com.google.common.collect.FluentIterable$1                                      : loaded 2 times (x 78B)
Class com.google.common.base.Objects                                                  : loaded 2 times (x 68B)
Class org.jetbrains.kotlin.gradle.plugin.diagnostics.TransformActionUsingKotlinToolingDiagnostics$Companion: loaded 2 times (x 68B)
Class org.jetbrains.kotlin.gradle.plugin.BuildFinishedListenerService$Companion$registerIfAbsent$1: loaded 2 times (x 71B)
Class com.google.common.collect.AbstractMapBasedMultimap$Itr                          : loaded 2 times (x 80B)
Class org.jetbrains.kotlin.gradle.plugin.diagnostics.ToolingDiagnosticRenderingOptions$Companion: loaded 2 times (x 68B)
Class org.jetbrains.kotlin.gradle.dsl.KotlinJvmCompilerOptionsHelper                  : loaded 2 times (x 68B)
Class org.jetbrains.kotlin.gradle.tasks.DefaultKotlinJavaToolchain$Companion$wireJvmTargetToToolchain$2: loaded 2 times (x 72B)
Class org.jetbrains.kotlin.gradle.plugin.ProjectLocalConfigurations$ProjectLocalDisambiguation: loaded 2 times (x 73B)
Class org.jetbrains.kotlin.gradle.plugin.mpp.apple.swiftexport.internal.SwiftExportInitKt: loaded 2 times (x 68B)
Class org.jetbrains.kotlin.gradle.internal.properties.PropertiesBuildService$NullableStringGradleProperty: loaded 2 times (x 73B)
Class org.jetbrains.kotlin.gradle.plugin.KotlinGradleBuildServices$detectKotlinPluginLoadedInMultipleProjects$onRegister$1$1: loaded 2 times (x 72B)
Class org.jetbrains.kotlin.gradle.plugin.internal.ConfigurationCacheStartParameterAccessor$Factory: loaded 2 times (x 67B)
Class org.objectweb.asm.FieldVisitor                                                  : loaded 2 times (x 74B)
Class com.google.common.collect.IndexedImmutableSet                                   : loaded 2 times (x 149B)
Class com.google.common.collect.ImmutableMap$1                                        : loaded 2 times (x 78B)
Class org.gradle.api.internal.classpath.DefaultModuleRegistry$DefaultModule           : loaded 2 times (x 83B)
Class org.jetbrains.kotlin.resolve.extensions.ExtraImportsProviderExtension$Companion : loaded 2 times (x 69B)
Class com.intellij.psi.javadoc.PsiDocComment                                          : loaded 2 times (x 67B)
Class org.jetbrains.kotlin.metadata.ProtoBuf$TypeParameter$Variance                   : loaded 2 times (x 79B)
Class org.jetbrains.kotlin.metadata.ProtoBuf$Annotation$Argument$Value$1              : loaded 2 times (x 141B)
Class com.intellij.psi.impl.source.BasicJavaDocElementType                            : loaded 2 times (x 67B)
Class com.intellij.psi.impl.java.stubs.JavaStubElementTypes$5                         : loaded 2 times (x 112B)
Class com.intellij.psi.impl.java.stubs.JavaImportStatementElementType                 : loaded 2 times (x 112B)
Class com.intellij.lang.FCTSBackedLighterAST                                          : loaded 2 times (x 73B)
Class [Lit.unimi.dsi.fastutil.objects.Object2ObjectMap;                               : loaded 2 times (x 66B)
Class org.jetbrains.kotlin.storage.SimpleLock                                         : loaded 2 times (x 67B)
Class org.jetbrains.kotlin.psi.stubs.elements.KtScriptElementType                     : loaded 2 times (x 97B)
Class [Lorg.jetbrains.kotlin.psi.KtSuperTypeEntry;                                    : loaded 2 times (x 66B)
Class [Lorg.jetbrains.kotlin.psi.KtSimpleNameExpression;                              : loaded 2 times (x 66B)
Class org.jetbrains.kotlin.psi.KtTypeConstraint                                       : loaded 2 times (x 570B)
Class com.intellij.openapi.vfs.VirtualFileVisitor$Result                              : loaded 2 times (x 69B)
Class [Lkotlinx.collections.immutable.implementations.immutableSet.TrieNodeIterator;  : loaded 2 times (x 66B)
Class com.intellij.util.containers.ConcurrentWeakKeySoftValueHashMap$KeyReference     : loaded 2 times (x 67B)
Class kotlinx.coroutines.flow.FlowKt                                                  : loaded 2 times (x 68B)
Class com.intellij.openapi.util.LowMemoryWatcher                                      : loaded 2 times (x 69B)
Class com.intellij.psi.impl.PsiTreeChangePreprocessor                                 : loaded 2 times (x 67B)
Class com.intellij.util.io.DataOutputStream                                           : loaded 2 times (x 102B)
Class com.intellij.lang.PsiBuilder                                                    : loaded 2 times (x 67B)
Class com.intellij.util.containers.DisposableWrapperList                              : loaded 2 times (x 196B)
Class com.intellij.util.pico.AmbiguousComponentResolutionException                    : loaded 2 times (x 79B)
Class com.intellij.util.messages.impl.BusState                                        : loaded 2 times (x 68B)
Class com.intellij.core.CoreApplicationEnvironment                                    : loaded 2 times (x 90B)
Class com.intellij.openapi.util.CheckedDisposable                                     : loaded 2 times (x 67B)
Class it.unimi.dsi.fastutil.objects.AbstractObjectSortedSet                           : loaded 2 times (x 298B)
Class com.intellij.psi.presentation.java.ClassPresentationProvider                    : loaded 2 times (x 71B)
Class org.jetbrains.kotlin.platform.jvm.JvmPlatform                                   : loaded 2 times (x 72B)
Class com.android.tools.lint.checks.SyntheticAccessorDetector$Companion               : loaded 2 times (x 68B)
Class com.android.tools.lint.checks.StringCasingDetector                              : loaded 2 times (x 152B)
Class com.android.tools.lint.checks.NotificationPermissionDetector                    : loaded 2 times (x 175B)
Class org.jetbrains.kotlin.name.ClassId                                               : loaded 2 times (x 69B)
Class com.android.tools.lint.checks.LocaleDetector                                    : loaded 2 times (x 167B)
Class com.intellij.psi.PsiJvmMember                                                   : loaded 2 times (x 67B)
Class com.android.tools.lint.checks.FileEndsWithDetector                              : loaded 2 times (x 167B)
Class com.android.tools.lint.checks.CredentialManagerDigitalAssetLinkDetector         : loaded 2 times (x 167B)
Class com.android.tools.lint.checks.AssertDetector$Issues                             : loaded 2 times (x 68B)
Class com.intellij.psi.impl.search.MethodSuperSearcher                                : loaded 2 times (x 74B)
Class kotlinx.coroutines.EventLoop_commonKt                                           : loaded 2 times (x 68B)
Class build_cl15ik6ueg67tnardlg47lsg1$_run_closure1                                   : loaded 2 times (x 136B)
Class com.google.common.collect.FluentIterable$2                                      : loaded 2 times (x 78B)
Class com.google.common.base.Absent                                                   : loaded 2 times (x 77B)
Class org.jetbrains.kotlin.buildtools.api.KotlinLogger                                : loaded 2 times (x 67B)
Class org.jetbrains.kotlin.gradle.plugin.statistics.BuildFinishMetrics$reportGlobalMetrics$1: loaded 2 times (x 76B)
Class org.jetbrains.kotlin.gradle.internal.transforms.BuildToolsApiClasspathEntrySnapshotTransform$Parameters$Inject: loaded 2 times (x 116B)
Class com.google.common.collect.NullsFirstOrdering                                    : loaded 2 times (x 112B)
Class org.jetbrains.kotlin.gradle.plugin.diagnostics.CheckKotlinGradlePluginConfigurationErrors_Decorated: loaded 2 times (x 362B)
Class org.jetbrains.kotlin.gradle.plugin.mpp.compilationImpl.KotlinCompilationSourceSetInclusion$DefaultAddSourcesToCompileTask$addSources$1: loaded 2 times (x 76B)
Class org.jetbrains.kotlin.gradle.plugin.diagnostics.checkers.WasmSourceSetsNotFoundChecker$wasmSourceSetRegex$2: loaded 2 times (x 75B)
Class org.jetbrains.kotlin.gradle.plugin.mpp.compilationImpl.KotlinCompilationSideEffect: loaded 2 times (x 67B)
Class org.jetbrains.kotlin.gradle.plugin.KotlinGradlePluginExtensionPoint             : loaded 2 times (x 67B)
Class org.jetbrains.kotlin.tooling.core.ExtrasUtilsKt                                 : loaded 2 times (x 68B)
Class org.jetbrains.kotlin.buildtools.api.ExperimentalBuildToolsApi                   : loaded 2 times (x 67B)
Class org.jetbrains.kotlin.gradle.utils.ResourceUtilsKt                               : loaded 2 times (x 68B)
Class org.jetbrains.kotlin.gradle.plugin.KotlinPluginWrapperKt$kotlinPluginVersionFromResources$1: loaded 2 times (x 75B)
Class com.google.common.collect.AbstractIterator                                      : loaded 2 times (x 79B)
Class org.jetbrains.kotlin.load.java.structure.impl.source.JavaElementSourceFactory   : loaded 2 times (x 76B)
Class org.jetbrains.kotlin.resolve.jvm.extensions.PackageFragmentProviderExtension$Companion: loaded 2 times (x 69B)
Class org.jetbrains.kotlin.resolve.jvm.extensions.PackageFragmentProviderExtension    : loaded 2 times (x 67B)
Class com.intellij.psi.impl.source.tree.java.PsiPackageStatementImpl                  : loaded 2 times (x 464B)
Class com.intellij.lang.impl.MarkerOptionalData                                       : loaded 2 times (x 96B)
Class com.intellij.psi.impl.source.tree.SharedImplUtil                                : loaded 2 times (x 68B)
Class org.jetbrains.kotlin.protobuf.GeneratedMessageLite$ExtensionDescriptor          : loaded 2 times (x 81B)
Class org.jetbrains.kotlin.protobuf.InvalidProtocolBufferException                    : loaded 2 times (x 81B)
Class com.intellij.psi.impl.java.stubs.JavaStubElementTypes$6                         : loaded 2 times (x 112B)
Class com.intellij.psi.impl.java.stubs.JavaTypeParameterListElementType               : loaded 2 times (x 123B)
Class com.intellij.injected.editor.DocumentWindow                                     : loaded 2 times (x 67B)
Class org.jetbrains.kotlin.psi.KtContextReceiverList                                  : loaded 2 times (x 442B)
Class org.jetbrains.kotlin.psi.stubs.elements.KtContextReceiverElementType            : loaded 2 times (x 97B)
Class [Lorg.jetbrains.kotlin.psi.KtPureClassOrObject;                                 : loaded 2 times (x 66B)
Class [Lorg.jetbrains.kotlin.psi.KtDeclaration;                                       : loaded 2 times (x 66B)
Class com.intellij.openapi.vfs.PersistentFSConstants                                  : loaded 2 times (x 68B)
Class com.intellij.openapi.vfs.NonPhysicalFileSystem                                  : loaded 2 times (x 67B)
Class org.jetbrains.kotlin.analysis.api.impl.base.util.LibraryUtils                   : loaded 2 times (x 68B)
Class [Lcom.intellij.openapi.components.ServiceDescriptor$PreloadMode;                : loaded 2 times (x 66B)
Class kotlin.reflect.jvm.internal.KProperty2Impl                                      : loaded 2 times (x 125B)
Class com.intellij.psi.JavaPsiFacade                                                  : loaded 2 times (x 84B)
Class kotlinx.coroutines.channels.ChannelsKt__Channels_commonKt                       : loaded 2 times (x 68B)
Class kotlinx.coroutines.channels.ReceiveCatching                                     : loaded 2 times (x 72B)
Class kotlinx.coroutines.channels.ProducerCoroutine                                   : loaded 2 times (x 188B)
Class kotlin.random.jdk8.PlatformThreadLocalRandom                                    : loaded 2 times (x 84B)
Class com.intellij.codeInsight.multiverse.CodeInsightContextManager$Companion         : loaded 2 times (x 68B)
Class com.intellij.codeInsight.multiverse.CodeInsightContextManager                   : loaded 2 times (x 67B)
Class com.intellij.psi.impl.ResolveScopeManager                                       : loaded 2 times (x 71B)
Class kotlinx.coroutines.ExecutorCoroutineDispatcher                                  : loaded 2 times (x 104B)
Class com.intellij.psi.stubs.BinaryFileStubBuilder$CompositeBinaryFileStubBuilder     : loaded 2 times (x 67B)
Class com.intellij.openapi.util.Condition$1                                           : loaded 2 times (x 83B)
Class com.intellij.util.graph.Graph                                                   : loaded 2 times (x 67B)
Class [Lcom.intellij.util.containers.ConcurrentLongObjectMap$LongEntry;               : loaded 2 times (x 66B)
Class io.opentelemetry.api.internal.IncubatingUtil                                    : loaded 2 times (x 68B)
Class com.intellij.platform.diagnostic.telemetry.TelemetryManagerKt                   : loaded 2 times (x 68B)
Class com.intellij.openapi.progress.PerformInBackgroundOption                         : loaded 2 times (x 67B)
Class com.intellij.openapi.vfs.VirtualFileListener                                    : loaded 2 times (x 67B)
Class com.intellij.openapi.fileTypes.FileTypeExtension                                : loaded 2 times (x 87B)
Class org.jetbrains.kotlin.cli.jvm.compiler.CompatKt                                  : loaded 2 times (x 68B)
Class org.jetbrains.kotlin.platform.TargetPlatform                                    : loaded 2 times (x 116B)
Class com.intellij.psi.PsiVariable                                                    : loaded 2 times (x 67B)
Class com.android.tools.lint.checks.TranslationDetector$Companion                     : loaded 2 times (x 68B)
Class com.intellij.lang.jvm.types.JvmPrimitiveTypeKind                                : loaded 2 times (x 69B)
Class com.android.tools.lint.checks.RestrictToDetector                                : loaded 2 times (x 167B)
Class com.intellij.core.CoreInjectedLanguageManager                                   : loaded 2 times (x 91B)
Class org.jetbrains.kotlin.analysis.api.standalone.base.projectStructure.AnalysisApiServiceRegistrar: loaded 2 times (x 67B)
Class build_eytmn3igv5w0cibthy6j170                                                   : loaded 2 times (x 178B)
Class com.google.common.collect.FluentIterable$3                                      : loaded 2 times (x 78B)
Class org.jetbrains.kotlin.gradle.tasks.UsesKotlinJavaToolchain$DefaultImpls          : loaded 2 times (x 68B)
Class org.jetbrains.kotlin.build.report.metrics.BuildAttributeKind$Companion          : loaded 2 times (x 68B)
Class org.jetbrains.kotlin.gradle.plugin.mpp.KotlinTargetSoftwareComponentImplKt$KotlinTargetSoftwareComponent$1$1$1: loaded 2 times (x 72B)
Class org.jetbrains.kotlin.gradle.tasks.configuration.KaptGenerateStubsConfig$Companion$configureLibraries$1: loaded 2 times (x 76B)
Class org.jetbrains.kotlin.gradle.plugin.mpp.compilationImpl.KotlinCompilationSourceSetInclusion$DefaultAddSourcesToCompileTask$addSources$2: loaded 2 times (x 76B)
Class org.jetbrains.kotlin.gradle.tasks.AbstractKotlinCompile                         : loaded 2 times (x 451B)
Class org.jetbrains.kotlin.gradle.plugin.KotlinCompilationOutput                      : loaded 2 times (x 67B)
Class org.jetbrains.kotlin.gradle.plugin.diagnostics.CheckKotlinGradlePluginConfigurationErrorsKt$addDependsOnFromTasksThatShouldFailWhenErrorsReported$1: loaded 2 times (x 72B)
Class org.jetbrains.kotlin.konan.target.KonanTarget$TVOS_X64                          : loaded 2 times (x 75B)
Class org.jetbrains.kotlin.gradle.plugin.diagnostics.KotlinToolingDiagnosticsSetupActionKt: loaded 2 times (x 68B)
Class org.jetbrains.kotlin.gradle.plugin.KotlinGradleBuildServices$Parameters$Inject  : loaded 2 times (x 103B)
Class org.jetbrains.kotlin.gradle.plugin.KotlinPluginWrapperKt$kotlinPluginVersionFromResources$1$1: loaded 2 times (x 68B)
Class com.google.common.collect.ObjectArrays                                          : loaded 2 times (x 68B)
Class com.google.common.collect.Multiset                                              : loaded 2 times (x 67B)
Class com.google.common.collect.ArrayListMultimapGwtSerializationDependencies         : loaded 2 times (x 169B)
Class com.google.common.collect.AbstractIndexedListIterator                           : loaded 2 times (x 93B)
Class com.intellij.psi.impl.source.tree.java.PsiCodeBlockImpl                         : loaded 2 times (x 415B)
Class com.intellij.psi.impl.source.tree.java.ImportStatementElement                   : loaded 2 times (x 232B)
Class it.unimi.dsi.fastutil.Arrays                                                    : loaded 2 times (x 68B)
Class com.android.tools.lint.UastEnvironmentVirtualFileUtilsKt                        : loaded 2 times (x 68B)
Class org.jetbrains.kotlin.psi.KtUserType                                             : loaded 2 times (x 511B)
Class org.jetbrains.kotlin.protobuf.ByteString$ByteIterator                           : loaded 2 times (x 67B)
Class com.intellij.psi.impl.java.stubs.JavaStubElementTypes$7                         : loaded 2 times (x 112B)
Class com.intellij.psi.tree.java.IJavaElementType                                     : loaded 2 times (x 72B)
Class [Lorg.jetbrains.kotlin.psi.KtAnnotation;                                        : loaded 2 times (x 66B)
Class org.jetbrains.kotlin.psi.stubs.elements.KtEnumEntrySuperClassReferenceExpressionElementType: loaded 2 times (x 97B)
Class org.jetbrains.kotlin.storage.CacheWithNullableValues                            : loaded 2 times (x 67B)
Class com.intellij.psi.impl.source.DummyHolder                                        : loaded 2 times (x 723B)
Class com.intellij.psi.PsiQualifiedReferenceElement                                   : loaded 2 times (x 67B)
Class com.intellij.psi.impl.file.PsiDirectoryFactoryImpl                              : loaded 2 times (x 74B)
Class com.intellij.psi.util.CachedValue                                               : loaded 2 times (x 67B)
Class kotlinx.coroutines.channels.Channel                                             : loaded 2 times (x 67B)
Class com.intellij.psi.impl.file.impl.FileManagerImpl                                 : loaded 2 times (x 87B)
Class com.intellij.psi.impl.file.impl.FileManager                                     : loaded 2 times (x 67B)
Class org.jetbrains.kotlin.analysis.decompiler.stub.file.ClsKotlinBinaryClassCache    : loaded 2 times (x 69B)
Class kotlinx.coroutines.Job                                                          : loaded 2 times (x 67B)
Class com.intellij.psi.tree.TemplateLanguageStubBaseVersion                           : loaded 2 times (x 68B)
Class com.intellij.openapi.util.Condition$2                                           : loaded 2 times (x 83B)
Class com.intellij.openapi.extensions.impl.BeanExtensionPoint                         : loaded 2 times (x 97B)
Class com.intellij.openapi.vfs.VirtualFileMoveEvent                                   : loaded 2 times (x 81B)
Class com.intellij.openapi.editor.impl.RedBlackTree                                   : loaded 2 times (x 90B)
Class [Lcom.intellij.openapi.fileTypes.FileType;                                      : loaded 2 times (x 66B)
Class com.intellij.ide.plugins.DisabledPluginsState                                   : loaded 2 times (x 84B)
Class it.unimi.dsi.fastutil.objects.AbstractReference2ObjectFunction                  : loaded 2 times (x 97B)
Class com.intellij.openapi.util.ObjectTree                                            : loaded 2 times (x 69B)
Class it.unimi.dsi.fastutil.ints.Int2ObjectMap$FastEntrySet                           : loaded 2 times (x 67B)
Class com.intellij.openapi.diagnostic.Logger$Factory                                  : loaded 2 times (x 67B)
Class com.android.tools.lint.checks.ResourcePrefixDetector                            : loaded 2 times (x 156B)
Class [Lorg.jetbrains.kotlin.name.ClassId;                                            : loaded 2 times (x 66B)
Class com.android.tools.lint.checks.MissingInflatedIdDetector$Companion               : loaded 2 times (x 68B)
Class com.android.tools.lint.detector.api.Option                                      : loaded 2 times (x 73B)
Class com.intellij.psi.PsiTarget                                                      : loaded 2 times (x 67B)
Class com.intellij.psi.impl.java.stubs.JavaClassInitializerElementType                : loaded 2 times (x 123B)
Class com.intellij.psi.impl.java.stubs.PsiAnnotationParameterListStub                 : loaded 2 times (x 67B)
Class com.intellij.psi.impl.source.BasicJavaDocElementType$DocTypeHolderElementType   : loaded 2 times (x 85B)
Class org.jetbrains.kotlin.protobuf.CodedOutputStream$ByteBufferOutputStream          : loaded 2 times (x 83B)
Class build_bk8c5qtwyw6vmcu990napi6w4$_run_closure1                                   : loaded 2 times (x 136B)
Class org.jetbrains.kotlin.tooling.core.Extras$Entry                                  : loaded 2 times (x 69B)
Class org.jetbrains.kotlin.gradle.plugin.sources.InternalKotlinSourceSetKt            : loaded 2 times (x 68B)
Class org.jetbrains.kotlin.gradle.internal.Kapt3GradleSubplugin$Kapt3SubpluginContext : loaded 2 times (x 69B)
Class org.jetbrains.kotlin.gradle.artifacts.KotlinTargetArtifact                      : loaded 2 times (x 67B)
Class org.jetbrains.kotlin.gradle.dsl.KotlinJvmCompilerOptionsDefault_Decorated       : loaded 2 times (x 165B)
Class org.jetbrains.kotlin.gradle.plugin.HasKotlinDependencies                        : loaded 2 times (x 67B)
Class org.jetbrains.kotlin.gradle.targets.native.toolchain.KotlinNativeBundleBuildService$Companion: loaded 2 times (x 68B)
Class org.jetbrains.kotlin.gradle.plugin.BuildEventsListenerRegistryHolder_Decorated  : loaded 2 times (x 116B)
Class org.jetbrains.kotlin.gradle.plugin.statistics.MetricContainer                   : loaded 2 times (x 69B)
Class org.jetbrains.kotlin.gradle.plugin.statistics.old.Pre232IdeaKotlinBuildStatsMXBean: loaded 2 times (x 67B)
Class org.jetbrains.kotlin.gradle.plugin.statistics.KotlinBuildStatsServicesRegistry  : loaded 2 times (x 75B)
Class org.jetbrains.kotlin.gradle.plugin.VariantImplementationFactoriesConfigurator   : loaded 2 times (x 73B)
Class com.google.common.collect.ImmutableMapEntrySet                                  : loaded 2 times (x 149B)
Class org.gradle.api.internal.classpath.Module                                        : loaded 2 times (x 67B)
Class org.jetbrains.kotlin.analysis.api.impl.base.projectStructure.KaBaseModuleProvider: loaded 2 times (x 72B)
Class com.intellij.lang.impl.TokenSequence$WrappingLexer                              : loaded 2 times (x 82B)
Class org.jetbrains.kotlin.analysis.api.impl.base.java.KaBaseJavaModuleResolver       : loaded 2 times (x 75B)
Class com.intellij.psi.impl.java.stubs.JavaStubElementTypes$8                         : loaded 2 times (x 112B)
Class com.intellij.lang.java.parser.JavaParser                                        : loaded 2 times (x 84B)
Class com.intellij.util.indexing.IndexingDataKeys                                     : loaded 2 times (x 68B)
Class org.jetbrains.kotlin.psi.stubs.KotlinStringInterpolationPrefixStub              : loaded 2 times (x 67B)
Class com.intellij.util.CachedValueBase$TrackedData                                   : loaded 2 times (x 78B)
Class org.jetbrains.kotlin.psi.KtTypeParameterListOwner                               : loaded 2 times (x 67B)
Class com.intellij.openapi.util.Comparing                                             : loaded 2 times (x 68B)
Class com.google.common.collect.ListMultimap                                          : loaded 2 times (x 67B)
Class org.jetbrains.kotlin.gradle.plugin.sources.DefaultKotlinSourceSetFactory        : loaded 2 times (x 77B)
Class org.jetbrains.kotlin.gradle.plugin.diagnostics.ToolingDiagnostic                : loaded 2 times (x 69B)
Class kotlinx.coroutines.flow.Flow                                                    : loaded 2 times (x 67B)
Class org.codehaus.stax2.ri.typed.ValueDecoderFactory$IntArrayDecoder                 : loaded 2 times (x 75B)
Class org.codehaus.stax2.AttributeInfo                                                : loaded 2 times (x 67B)
Class com.fasterxml.aalto.in.ReaderConfig$EncodingContext                             : loaded 2 times (x 69B)
Class kotlinx.coroutines.internal.DispatchedContinuationKt                            : loaded 2 times (x 68B)
Class com.intellij.openapi.project.PossiblyDumbAware                                  : loaded 2 times (x 67B)
Class org.jetbrains.kotlin.gradle.tasks.TasksProviderKt                               : loaded 2 times (x 68B)
Class com.intellij.psi.tree.StubFileElementType                                       : loaded 2 times (x 99B)
Class com.intellij.psi.PsiLiteralValue                                                : loaded 2 times (x 67B)
Class com.intellij.openapi.util.Condition$3                                           : loaded 2 times (x 83B)
Class com.intellij.psi.tree.IElementType$Predicate                                    : loaded 2 times (x 67B)
Class com.intellij.openapi.progress.impl.ProgressManagerScopeKt                       : loaded 2 times (x 68B)
Class [Lcom.intellij.openapi.extensions.PluginId;                                     : loaded 2 times (x 66B)
Class com.intellij.openapi.editor.impl.RangeMarkerImpl                                : loaded 2 times (x 156B)
Class com.android.tools.lint.checks.ChildCountDetector$Issues                         : loaded 2 times (x 68B)
Class com.intellij.psi.PsiModifierListOwner                                           : loaded 2 times (x 67B)
Class com.android.tools.lint.detector.api.Intervals                                   : loaded 2 times (x 81B)
Class com.android.tools.lint.TextReporter                                             : loaded 2 times (x 72B)
Class org.jetbrains.kotlin.konan.target.KonanTarget$ANDROID_ARM32                     : loaded 2 times (x 75B)
Class org.jetbrains.kotlin.gradle.tasks.DefaultKotlinJavaToolchain$getToolsJarFromJvm$1$1: loaded 2 times (x 76B)
Class org.jetbrains.kotlin.gradle.tasks.KotlinCompile$ClasspathSnapshotProperties_Decorated: loaded 2 times (x 134B)
Class org.jetbrains.kotlin.gradle.internal.transforms.BuildToolsApiClasspathEntrySnapshotTransform$Parameters_Decorated: loaded 2 times (x 154B)
Class org.jetbrains.kotlin.gradle.plugin.mpp.compilationImpl.KotlinCompilationSourceSetInclusion$Companion$includedSourceSets$2: loaded 2 times (x 75B)
Class org.jetbrains.kotlin.gradle.plugin.diagnostics.KotlinToolingDiagnosticsSetupActionKt$KotlinToolingDiagnosticsSetupAction$1$1: loaded 2 times (x 72B)
Class org.jetbrains.kotlin.gradle.targets.js.npm.NpmDirectoryDependencyWithExternalsExtension: loaded 2 times (x 67B)
Class org.jetbrains.kotlin.gradle.plugin.KotlinProjectSetupAction                     : loaded 2 times (x 67B)
Class org.jetbrains.kotlin.gradle.plugin.KotlinGradleFinishBuildHandler$Companion     : loaded 2 times (x 68B)
Class com.google.common.cache.Weigher                                                 : loaded 2 times (x 67B)
Class org.gradle.api.internal.classpath.UnknownModuleException                        : loaded 2 times (x 79B)
Class com.google.common.collect.ImmutableRangeSet                                     : loaded 2 times (x 112B)
Class com.intellij.psi.impl.source.tree.java.NameValuePairElement                     : loaded 2 times (x 232B)
Class org.jetbrains.kotlin.metadata.ProtoBuf$QualifiedNameTable$QualifiedName         : loaded 2 times (x 107B)
Class com.intellij.lang.java.parser.BasicReferenceParser$TypeInfo                     : loaded 2 times (x 69B)
Class com.intellij.psi.impl.java.stubs.JavaStubElementTypes$9                         : loaded 2 times (x 112B)
Class [Lcom.intellij.model.psi.PsiExternalReferenceHost;                              : loaded 2 times (x 66B)
Class org.jetbrains.kotlin.psi.KtClassLiteralExpression                               : loaded 2 times (x 578B)
Class org.jetbrains.kotlin.psi.KtSuperTypeCallEntry                                   : loaded 2 times (x 518B)
Class org.jetbrains.kotlin.psi.KtSuperTypeList                                        : loaded 2 times (x 446B)
Class org.jetbrains.kotlin.psi.LambdaArgument                                         : loaded 2 times (x 67B)
Class [Lorg.jetbrains.kotlin.psi.KtTypeConstraintList;                                : loaded 2 times (x 66B)
Class org.jetbrains.kotlin.lexer.KtToken                                              : loaded 2 times (x 72B)
Class com.intellij.openapi.vfs.impl.ArchiveHandler$EntryInfo                          : loaded 2 times (x 69B)
Class com.intellij.openapi.util.io.FileAttributes                                     : loaded 2 times (x 68B)
Class com.intellij.util.io.FileAccessorCache$Handle                                   : loaded 2 times (x 77B)
Class org.jetbrains.kotlin.analysis.project.structure.builder.KtLibraryModuleBuilder  : loaded 2 times (x 72B)
Class org.jetbrains.kotlin.analysis.project.structure.builder.KtModuleProviderBuilder : loaded 2 times (x 69B)
Class org.jetbrains.kotlin.analysis.api.standalone.base.projectStructure.PluginStructureProvider$ResourceDataLoader: loaded 2 times (x 77B)
Class kotlin.reflect.jvm.internal.impl.name.FqNameUnsafe$Companion                    : loaded 2 times (x 68B)
Class org.jetbrains.kotlin.gradle.plugin.mpp.compilationImpl.DefaultKotlinCompilationConfigurationsContainer: loaded 2 times (x 82B)
Class org.jetbrains.kotlin.gradle.utils.CompatibilityKt                               : loaded 2 times (x 68B)
Class kotlinx.coroutines.internal.LockFreeLinkedListHead                              : loaded 2 times (x 72B)
Class org.jetbrains.kotlin.gradle.plugin.statistics.IDaemonReuseCounterMXBean         : loaded 2 times (x 67B)
Class kotlinx.coroutines.JobCancellingNode                                            : loaded 2 times (x 87B)
Class kotlinx.coroutines.internal.LockFreeTaskQueueCore                               : loaded 2 times (x 69B)
Class com.intellij.platform.diagnostic.telemetry.TelemetryManager$Companion           : loaded 2 times (x 68B)
Class com.intellij.psi.impl.source.tree.FileElement                                   : loaded 2 times (x 278B)
Class com.intellij.util.containers.ConcurrentFactoryMap                               : loaded 2 times (x 146B)
Class com.intellij.openapi.util.SystemInfoRt                                          : loaded 2 times (x 68B)
Class com.android.tools.lint.LintCliClient                                            : loaded 2 times (x 169B)
Class com.intellij.openapi.diagnostic.Logger                                          : loaded 2 times (x 96B)
Class org.jetbrains.kotlin.platform.TargetPlatformVersion$NoVersion                   : loaded 2 times (x 71B)
Class [Lcom.intellij.psi.PsiAnnotation;                                               : loaded 2 times (x 66B)
Class com.android.tools.lint.checks.PackageVisibilityDetector                         : loaded 2 times (x 177B)
Class com.android.tools.lint.checks.MonochromeLauncherIconDetector                    : loaded 2 times (x 151B)
Class com.android.tools.lint.checks.FileEndsWithDetector$Issues                       : loaded 2 times (x 68B)
Class [Lcom.android.tools.lint.checks.BinderGetCallingInMainThreadDetector$Method;    : loaded 2 times (x 66B)
Class com.intellij.psi.PsiParameterListOwner                                          : loaded 2 times (x 67B)
Class com.android.tools.lint.detector.api.Lint                                        : loaded 2 times (x 68B)
Class org.jetbrains.kotlin.gradle.plugin.mpp.InternalKotlinTargetComponentKt          : loaded 2 times (x 68B)
Class org.jetbrains.kotlin.gradle.plugin.mpp.InternalKotlinTarget$DefaultImpls        : loaded 2 times (x 68B)
Class org.jetbrains.kotlin.gradle.plugin.KotlinPluginLifecycleImpl$executeCurrentStageAndScheduleNext$3: loaded 2 times (x 72B)
Class org.jetbrains.kotlin.gradle.plugin.mpp.compilationImpl.KotlinCompilationRegisterInSourceSetsConfigurator$configure$1: loaded 2 times (x 76B)
Class org.jetbrains.kotlin.gradle.plugin.diagnostics.KotlinToolingDiagnosticsSetupActionKt$KotlinToolingDiagnosticsSetupAction$1$2: loaded 2 times (x 92B)
Class org.jetbrains.kotlin.gradle.targets.js.npm.NpmDependencyWithExternalsExtension  : loaded 2 times (x 67B)
Class org.jetbrains.kotlin.gradle.plugin.mpp.KotlinUsageContext                       : loaded 2 times (x 67B)
Class org.jetbrains.kotlin.gradle.plugin.KotlinTargetsContainer                       : loaded 2 times (x 67B)
Class org.jetbrains.kotlin.compilerRunner.GradleCliCommonizerKt                       : loaded 2 times (x 68B)
Class org.jetbrains.kotlin.gradle.utils.ConfigurationsKt                              : loaded 2 times (x 68B)
Class org.jetbrains.kotlin.gradle.plugin.StatisticsBuildFlowManager                   : loaded 2 times (x 69B)
Class org.jetbrains.kotlin.gradle.plugin.statistics.BuildFusService$Parameters        : loaded 2 times (x 67B)
Class org.jetbrains.kotlin.gradle.plugin.PluginWrappersKt                             : loaded 2 times (x 68B)
Class com.google.common.base.Stopwatch                                                : loaded 2 times (x 69B)
Class com.google.common.cache.LocalCache$Strength                                     : loaded 2 times (x 78B)
Class com.google.common.cache.Cache                                                   : loaded 2 times (x 67B)
Class com.intellij.psi.impl.source.tree.JavaSourceUtil                                : loaded 2 times (x 68B)
Class com.intellij.concurrency.ThreadContext$withThreadLocal$1                        : loaded 2 times (x 73B)
Class com.intellij.lang.TokenWrapper                                                  : loaded 2 times (x 75B)
Class com.intellij.lang.java.parser.ExpressionParser                                  : loaded 2 times (x 76B)
Class com.intellij.psi.impl.source.tree.TreeUtil$1MyVisitor                           : loaded 2 times (x 74B)
Class org.jetbrains.kotlin.protobuf.LazyFieldLite                                     : loaded 2 times (x 79B)
Class org.jetbrains.kotlin.protobuf.LiteralByteString                                 : loaded 2 times (x 109B)
Class com.intellij.psi.impl.java.stubs.PsiClassReferenceListStub                      : loaded 2 times (x 67B)
Class com.intellij.psi.impl.source.BasicJavaElementType$StatementThinCodeFragmentElementType: loaded 2 times (x 85B)
Class org.jetbrains.kotlin.analysis.project.structure.impl.KaSourceModuleImpl         : loaded 2 times (x 108B)
Class [Lorg.jetbrains.kotlin.psi.KtLambdaArgument;                                    : loaded 2 times (x 66B)
Class org.jetbrains.kotlin.psi.stubs.KotlinUserTypeStub                               : loaded 2 times (x 67B)
Class org.jetbrains.kotlin.psi.stubs.elements.KtSecondaryConstructorElementType       : loaded 2 times (x 104B)
Class [Lorg.jetbrains.kotlin.psi.KtTypeAlias;                                         : loaded 2 times (x 66B)
Class [Lcom.intellij.psi.NavigatablePsiElement;                                       : loaded 2 times (x 66B)
Class com.intellij.codeInsight.multiverse.AnyContext                                  : loaded 2 times (x 68B)
Class com.android.tools.lint.checks.KeyboardNavigationDetector                        : loaded 2 times (x 151B)
Class org.jetbrains.kotlin.analysis.api.standalone.base.projectStructure.PluginStructureProvider: loaded 2 times (x 68B)
Class com.android.tools.lint.checks.ManifestTypoDetector                              : loaded 2 times (x 151B)
Class com.intellij.psi.codeStyle.SuggestedNameInfo                                    : loaded 2 times (x 70B)
Class com.intellij.openapi.util.RecursionManager$1                                    : loaded 2 times (x 73B)
Class kotlinx.coroutines.CancelHandler                                                : loaded 2 times (x 73B)
Class kotlinx.coroutines.flow.FlowKt__ChannelsKt                                      : loaded 2 times (x 68B)
Class com.intellij.psi.impl.file.impl.FileViewProviderCache                           : loaded 2 times (x 67B)
Class kotlinx.coroutines.internal.ThreadContext_commonKt$countAll$1                   : loaded 2 times (x 75B)
Class kotlin.coroutines.CombinedContext                                               : loaded 2 times (x 75B)
Class com.intellij.util.QueryFactory                                                  : loaded 2 times (x 73B)
Class com.intellij.openapi.util.Disposer$1                                            : loaded 2 times (x 72B)
Class com.intellij.openapi.util.UserDataHolderEx                                      : loaded 2 times (x 67B)
Class org.jetbrains.kotlin.cli.common.CLIConfigurationKeys                            : loaded 2 times (x 68B)
Class it.unimi.dsi.fastutil.objects.ObjectLinkedOpenCustomHashSet                     : loaded 2 times (x 314B)
Class com.intellij.DynamicBundle$1                                                    : loaded 2 times (x 75B)
Class com.intellij.psi.PsiClass                                                       : loaded 2 times (x 67B)
Class com.android.tools.lint.checks.NegativeMarginDetector                            : loaded 2 times (x 151B)
Class com.android.tools.lint.checks.InvalidPackageDetector                            : loaded 2 times (x 151B)
Class com.android.tools.lint.checks.HighSensorSamplingRateDetector$Companion          : loaded 2 times (x 68B)
Class com.android.tools.lint.checks.ExportedFlagDetector$Companion                    : loaded 2 times (x 68B)
Class com.android.tools.lint.checks.CommentDetector$CommentChecker                    : loaded 2 times (x 124B)
Class com.intellij.psi.PsiType$Stub                                                   : loaded 2 times (x 102B)
Class com.android.tools.lint.model.LazyLintModelDependency                            : loaded 2 times (x 83B)
Class [Lcom.intellij.psi.PsiElement;                                                  : loaded 2 times (x 66B)
Class [Lorg.jetbrains.kotlin.config.LanguageOrApiVersion;                             : loaded 2 times (x 66B)
Class kotlin.reflect.jvm.internal.KPackageImpl$$Lambda$0                              : loaded 2 times (x 73B)
Class com.intellij.mock.MockApplication                                               : loaded 2 times (x 446B)
Class com.google.common.io.AppendableWriter                                           : loaded 2 times (x 97B)
Class org.jetbrains.kotlin.gradle.plugin.mpp.InternalKotlinTargetKt                   : loaded 2 times (x 68B)
Class com.google.common.collect.AbstractMultimap$Entries                              : loaded 2 times (x 117B)
Class org.jetbrains.kotlin.gradle.plugin.diagnostics.KotlinToolingDiagnosticsSetupActionKt$KotlinToolingDiagnosticsSetupAction$1$3: loaded 2 times (x 72B)
Class org.jetbrains.kotlin.gradle.targets.js.dsl.KotlinTargetWithNodeJsDsl            : loaded 2 times (x 67B)
Class org.jetbrains.kotlin.gradle.plugin.sources.DefaultKotlinSourceSetKt$defaultSourceSetLanguageSettingsChecker$1: loaded 2 times (x 75B)
Class org.jetbrains.kotlin.gradle.plugin.sources.InternalKotlinSourceSet              : loaded 2 times (x 67B)
Class org.jetbrains.kotlin.gradle.plugin.KotlinJvmPlugin                              : loaded 2 times (x 77B)
Class org.jetbrains.kotlin.gradle.plugin.mpp.SyncLanguageSettingsWithKotlinExtensionSetupActionKt$SyncLanguageSettingsWithKotlinExtensionSetupAction$1: loaded 2 times (x 92B)
Class org.jetbrains.kotlin.gradle.dsl.KotlinGradlePluginPublicDsl                     : loaded 2 times (x 67B)
Class org.jetbrains.kotlin.gradle.internal.properties.NativeProperties                : loaded 2 times (x 67B)
Class org.jetbrains.kotlin.statistics.BuildSessionLogger                              : loaded 2 times (x 74B)
Class org.jetbrains.kotlin.gradle.plugin.internal.ConfigurationCacheStartParameterAccessor: loaded 2 times (x 67B)
Class com.google.common.util.concurrent.AbstractFuture$Cancellation                   : loaded 2 times (x 69B)
Class com.google.common.collect.ImmutableMap$Builder                                  : loaded 2 times (x 79B)
Class org.jetbrains.kotlin.cli.jvm.index.SingleJavaFileRootsIndex                     : loaded 2 times (x 69B)
Class com.intellij.psi.PsiRequiresStatement                                           : loaded 2 times (x 67B)
Class com.intellij.openapi.project.ProjectLocator$Companion$withPreferredProject$1    : loaded 2 times (x 73B)
Class org.jetbrains.kotlin.resolve.jvm.modules.JavaModuleFinder                       : loaded 2 times (x 67B)
Class [Lorg.jetbrains.kotlin.psi.LambdaArgument;                                      : loaded 2 times (x 66B)
Class [Lorg.jetbrains.kotlin.psi.KtTypeParameterList;                                 : loaded 2 times (x 66B)
Class [Lorg.jetbrains.kotlin.psi.KtNamedFunction;                                     : loaded 2 times (x 66B)
Class org.jetbrains.kotlin.lexer.KtModifierKeywordToken                               : loaded 2 times (x 75B)
Class [Lorg.jetbrains.kotlin.psi.KtNamedDeclarationStub;                              : loaded 2 times (x 66B)
Class com.intellij.openapi.editor.ReadOnlyFragmentModificationException               : loaded 2 times (x 81B)
Class com.intellij.util.containers.Unsafe                                             : loaded 2 times (x 68B)
Class com.intellij.openapi.application.ApplicationInfo                                : loaded 2 times (x 91B)
Class kotlinx.collections.immutable.implementations.immutableSet.PersistentHashSet$Companion: loaded 2 times (x 68B)
Class com.intellij.openapi.fileTypes.PlainTextFileType                                : loaded 2 times (x 95B)
Class com.intellij.psi.impl.source.DummyHolderFactory                                 : loaded 2 times (x 68B)
Class com.intellij.openapi.util.RecursionManager$2                                    : loaded 2 times (x 72B)
Class com.intellij.psi.impl.PsiParameterizedCachedValue$DirectTracked                 : loaded 2 times (x 91B)
Class kotlinx.coroutines.internal.AtomicOp                                            : loaded 2 times (x 73B)
Class kotlinx.coroutines.flow.FlowKt__EmittersKt                                      : loaded 2 times (x 68B)
Class com.intellij.util.AtomicCache                                                   : loaded 2 times (x 69B)
Class com.intellij.codeInsight.multiverse.CodeInsightContextChangeListener            : loaded 2 times (x 67B)
Class com.intellij.psi.ClassTypePointerFactory                                        : loaded 2 times (x 67B)
Class com.intellij.util.diff.FlyweightCapableTreeStructure                            : loaded 2 times (x 67B)
Class com.intellij.psi.stubs.PsiFileStub                                              : loaded 2 times (x 67B)
Class com.intellij.psi.stubs.Stub                                                     : loaded 2 times (x 67B)
Class kotlinx.collections.immutable.implementations.immutableList.BufferIterator      : loaded 2 times (x 96B)
Class com.intellij.psi.impl.source.resolve.reference.ReferenceProvidersRegistry$1     : loaded 2 times (x 71B)
Class com.intellij.openapi.extensions.impl.ExtensionPointImpl                         : loaded 2 times (x 94B)
Class [Lcom.intellij.util.messages.Topic$BroadcastDirection;                          : loaded 2 times (x 66B)
Class com.intellij.openapi.util.Disposer$2                                            : loaded 2 times (x 73B)
Class com.intellij.DynamicBundle$2                                                    : loaded 2 times (x 77B)
Class com.android.tools.lint.checks.WebViewApiAvailabilityDetector                    : loaded 2 times (x 167B)
Class com.android.tools.lint.checks.RtlDetector$IdentifierChecker                     : loaded 2 times (x 124B)
Class com.android.tools.lint.checks.LocaleConfigDetector                              : loaded 2 times (x 155B)
Class com.android.tools.lint.checks.ApiDetector                                       : loaded 2 times (x 181B)
Class com.android.tools.lint.checks.AllCapsDetector$Issues                            : loaded 2 times (x 68B)
Class com.android.tools.lint.model.LintModelDependenciesReader                        : loaded 2 times (x 70B)
Class com.android.tools.lint.client.api.LintXmlConfiguration                          : loaded 2 times (x 92B)
Class com.google.common.base.Present                                                  : loaded 2 times (x 78B)
Class com.google.common.collect.AbstractMapBasedMultimap$WrappedCollection$WrappedIterator: loaded 2 times (x 81B)
Class org.jetbrains.kotlin.gradle.utils.FutureKt$future$2$1                           : loaded 2 times (x 92B)
Class [Lorg.jetbrains.kotlin.gradle.plugin.statistics.plugins.ObservablePlugins;      : loaded 2 times (x 66B)
Class org.jetbrains.kotlin.gradle.plugin.internal.BuildIdService$Companion$registerIfAbsent$1$1: loaded 2 times (x 72B)
Class org.jetbrains.kotlin.gradle.plugin.mpp.compilationImpl.factory.KotlinCompilationDependencyConfigurationsFactoriesKt$WhenMappings: loaded 2 times (x 68B)
Class org.jetbrains.kotlin.konan.target.KonanTarget$IOS_ARM64                         : loaded 2 times (x 75B)
Class org.jetbrains.kotlin.gradle.targets.js.dsl.KotlinWasmTargetDsl                  : loaded 2 times (x 67B)
Class org.jetbrains.kotlin.gradle.plugin.diagnostics.checkers.DisabledCinteropCommonizationInHmppProjectChecker$runChecks$1: loaded 2 times (x 85B)
Class org.jetbrains.kotlin.gradle.plugin.sources.ConsistencyCheck                     : loaded 2 times (x 69B)
Class org.jetbrains.kotlin.gradle.plugin.sources.DefaultKotlinSourceSetKt$defaultSourceSetLanguageSettingsChecker$2: loaded 2 times (x 75B)
Class org.jetbrains.kotlin.gradle.dsl.KotlinCommonToolOptions                         : loaded 2 times (x 67B)
Class org.jetbrains.kotlin.gradle.plugin.AbstractKotlinPlugin                         : loaded 2 times (x 76B)
Class org.jetbrains.kotlin.gradle.tasks.DefaultKotlinJavaToolchain$Companion$wireJvmTargetToJvm$1: loaded 2 times (x 72B)
Class org.jetbrains.kotlin.gradle.plugin.diagnostics.checkers.ComposePluginSuggestApplyChecker: loaded 2 times (x 71B)
Class org.jetbrains.kotlin.gradle.dsl.KotlinMultiplatformExtension                    : loaded 2 times (x 706B)
Class com.google.common.cache.RemovalListener                                         : loaded 2 times (x 67B)
Class org.gradle.api.internal.DefaultClassPathRegistry                                : loaded 2 times (x 73B)
Class [Lcom.intellij.psi.PsiDirectoryContainer;                                       : loaded 2 times (x 66B)
Class com.intellij.psi.javadoc.PsiDocTag                                              : loaded 2 times (x 67B)
Class com.intellij.psi.impl.source.SourceJavaCodeReference                            : loaded 2 times (x 67B)
Class org.jetbrains.kotlin.protobuf.SmallSortedMap$EmptySet$1                         : loaded 2 times (x 75B)
Class org.jetbrains.kotlin.protobuf.AbstractMessageLite$Builder$LimitedInputStream    : loaded 2 times (x 89B)
Class org.jetbrains.kotlin.psi.KtSimpleNameStringTemplateEntry                        : loaded 2 times (x 444B)
Class org.jetbrains.kotlin.psi.stubs.KotlinCollectionLiteralExpressionStub            : loaded 2 times (x 67B)
Class org.jetbrains.kotlin.psi.stubs.elements.KtConstantExpressionElementType$Companion: loaded 2 times (x 68B)
Class [Lorg.jetbrains.kotlin.psi.KtInitializerList;                                   : loaded 2 times (x 66B)
Class org.jetbrains.kotlin.psi.KtExpressionImplStub                                   : loaded 2 times (x 504B)
Class [Lorg.jetbrains.kotlin.psi.KtClassInitializer;                                  : loaded 2 times (x 66B)
Class org.jetbrains.kotlin.psi.KtVariableDeclaration                                  : loaded 2 times (x 67B)
Class org.jetbrains.kotlin.psi.KtClassOrObject                                        : loaded 2 times (x 1100B)
Class [Lcom.intellij.openapi.vfs.VFileProperty;                                       : loaded 2 times (x 66B)
Class com.intellij.ide.plugins.XmlReader$readExtensions$1$1                           : loaded 2 times (x 71B)
Class com.intellij.openapi.extensions.ExtensionPointAdapter                           : loaded 2 times (x 73B)
Class kotlinx.coroutines.DebugKt                                                      : loaded 2 times (x 68B)
Class org.codehaus.stax2.validation.Validatable                                       : loaded 2 times (x 67B)
Class com.intellij.platform.util.coroutines.ChildScope                                : loaded 2 times (x 139B)
Class com.intellij.codeInsight.multiverse.CodeInsightContextManagerImpl               : loaded 2 times (x 88B)
Class com.intellij.psi.PsiTypeElement                                                 : loaded 2 times (x 67B)
Class com.intellij.psi.search.GlobalSearchScope$EmptyScope                            : loaded 2 times (x 96B)
Class com.intellij.psi.impl.source.tree.RecursiveTreeElementWalkingVisitor            : loaded 2 times (x 74B)
Class com.intellij.psi.impl.PsiTreeChangeEventImpl                                    : loaded 2 times (x 83B)
Class com.intellij.codeInsight.folding.impl.JavaFoldingBuilderBase$1                  : loaded 2 times (x 208B)
Class com.intellij.psi.PsiField                                                       : loaded 2 times (x 67B)
Class kotlinx.coroutines.JobSupport$addLastAtomic$$inlined$addLastIf$1                : loaded 2 times (x 74B)
Class com.intellij.lang.java.lexer.JavaDocLexer                                       : loaded 2 times (x 84B)
Class com.intellij.util.graph.impl.GraphAlgorithmsImpl                                : loaded 2 times (x 79B)
Class com.intellij.openapi.vfs.newvfs.BulkFileListener                                : loaded 2 times (x 67B)
Class kotlinx.collections.immutable.implementations.immutableList.AbstractPersistentList: loaded 2 times (x 325B)
Class com.intellij.openapi.application.Application                                    : loaded 2 times (x 67B)
Class kotlinx.coroutines.internal.InlineList                                          : loaded 2 times (x 69B)
Class com.intellij.psi.impl.PsiCachedValueImpl$Direct                                 : loaded 2 times (x 92B)
Class com.android.tools.lint.checks.UnsafeIntentLaunchDetector                        : loaded 2 times (x 177B)
Class com.android.tools.lint.checks.RequiredFeatureDetector                           : loaded 2 times (x 151B)
Class com.android.tools.lint.checks.RegistrationDetector                              : loaded 2 times (x 177B)
Class com.android.tools.lint.checks.ExifInterfaceDetector$MyVisitor                   : loaded 2 times (x 124B)
Class com.android.tools.lint.checks.CredentialManagerSignInWithGoogleDetector$Companion: loaded 2 times (x 68B)
Class com.intellij.psi.impl.PsiParameterizedCachedValue$SoftTracked                   : loaded 2 times (x 91B)
Class [Lcom.android.tools.lint.detector.api.TextFormat;                               : loaded 2 times (x 66B)
Class com.intellij.psi.search.GlobalSearchScope$FilesScope                            : loaded 2 times (x 105B)
Class com.intellij.lang.jvm.types.JvmReferenceType                                    : loaded 2 times (x 67B)
Class com.intellij.psi.scope.processor.MethodsProcessor                               : loaded 2 times (x 105B)
Class com.intellij.psi.impl.source.DummyHolderFactory$DefaultFactory                  : loaded 2 times (x 84B)
Class com.google.common.reflect.Invokable$ConstructorInvokable                        : loaded 2 times (x 104B)
Class com.google.common.collect.ImmutableMultimap$Keys                                : loaded 2 times (x 163B)
Class org.jetbrains.kotlin.gradle.plugin.mpp.KotlinTargetSoftwareComponentImplKt$KotlinTargetSoftwareComponent$1$1$configuration$1: loaded 2 times (x 76B)
Class org.jetbrains.kotlin.gradle.targets.js.npm.DefaultPeerNpmDependencyExtension$delegate$1: loaded 2 times (x 164B)
Class org.jetbrains.kotlin.gradle.targets.js.npm.NpmDependency                        : loaded 2 times (x 94B)
Class org.jetbrains.kotlin.gradle.targets.js.npm.DefaultNpmDependencyExtension        : loaded 2 times (x 149B)
Class org.jetbrains.kotlin.gradle.targets.js.npm.NpmDependency$Scope                  : loaded 2 times (x 76B)
Class org.jetbrains.kotlin.gradle.plugin.sources.FragmentConsistencyChecks$unstableFeaturesCheck$1: loaded 2 times (x 76B)
Class org.jetbrains.kotlin.gradle.plugin.sources.DefaultKotlinSourceSet               : loaded 2 times (x 138B)
Class org.jetbrains.kotlin.gradle.plugin.diagnostics.checkers.AndroidSourceSetLayoutV1SourceSetsNotFoundChecker: loaded 2 times (x 71B)
Class org.jetbrains.kotlin.gradle.utils.ConfigurationsKt$sam$org_gradle_api_Action$0  : loaded 2 times (x 72B)
Class org.jetbrains.kotlin.gradle.plugin.VariantImplementationFactories$Parameters    : loaded 2 times (x 67B)
Class org.gradle.api.internal.ClassPathRegistry                                       : loaded 2 times (x 67B)
Class org.gradle.internal.classpath.DefaultClassPath$ImmutableUniqueList              : loaded 2 times (x 196B)
Class org.jetbrains.kotlin.extensions.StorageComponentContainerContributor            : loaded 2 times (x 67B)
Class com.intellij.util.text.CharSequenceSubSequence                                  : loaded 2 times (x 96B)
Class org.jetbrains.kotlin.metadata.ProtoBuf$ValueParameterOrBuilder                  : loaded 2 times (x 67B)
Class org.jetbrains.kotlin.protobuf.SmallSortedMap$EmptySet$2                         : loaded 2 times (x 75B)
Class org.jetbrains.kotlin.metadata.ProtoBuf$PackageOrBuilder                         : loaded 2 times (x 67B)
Class [Lit.unimi.dsi.fastutil.objects.Object2ObjectOpenHashMap;                       : loaded 2 times (x 66B)
Class org.jetbrains.kotlin.psi.KtStringTemplateExpression                             : loaded 2 times (x 677B)
Class org.jetbrains.kotlin.psi.KtImportInfo$ImportContent                             : loaded 2 times (x 68B)
Class com.intellij.psi.LanguageFileViewProviders                                      : loaded 2 times (x 93B)
Class com.android.tools.lint.VirtualFileWrapper                                       : loaded 2 times (x 118B)
Class com.intellij.util.io.ResourceHandle                                             : loaded 2 times (x 76B)
Class com.intellij.util.containers.FactoryMap                                         : loaded 2 times (x 121B)
Class com.intellij.openapi.util.RecursionGuard                                        : loaded 2 times (x 72B)
Class kotlinx.coroutines.channels.ChannelCoroutine                                    : loaded 2 times (x 185B)
Class kotlinx.coroutines.flow.internal.ChannelFlowTransformLatest                     : loaded 2 times (x 83B)
Class kotlinx.coroutines.DispatchedTaskKt                                             : loaded 2 times (x 68B)
Class kotlinx.coroutines.internal.SystemPropsKt__SystemProps_commonKt                 : loaded 2 times (x 68B)
Class kotlinx.coroutines.ThreadContextElement                                         : loaded 2 times (x 67B)
Class kotlinx.collections.immutable.implementations.immutableList.UtilsKt             : loaded 2 times (x 68B)
Class com.intellij.util.messages.impl.MessageBusImpl$Companion                        : loaded 2 times (x 68B)
Class com.intellij.core.CoreFileTypeRegistry                                          : loaded 2 times (x 79B)
Class it.unimi.dsi.fastutil.ints.Int2ObjectOpenHashMap                                : loaded 2 times (x 219B)
Class com.android.tools.lint.checks.WorkManagerDetector                               : loaded 2 times (x 167B)
Class com.android.tools.lint.checks.TitleDetector                                     : loaded 2 times (x 151B)
Class com.android.tools.lint.checks.RegisterReceiverFlagDetector                      : loaded 2 times (x 167B)
Class com.android.tools.lint.checks.ObjectAnimatorDetector                            : loaded 2 times (x 177B)
Class com.android.tools.lint.checks.JavaScriptInterfaceDetector$Companion             : loaded 2 times (x 68B)
Class com.android.tools.lint.checks.JavaScriptInterfaceDetector                       : loaded 2 times (x 167B)
Class com.android.tools.lint.checks.EmptySuperDetector                                : loaded 2 times (x 167B)
Class [Lcom.android.tools.lint.detector.api.Platform;                                 : loaded 2 times (x 66B)
Class org.jetbrains.kotlin.psi.KtPureElement                                          : loaded 2 times (x 67B)
Class [Lorg.jetbrains.kotlin.psi.KtImportDirective;                                   : loaded 2 times (x 66B)
Class [Lorg.jetbrains.kotlin.psi.KtTypeElement;                                       : loaded 2 times (x 66B)
Class [Lorg.jetbrains.kotlin.psi.KtValueArgument;                                     : loaded 2 times (x 66B)
Class com.android.tools.lint.client.api.ConfigurationHierarchy$lintXmlCreator$1       : loaded 2 times (x 75B)
Class com.android.tools.lint.client.api.FlagConfiguration                             : loaded 2 times (x 104B)
Class kotlin.collections.IntIterator                                                  : loaded 2 times (x 79B)
Class com.google.common.reflect.TypeToken                                             : loaded 2 times (x 70B)
Class com.google.common.collect.NullnessCasts                                         : loaded 2 times (x 68B)
Class org.jetbrains.kotlin.gradle.plugin.internal.state.TaskLoggers                   : loaded 2 times (x 68B)
Class com.google.common.collect.MapMakerInternalMap$Segment                           : loaded 2 times (x 139B)
Class com.google.common.base.ExtraObjectsMethodsForWeb                                : loaded 2 times (x 68B)
Class org.jetbrains.kotlin.gradle.plugin.KotlinCompilation$DefaultImpls               : loaded 2 times (x 68B)
Class org.jetbrains.kotlin.gradle.utils.ProviderApiUtilsKt$providerWithLazyConvention$1: loaded 2 times (x 71B)
Class org.jetbrains.kotlin.konan.target.KonanTarget$Companion$predefinedTargets$2     : loaded 2 times (x 75B)
Class org.jetbrains.kotlin.gradle.plugin.sources.FragmentConsistencyChecks$unstableFeaturesCheck$2: loaded 2 times (x 75B)
Class org.jetbrains.kotlin.gradle.plugin.KotlinPluginLifecycleImpl                    : loaded 2 times (x 77B)
Class org.jetbrains.kotlin.gradle.plugin.diagnostics.KotlinToolingDiagnostics$WasmWasiEnvironmentNotChosenExplicitly: loaded 2 times (x 70B)
Class org.jetbrains.kotlin.gradle.artifacts.KotlinNativeKlibArtifactKt$KotlinNativeKlibArtifact$1: loaded 2 times (x 71B)
Class org.jetbrains.kotlin.gradle.dsl.KotlinCommonCompilerOptionsDefault              : loaded 2 times (x 93B)
Class org.jetbrains.kotlin.gradle.dsl.KotlinCommonCompilerToolOptionsDefault          : loaded 2 times (x 81B)
Class org.jetbrains.kotlin.gradle.internal.properties.NativePropertiesLoader$isUseXcodeMessageStyleEnabled$1: loaded 2 times (x 72B)
Class org.jetbrains.kotlin.gradle.plugin.statistics.KotlinBuildStatisticsUtilsKt$collectGeneralConfigurationTimeMetrics$statisticOverhead$1$2: loaded 2 times (x 72B)
Class org.jetbrains.kotlin.gradle.plugin.StatisticsBuildFlowManager_Decorated         : loaded 2 times (x 116B)
Class org.jetbrains.kotlin.gradle.report.BuildReportMode$Companion                    : loaded 2 times (x 68B)
Class org.jetbrains.kotlin.gradle.plugin.VariantImplementationFactories$VariantImplementationFactory: loaded 2 times (x 67B)
Class com.intellij.lang.java.parser.BasicPrattExpressionParser$ParserData             : loaded 2 times (x 69B)
Class com.intellij.util.text.ImmutableText$InnerLeaf                                  : loaded 2 times (x 69B)
Class com.intellij.psi.impl.java.stubs.PsiModifierListStub                            : loaded 2 times (x 67B)
Class com.intellij.psi.impl.smartPointers.SmartTypePointerManagerImpl                 : loaded 2 times (x 70B)
Class com.intellij.util.AstLoadingFilter                                              : loaded 2 times (x 68B)
Class com.intellij.psi.stubs.LanguageStubDescriptor                                   : loaded 2 times (x 67B)
Class com.intellij.psi.stubs.LanguageStubDefinition                                   : loaded 2 times (x 67B)
Class [Lorg.jetbrains.kotlin.psi.KtContextReceiver;                                   : loaded 2 times (x 66B)
Class org.jetbrains.kotlin.analysis.api.projectStructure.KaLibraryModule              : loaded 2 times (x 67B)
Class com.intellij.openapi.util.io.FileUtilRt$RepeatableIOOperation                   : loaded 2 times (x 67B)
Class com.android.tools.lint.UastEnvironmentUtilsKt$configureAnalysisApiProjectStructure$1$1: loaded 2 times (x 122B)
Class org.jetbrains.kotlin.analysis.api.platform.java.KotlinJavaModuleJavaAnnotationsProvider: loaded 2 times (x 67B)
Class org.jetbrains.kotlin.analysis.api.standalone.base.permissions.KotlinStandaloneAnalysisPermissionOptions: loaded 2 times (x 74B)
Class com.intellij.psi.impl.java.stubs.JavaRequiresStatementElementType               : loaded 2 times (x 112B)
Class com.intellij.util.containers.SoftKeySoftValueHashMap$ValueReference             : loaded 2 times (x 77B)
Class com.intellij.mock.MockDumbUtil                                                  : loaded 2 times (x 72B)
Class kotlinx.coroutines.flow.SharedFlowKt                                            : loaded 2 times (x 68B)
Class org.codehaus.stax2.XMLStreamReader2                                             : loaded 2 times (x 67B)
Class com.intellij.ide.plugins.ActionDescriptorName                                   : loaded 2 times (x 76B)
Class com.intellij.psi.search.searches.SuperMethodsSearch$1                           : loaded 2 times (x 76B)
Class com.intellij.psi.impl.source.tree.CompositePsiElement                           : loaded 2 times (x 403B)
Class com.intellij.util.cls.ClsFormatException                                        : loaded 2 times (x 79B)
Class kotlinx.collections.immutable.implementations.immutableSet.PersistentHashSet    : loaded 2 times (x 217B)
Class com.intellij.psi.impl.source.resolve.reference.ReferenceProvidersRegistry       : loaded 2 times (x 71B)
Class kotlinx.collections.immutable.internal.CommonFunctionsKt                        : loaded 2 times (x 68B)
Class com.intellij.util.messages.impl.MessageQueue                                    : loaded 2 times (x 69B)
Class [Lcom.intellij.openapi.projectRoots.JavaSdkVersion;                             : loaded 2 times (x 66B)
Class com.android.tools.lint.checks.WrongGradleMethodDetector$Companion               : loaded 2 times (x 68B)
Class com.android.tools.lint.checks.VectorDetector                                    : loaded 2 times (x 151B)
Class com.android.tools.lint.checks.TypographyDetector                                : loaded 2 times (x 151B)
Class com.android.tools.lint.checks.TileProviderDetector                              : loaded 2 times (x 156B)
Class com.intellij.lang.jvm.types.JvmPrimitiveType                                    : loaded 2 times (x 67B)
Class com.android.tools.lint.checks.RemoteViewDetector                                : loaded 2 times (x 167B)
Class com.android.tools.lint.checks.RangeDetector$Companion                           : loaded 2 times (x 68B)
Class org.jetbrains.kotlin.name.FqNameUnsafe$Companion                                : loaded 2 times (x 68B)
Class com.android.tools.lint.checks.InvalidNotificationIdDetector                     : loaded 2 times (x 167B)
Class com.android.tools.lint.checks.IntentWillNullActionDetector$Companion            : loaded 2 times (x 68B)
Class com.android.tools.lint.checks.FineLocationDetector                              : loaded 2 times (x 151B)
Class com.android.tools.lint.checks.DeprecatedSinceApiDetector$Companion              : loaded 2 times (x 68B)
Class com.android.tools.lint.checks.AlarmDetector                                     : loaded 2 times (x 177B)
Class com.android.tools.lint.detector.api.LayoutDetector                              : loaded 2 times (x 151B)
Class kotlin.text.RegexOption                                                         : loaded 2 times (x 80B)
Class org.jetbrains.kotlin.metadata.ProtoBuf$EnumEntry                                : loaded 2 times (x 118B)
Class com.android.tools.lint.model.LintModelReader                                    : loaded 2 times (x 70B)
Class com.android.tools.lint.model.PathVariables$PathVariable                         : loaded 2 times (x 69B)
Class com.intellij.psi.PsiCodeBlock                                                   : loaded 2 times (x 67B)
Class org.jetbrains.kotlin.backend.jvm.extensions.ClassGeneratorExtension             : loaded 2 times (x 67B)
Class org.gradle.api.internal.classpath.EffectiveClassPath                            : loaded 2 times (x 87B)
Class org.jetbrains.kotlin.gradle.plugin.mpp.ApplyUserDefinedAttributesKt$UserDefinedAttributesSetupAction$1$1: loaded 2 times (x 76B)
Class org.jetbrains.kotlin.compilerRunner.CompilerSystemPropertiesService             : loaded 2 times (x 77B)
Class org.jetbrains.kotlin.gradle.plugin.mpp.compilationImpl.KotlinCompilationImpl$1  : loaded 2 times (x 76B)
Class org.jetbrains.kotlin.gradle.targets.js.npm.SemVer$Companion                     : loaded 2 times (x 68B)
Class org.jetbrains.kotlin.konan.target.KonanTarget$LINUX_ARM64                       : loaded 2 times (x 75B)
Class org.jetbrains.kotlin.konan.target.KonanTarget$LINUX_X64                         : loaded 2 times (x 75B)
Class [Lorg.jetbrains.kotlin.konan.target.Architecture;                               : loaded 2 times (x 66B)
Class org.jetbrains.kotlin.gradle.targets.native.SetupEmbedAndSignAppleFrameworkTaskSideEffectKt$special$$inlined$KotlinTargetSideEffect$1: loaded 2 times (x 71B)
Class org.jetbrains.kotlin.gradle.plugin.mpp.KotlinUsages$KotlinCinteropCompatibility : loaded 2 times (x 74B)
Class org.jetbrains.kotlin.gradle.dsl.ExplicitApiMode                                 : loaded 2 times (x 76B)
Class org.jetbrains.kotlin.gradle.utils.GradleAttributesContainerUtilsKt              : loaded 2 times (x 68B)
Class org.jetbrains.kotlin.gradle.plugin.VariantImplementationFactories$Companion     : loaded 2 times (x 68B)
Class org.jetbrains.kotlin.gradle.plugin.internal.CustomPropertiesFileValueSource$Parameters_Decorated: loaded 2 times (x 131B)
Class org.jetbrains.kotlin.gradle.dsl.KotlinTopLevelExtensionConfig                   : loaded 2 times (x 67B)
Class com.google.common.cache.CacheBuilder                                            : loaded 2 times (x 69B)
Class com.google.common.collect.SingletonImmutableList                                : loaded 2 times (x 204B)
Class Settings_gradle$1                                                               : loaded 2 times (x 71B)
Class org.gradle.internal.classpath.ClassPath                                         : loaded 2 times (x 67B)
Class org.gradle.api.UncheckedIOException                                             : loaded 2 times (x 79B)
Class org.jetbrains.kotlin.analysis.api.platform.projectStructure.KaGlobalSearchScopeMerger$Companion: loaded 2 times (x 68B)
Class org.jetbrains.kotlin.analysis.api.impl.base.projectStructure.KaBaseContentScopeProvider: loaded 2 times (x 71B)
Class org.jetbrains.kotlin.analysis.api.impl.base.lifetime.KaBaseLifetimeTracker      : loaded 2 times (x 72B)
Class com.intellij.util.concurrency.Holder                                            : loaded 2 times (x 68B)
Class com.intellij.patterns.ElementPattern                                            : loaded 2 times (x 67B)
Class com.intellij.lang.impl.PsiBuilderImpl$StartMarker                               : loaded 2 times (x 158B)
Class com.intellij.lexer.LexerPosition                                                : loaded 2 times (x 67B)
Class com.intellij.lang.jvm.JvmTypeParameter                                          : loaded 2 times (x 67B)
Class com.intellij.openapi.editor.ex.DocumentEx$1                                     : loaded 2 times (x 68B)
Class [Lorg.jetbrains.kotlin.psi.KtDynamicType;                                       : loaded 2 times (x 66B)
Class com.intellij.psi.impl.ElementBase$ElementIconRequest                            : loaded 2 times (x 69B)
Class [Lcom.google.common.collect.ImmutableMapEntry;                                  : loaded 2 times (x 66B)
Class org.jetbrains.kotlin.analysis.api.platform.KaEngineService                      : loaded 2 times (x 67B)
Class kotlinx.serialization.internal.MapLikeSerializer                                : loaded 2 times (x 93B)
Class org.jetbrains.kotlin.tooling.core.TypeUtils                                     : loaded 2 times (x 68B)
Class org.jetbrains.kotlin.gradle.report.ConfigureReporingKt                          : loaded 2 times (x 68B)
Class com.intellij.psi.impl.JvmPsiConversionHelperImpl                                : loaded 2 times (x 75B)
Class com.intellij.psi.impl.PsiParameterizedCachedValue$Direct                        : loaded 2 times (x 91B)
Class com.intellij.psi.util.ParameterizedCachedValueProvider                          : loaded 2 times (x 67B)
Class org.jetbrains.kotlin.idea.KotlinLanguage                                        : loaded 2 times (x 104B)
Class com.fasterxml.aalto.in.ByteBasedPNameTable                                      : loaded 2 times (x 71B)
Class com.intellij.psi.impl.compiled.ClsDecompilerImpl                                : loaded 2 times (x 75B)
Class com.intellij.psi.PsiParameter                                                   : loaded 2 times (x 67B)
Class com.intellij.openapi.projectRoots.JavaVersionService                            : loaded 2 times (x 71B)
Class com.intellij.psi.stubs.StubInputStream                                          : loaded 2 times (x 110B)
Class com.intellij.openapi.util.KeyWithDefaultValue                                   : loaded 2 times (x 75B)
Class com.intellij.psi.impl.source.tree.LeafElement                                   : loaded 2 times (x 220B)
Class com.intellij.openapi.extensions.ExtensionPoint$Kind                             : loaded 2 times (x 76B)
Class it.unimi.dsi.fastutil.objects.AbstractObject2ObjectMap                          : loaded 2 times (x 175B)
Class com.android.tools.lint.checks.WrongLocationDetector                             : loaded 2 times (x 151B)
Class com.android.tools.lint.checks.WrongImportDetector                               : loaded 2 times (x 167B)
Class com.android.tools.lint.checks.WebViewApiAvailabilityDetector$Companion          : loaded 2 times (x 68B)
Class com.android.tools.lint.checks.TranslucentViewDetector$Issues                    : loaded 2 times (x 68B)
Class com.intellij.psi.TypeAnnotationProvider$1                                       : loaded 2 times (x 74B)
Class com.android.tools.lint.checks.NonConstantResourceIdDetector$Companion           : loaded 2 times (x 68B)
Class com.android.tools.lint.checks.MissingInflatedIdDetector                         : loaded 2 times (x 167B)
Class com.android.tools.lint.checks.MergeMarkerDetector                               : loaded 2 times (x 145B)
Class com.android.tools.lint.checks.AllCapsDetector                                   : loaded 2 times (x 151B)
Class [Lcom.android.tools.lint.detector.api.Severity;                                 : loaded 2 times (x 66B)
Class com.android.tools.lint.Reporter$Companion                                       : loaded 2 times (x 68B)
Class org.jetbrains.kotlin.gradle.report.ReportingSettings$Companion                  : loaded 2 times (x 68B)
Class org.jetbrains.kotlin.gradle.plugin.KotlinProjectSetupActionKt                   : loaded 2 times (x 68B)
Class org.jetbrains.kotlin.gradle.dsl.KotlinTargetContainerWithJsPresetFunctions      : loaded 2 times (x 67B)
Class com.android.tools.lint.client.api.LintClient                                    : loaded 2 times (x 154B)
Class kotlin.reflect.jvm.internal.KPackageImpl                                        : loaded 2 times (x 82B)
Class com.google.common.collect.Interners$InternerBuilder                             : loaded 2 times (x 73B)
Class org.jetbrains.kotlin.gradle.incremental.IncrementalModuleInfoProvider           : loaded 2 times (x 67B)
Class org.jetbrains.kotlin.gradle.plugin.mpp.compilationImpl.KotlinCompilationImpl$2  : loaded 2 times (x 76B)
Class org.jetbrains.kotlin.gradle.dsl.PlatformSourceSetConventionsChecker$runChecks$1 : loaded 2 times (x 85B)
Class org.jetbrains.kotlin.gradle.plugin.mpp.compilationImpl.KotlinCompilationProcessorSideEffectKt$KotlinCompilationProcessorSideEffect$1: loaded 2 times (x 71B)
Class org.jetbrains.kotlin.gradle.dsl.KotlinJvmCompilerOptionsDefault                 : loaded 2 times (x 103B)
Class org.jetbrains.kotlin.gradle.internal.UsesClassLoadersCachingBuildService        : loaded 2 times (x 67B)
Class com.google.common.collect.ImmutableList$ReverseImmutableList                    : loaded 2 times (x 206B)
Class org.jetbrains.kotlin.analysis.api.platform.permissions.KaAnalysisPermissionChecker: loaded 2 times (x 67B)
Class org.jetbrains.kotlin.psi.KotlinReferenceProvidersService                        : loaded 2 times (x 69B)
Class com.intellij.psi.PsiDiamondTypeImpl                                             : loaded 2 times (x 104B)
Class com.intellij.lang.java.parser.BasicDeclarationParser$BaseContext                : loaded 2 times (x 76B)
Class com.intellij.psi.impl.source.WhiteSpaceAndCommentSetHolder                      : loaded 2 times (x 74B)
Class org.jetbrains.kotlin.protobuf.GeneratedMessageLite$GeneratedExtension           : loaded 2 times (x 76B)
Class com.intellij.psi.impl.java.stubs.PsiTypeParameterListStub                       : loaded 2 times (x 67B)
Class org.jetbrains.kotlin.resolve.jvm.modules.JavaModuleInfo$FileReadingException    : loaded 2 times (x 79B)
Class [Lorg.jetbrains.kotlin.psi.KtContextReceiverList;                               : loaded 2 times (x 66B)
Class org.jetbrains.kotlin.psi.KtValueArgument                                        : loaded 2 times (x 461B)
Class org.jetbrains.kotlin.psi.stubs.elements.KtPrimaryConstructorElementType         : loaded 2 times (x 104B)
Class [Lorg.jetbrains.kotlin.psi.KtSecondaryConstructor;                              : loaded 2 times (x 66B)
Class [Lorg.jetbrains.kotlin.psi.KtAnnotated;                                         : loaded 2 times (x 66B)
Class com.intellij.openapi.vfs.VirtualFileUtil                                        : loaded 2 times (x 68B)
Class kotlinx.serialization.descriptors.SerialDescriptor                              : loaded 2 times (x 67B)
Class org.jetbrains.kotlin.gradle.plugin.mpp.compilationImpl.KotlinCreateNativeCompileTasksSideEffectKt: loaded 2 times (x 68B)
Class org.jetbrains.kotlin.gradle.plugin.mpp.KotlinTargetComponentWithPublication     : loaded 2 times (x 67B)
Class com.intellij.openapi.util.RecursionManager$CachingPreventedException            : loaded 2 times (x 79B)
Class com.intellij.psi.search.FileTypeRestrictionScope                                : loaded 2 times (x 105B)
Class com.intellij.core.CoreProjectScopeBuilder$CoreLibrariesScope                    : loaded 2 times (x 96B)
Class kotlinx.coroutines.flow.internal.ChannelLimitedFlowMerge                        : loaded 2 times (x 82B)
Class com.fasterxml.aalto.util.UriCanonicalizer                                       : loaded 2 times (x 69B)
Class [Lkotlinx.coroutines.CoroutineStart;                                            : loaded 2 times (x 66B)
Class kotlinx.coroutines.CoroutineDispatcher$Key                                      : loaded 2 times (x 69B)
Class kotlinx.collections.immutable.implementations.immutableSet.PersistentHashSetIterator: loaded 2 times (x 79B)
Class com.intellij.psi.impl.source.tree.PlainTextASTFactory                           : loaded 2 times (x 71B)
Class com.intellij.psi.PsiFileSystemItem                                              : loaded 2 times (x 67B)
Class com.intellij.psi.PsiReferenceRegistrar                                          : loaded 2 times (x 77B)
Class com.intellij.util.containers.DisposableWrapperList$DisposableWrapper            : loaded 2 times (x 74B)
Class com.intellij.openapi.editor.impl.DocumentImpl$UnexpectedBulkUpdateStateException: loaded 2 times (x 82B)
Class com.intellij.lang.Language                                                      : loaded 2 times (x 104B)
Class org.jetbrains.kotlin.config.CommonConfigurationKeys                             : loaded 2 times (x 68B)
Class [Lorg.jetbrains.kotlin.gradle.plugin.KotlinCompilation;                         : loaded 2 times (x 66B)
Class com.android.tools.lint.client.api.SimplePlatformLookup                          : loaded 2 times (x 76B)
Class com.android.tools.lint.checks.WearRecentsDetector$Issues                        : loaded 2 times (x 68B)
Class com.android.tools.lint.checks.ByteOrderMarkDetector                             : loaded 2 times (x 184B)
Class org.jetbrains.uast.UElement                                                     : loaded 2 times (x 67B)
Class org.jetbrains.kotlin.gradle.plugin.KotlinPluginLifecycleKt$await$1              : loaded 2 times (x 85B)
Class org.jetbrains.kotlin.gradle.plugin.mpp.compilationImpl.KotlinCompilationLanguageSettingsConfigurator: loaded 2 times (x 71B)
Class org.jetbrains.kotlin.build.report.metrics.BuildPerformanceMetrics               : loaded 2 times (x 69B)
Class com.google.common.collect.Ordering                                              : loaded 2 times (x 111B)
Class com.android.tools.lint.detector.api.LintModelModuleProject                      : loaded 2 times (x 153B)
Class com.google.common.io.CharStreams$NullWriter                                     : loaded 2 times (x 96B)
Class com.google.common.io.CharSource$CharSequenceCharSource                          : loaded 2 times (x 83B)
Class org.jetbrains.kotlin.compilerRunner.KotlinCompilerArgumentsLogLevel$Companion   : loaded 2 times (x 68B)
Class org.jetbrains.kotlin.gradle.plugin.DefaultKotlinBasePlugin$addKotlinCompilerConfiguration$3$1: loaded 2 times (x 76B)
Class org.jetbrains.kotlin.gradle.tasks.AbstractKotlinCompile$defaultKotlinJavaToolchain$1: loaded 2 times (x 75B)
Class org.jetbrains.kotlin.daemon.common.MultiModuleICSettings                        : loaded 2 times (x 69B)
Class org.jetbrains.kotlin.cli.common.arguments.Freezable                             : loaded 2 times (x 69B)
Class com.google.errorprone.annotations.DoNotMock                                     : loaded 2 times (x 67B)
Class org.jetbrains.kotlin.gradle.internal.transforms.BuildToolsApiClasspathEntrySnapshotTransform$Parameters: loaded 2 times (x 85B)
Class org.jetbrains.kotlin.gradle.plugin.KotlinCompilationInfoKt                      : loaded 2 times (x 68B)
Class org.jetbrains.kotlin.gradle.tasks.KotlinCompile                                 : loaded 2 times (x 495B)
Class org.jetbrains.kotlin.gradle.internal.StdlibDependencyManagementKt               : loaded 2 times (x 68B)
Class org.jetbrains.kotlin.gradle.dsl.PlatformSourceSetConventionsChecker$runChecks$2 : loaded 2 times (x 75B)
Class org.jetbrains.kotlin.konan.target.KonanTarget$MINGW_X64                         : loaded 2 times (x 75B)
Class org.jetbrains.kotlin.gradle.utils.ObservableSet                                 : loaded 2 times (x 67B)
Class org.jetbrains.kotlin.gradle.plugin.diagnostics.KotlinToolingDiagnosticsCollectorKt: loaded 2 times (x 68B)
Class org.jetbrains.kotlin.gradle.plugin.mpp.HierarchyAttributeContainer              : loaded 2 times (x 80B)
Class org.jetbrains.kotlin.gradle.tasks.UsesKotlinJavaToolchain                       : loaded 2 times (x 67B)
Class org.jetbrains.kotlin.gradle.plugin.DefaultKotlinBasePlugin$apply$1              : loaded 2 times (x 72B)
Class org.jetbrains.kotlin.statistics.metrics.StringOverridePolicy$OVERRIDE           : loaded 2 times (x 82B)
Class org.jetbrains.kotlin.gradle.internal.properties.PropertiesBuildService$Params_Decorated: loaded 2 times (x 131B)
Class org.objectweb.asm.SymbolTable$Entry                                             : loaded 2 times (x 71B)
Class com.android.tools.lint.detector.api.ResourceXmlDetector                         : loaded 2 times (x 151B)
Class org.jetbrains.kotlin.analysis.api.impl.base.permissions.KaBaseAnalysisPermissionChecker: loaded 2 times (x 73B)
Class org.jetbrains.kotlin.analysis.api.platform.KotlinMessageBusProvider$Companion   : loaded 2 times (x 68B)
Class kotlinx.coroutines.NonCancellable                                               : loaded 2 times (x 104B)
Class com.intellij.util.concurrency.Propagation                                       : loaded 2 times (x 68B)
Class [Lcom.intellij.psi.PsiQualifiedReference;                                       : loaded 2 times (x 66B)
Class com.intellij.lang.PsiBuilder$Marker                                             : loaded 2 times (x 67B)
Class org.jetbrains.kotlin.metadata.ProtoBuf$Property$1                               : loaded 2 times (x 141B)
Class org.jetbrains.kotlin.metadata.ProtoBuf$Type                                     : loaded 2 times (x 142B)
Class org.jetbrains.kotlin.metadata.ProtoBuf$Class                                    : loaded 2 times (x 183B)
Class [Lorg.jetbrains.kotlin.psi.KtSuperTypeList;                                     : loaded 2 times (x 66B)
Class org.jetbrains.kotlin.psi.KtNamedDeclarationStub                                 : loaded 2 times (x 911B)
Class org.jetbrains.kotlin.psi.stubs.elements.KtStubElementTypes                      : loaded 2 times (x 67B)
Class com.intellij.psi.impl.source.StubbedSpine                                       : loaded 2 times (x 67B)
Class [Lcom.intellij.psi.PsiDirectory;                                                : loaded 2 times (x 66B)
Class com.intellij.openapi.vfs.impl.JavaZipFileWrapper                                : loaded 2 times (x 74B)
Class com.android.tools.lint.UastEnvironmentUtilsKt$reRegisterProgressManager$1       : loaded 2 times (x 114B)
Class com.android.tools.lint.detector.api.GradleScanner                               : loaded 2 times (x 67B)
Class com.intellij.core.CoreJavaCodeStyleSettingsFacade                               : loaded 2 times (x 70B)
Class com.intellij.core.CoreProjectScopeBuilder$ContentSearchScope                    : loaded 2 times (x 96B)
Class com.intellij.psi.PsiReference                                                   : loaded 2 times (x 67B)
Class org.codehaus.stax2.LocationInfo                                                 : loaded 2 times (x 67B)
Class com.intellij.psi.StubBuilder                                                    : loaded 2 times (x 67B)
Class com.intellij.psi.stubs.StubSerializer                                           : loaded 2 times (x 67B)
Class [Lcom.intellij.psi.tree.IElementType;                                           : loaded 2 times (x 66B)
Class [Lcom.intellij.openapi.progress.impl.CoreProgressManager$CheckCanceledBehavior; : loaded 2 times (x 66B)
Class com.intellij.openapi.progress.Task$Modal                                        : loaded 2 times (x 91B)
Class com.intellij.openapi.extensions.ExtensionPoint                                  : loaded 2 times (x 67B)
Class com.intellij.openapi.extensions.ExtensionsArea                                  : loaded 2 times (x 67B)
Class com.intellij.openapi.util.registry.EarlyAccessRegistryManagerKt                 : loaded 2 times (x 68B)
Class [Lcom.intellij.openapi.diagnostic.LogLevel;                                     : loaded 2 times (x 66B)
Class com.android.tools.lint.checks.UseCompoundDrawableDetector                       : loaded 2 times (x 151B)
Class com.android.tools.lint.checks.ThreadDetector                                    : loaded 2 times (x 168B)
Class com.android.tools.lint.checks.KotlincFE10Detector                               : loaded 2 times (x 167B)
Class com.android.tools.lint.checks.DeprecationDetector                               : loaded 2 times (x 176B)
Class com.android.tools.lint.checks.CommunicationDeviceDetector                       : loaded 2 times (x 167B)
Class com.android.tools.lint.checks.AssertDetector                                    : loaded 2 times (x 167B)
Class com.android.tools.lint.client.api.IssueRegistry$Companion                       : loaded 2 times (x 68B)
Class com.android.tools.lint.detector.api.ApiConstraint$Companion                     : loaded 2 times (x 68B)
Class com.android.tools.lint.model.LintModelLibrariesReader                           : loaded 2 times (x 70B)
Class com.android.tools.lint.client.api.IssueRegistry                                 : loaded 2 times (x 79B)
Class build_39snwgl17v9mr972vv0lt9lkk                                                 : loaded 2 times (x 177B)
Class Build_gradle$2$1                                                                : loaded 2 times (x 75B)
Class Native_plugin_loader_gradle                                                     : loaded 2 times (x 127B)
Class org.jetbrains.kotlin.statistics.metrics.IMetricContainer                        : loaded 2 times (x 67B)
Class org.jetbrains.kotlin.gradle.plugin.mpp.KotlinTargetComponentWithCoordinatesAndPublication: loaded 2 times (x 67B)
Class org.jetbrains.kotlin.gradle.incremental.UsesIncrementalModuleInfoBuildService   : loaded 2 times (x 67B)
Class org.jetbrains.kotlin.konan.target.KonanTarget$ANDROID_X86                       : loaded 2 times (x 75B)
Class org.jetbrains.kotlin.gradle.dsl.PlatformSourceSetConventionsChecker$runChecks$3 : loaded 2 times (x 75B)
Class org.jetbrains.kotlin.gradle.plugin.RegisterKotlinPluginExtensionsKt             : loaded 2 times (x 68B)
Class org.jetbrains.kotlin.gradle.plugin.mpp.resources.resolve.KotlinTargetResourcesResolutionStrategy: loaded 2 times (x 76B)
Class org.jetbrains.kotlin.gradle.utils.CompilerOptionsKt$configureExperimentalTryNext$1$1: loaded 2 times (x 75B)
Class org.jetbrains.kotlin.gradle.utils.CompilerOptionsKt                             : loaded 2 times (x 68B)
Class org.jetbrains.kotlin.gradle.utils.SingleAction                                  : loaded 2 times (x 70B)
Class org.jetbrains.kotlin.gradle.plugin.PropertiesProvider$Companion                 : loaded 2 times (x 68B)
Class org.objectweb.asm.Edge                                                          : loaded 2 times (x 69B)
Class com.google.common.base.Suppliers$SupplierOfInstance                             : loaded 2 times (x 76B)
Class com.google.common.collect.Iterators$1                                           : loaded 2 times (x 78B)
Class org.jetbrains.kotlin.analysis.api.projectStructure.KaModuleProvider$Companion   : loaded 2 times (x 68B)
Class [Lcom.intellij.lang.jvm.JvmElement;                                             : loaded 2 times (x 66B)
Class com.intellij.psi.impl.DebugUtil$TreeToBuffer                                    : loaded 2 times (x 77B)
Class com.intellij.psi.impl.source.BasicJavaElementType$JavaCompositeElementType      : loaded 2 times (x 80B)
Class com.intellij.psi.impl.java.stubs.JavaParameterElementType                       : loaded 2 times (x 112B)
Class [Lcom.intellij.psi.impl.source.tree.CompositeElement;                           : loaded 2 times (x 66B)
Class com.android.tools.lint.checks.AutofillDetector                                  : loaded 2 times (x 151B)
Class org.jetbrains.kotlin.psi.KtQualifiedExpression                                  : loaded 2 times (x 67B)
Class org.jetbrains.kotlin.psi.stubs.KotlinTypeProjectionStub                         : loaded 2 times (x 67B)
Class org.jetbrains.kotlin.psi.stubs.KotlinModifierListStub                           : loaded 2 times (x 67B)
Class [Lorg.jetbrains.kotlin.psi.KtClassBody;                                         : loaded 2 times (x 66B)
Class org.jetbrains.kotlin.psi.KtValVarKeywordOwner                                   : loaded 2 times (x 67B)
Class org.jetbrains.kotlin.psi.KtExpression                                           : loaded 2 times (x 67B)
Class com.intellij.util.SystemProperties                                              : loaded 2 times (x 68B)
Class com.intellij.util.containers.ShareableKey                                       : loaded 2 times (x 67B)
Class com.android.tools.lint.checks.KotlinNullnessAnnotationDetector                  : loaded 2 times (x 167B)
Class kotlinx.coroutines.ExecutorCoroutineDispatcher$Key$1                            : loaded 2 times (x 75B)
Class com.intellij.openapi.util.Conditions                                            : loaded 2 times (x 68B)
Class kotlinx.collections.immutable.ImmutableList                                     : loaded 2 times (x 67B)
Class com.intellij.openapi.editor.impl.IntervalTreeImpl                               : loaded 2 times (x 127B)
Class com.intellij.openapi.vfs.VirtualFile                                            : loaded 2 times (x 151B)
Class com.intellij.concurrency.JobLauncher                                            : loaded 2 times (x 73B)
Class com.intellij.mock.MockComponentManager                                          : loaded 2 times (x 158B)
Class com.intellij.util.containers.ConcurrentRefHashMap$KeyReference                  : loaded 2 times (x 67B)
Class com.android.tools.lint.checks.VectorDrawableCompatDetector$Companion            : loaded 2 times (x 68B)
Class com.android.tools.lint.checks.PrivateApiDetector                                : loaded 2 times (x 168B)
Class com.android.tools.lint.checks.PermissionErrorDetector                           : loaded 2 times (x 151B)
Class com.android.tools.lint.checks.PreferenceActivityDetector                        : loaded 2 times (x 176B)
Class com.android.tools.lint.checks.ForegroundServicePermissionDetector$Companion     : loaded 2 times (x 68B)
Class com.android.tools.lint.checks.StringAuthLeakDetector$AuthLeakChecker            : loaded 2 times (x 124B)
Class com.intellij.util.containers.ConcurrentIntObjectMap                             : loaded 2 times (x 67B)
Class com.intellij.util.containers.ContainerUtil$ImmutableListBackedByArray           : loaded 2 times (x 196B)
Class com.google.common.reflect.TypeToken$1                                           : loaded 2 times (x 107B)
Class org.jetbrains.kotlin.gradle.tasks.KotlinCompile$defaultKotlinJavaToolchain$1    : loaded 2 times (x 76B)
Class org.jetbrains.kotlin.gradle.tasks.KotlinJavaToolchain$JavaToolchainSetter       : loaded 2 times (x 67B)
Class org.jetbrains.kotlin.gradle.dsl.PlatformSourceSetConventionsChecker$runChecks$4 : loaded 2 times (x 75B)
Class org.jetbrains.kotlin.gradle.plugin.diagnostics.checkers.JsLikeEnvironmentChecker$runChecks$1: loaded 2 times (x 85B)
Class org.jetbrains.kotlin.gradle.plugin.diagnostics.UsesKotlinToolingDiagnostics     : loaded 2 times (x 67B)
Class org.jetbrains.kotlin.gradle.plugin.diagnostics.KotlinToolingDiagnostics$WasmJsEnvironmentNotChosenExplicitly: loaded 2 times (x 70B)
Class org.jetbrains.kotlin.tooling.core.ExtrasPropertyKt$extrasLazyProperty$1         : loaded 2 times (x 91B)
Class org.jetbrains.kotlin.statistics.metrics.BooleanAnonymizationPolicy$SAFE         : loaded 2 times (x 82B)
Class com.google.common.cache.LocalCache$ComputingValueReference                      : loaded 2 times (x 93B)
Class it.unimi.dsi.fastutil.ints.Int2ObjectMap                                        : loaded 2 times (x 67B)
Class com.intellij.psi.impl.source.tree.java.ExpressionPsiElement                     : loaded 2 times (x 403B)
Class org.jetbrains.kotlin.protobuf.WireFormat$FieldType$1                            : loaded 2 times (x 80B)
Class org.jetbrains.kotlin.protobuf.ByteString                                        : loaded 2 times (x 105B)
Class com.intellij.openapi.editor.impl.RangeMarkerTree$RMNode                         : loaded 2 times (x 120B)
Class org.jetbrains.kotlin.psi.KtStringInterpolationPrefix                            : loaded 2 times (x 442B)
Class [Lorg.jetbrains.kotlin.psi.KtStringTemplateEntryWithExpression;                 : loaded 2 times (x 66B)
Class org.jetbrains.kotlin.psi.KtTypeProjection                                       : loaded 2 times (x 583B)
Class org.jetbrains.kotlin.psi.stubs.KotlinFunctionTypeStub                           : loaded 2 times (x 67B)
Class com.intellij.psi.impl.source.PsiJavaFileImpl                                    : loaded 2 times (x 962B)
Class com.intellij.util.containers.ConcurrentWeakValueHashMap$MyWeakReference         : loaded 2 times (x 81B)
Class com.android.tools.lint.UastEnvironment$Companion$logger$1                       : loaded 2 times (x 76B)
Class kotlinx.coroutines.CancelHandlerBase                                            : loaded 2 times (x 73B)
Class kotlinx.coroutines.internal.ConcurrentLinkedListNode                            : loaded 2 times (x 70B)
Class kotlinx.coroutines.flow.MutableSharedFlow                                       : loaded 2 times (x 67B)
Class com.intellij.ide.plugins.PluginContentDescriptor                                : loaded 2 times (x 69B)
Class com.intellij.util.containers.UnsafeWeakList$MyReference                         : loaded 2 times (x 76B)
Class com.intellij.codeInsight.ContainerProvider                                      : loaded 2 times (x 67B)
Class kotlinx.collections.immutable.implementations.immutableSet.TrieNode             : loaded 2 times (x 69B)
Class com.intellij.openapi.progress.Task$WithResult                                   : loaded 2 times (x 93B)
Class com.intellij.psi.tree.ILazyParseableElementTypeBase                             : loaded 2 times (x 67B)
Class com.intellij.navigation.ItemPresentationProviders                               : loaded 2 times (x 83B)
Class com.android.tools.lint.checks.VectorPathDetector                                : loaded 2 times (x 152B)
Class com.android.tools.lint.checks.HardcodedValuesDetector                           : loaded 2 times (x 151B)
Class com.android.tools.lint.checks.CredentialManagerMisuseDetector$Companion         : loaded 2 times (x 68B)
Class build_2cbidxsuegrhrilcfywse7zmf                                                 : loaded 2 times (x 177B)
Class com.google.common.reflect.TypeToken$2                                           : loaded 2 times (x 107B)
Class com.google.common.collect.AbstractMapBasedMultimap$AsMap$AsMapEntries           : loaded 2 times (x 135B)
Class org.jetbrains.kotlin.gradle.plugin.mpp.compilationImpl.DefaultKotlinCompilationSourceSetsContainer$allKotlinSourceSetsImpl$1$1: loaded 2 times (x 77B)
Class org.jetbrains.kotlin.gradle.plugin.mpp.compilationImpl.DefaultKotlinCompilationSourceSetsContainer: loaded 2 times (x 75B)
Class org.jetbrains.kotlin.konan.target.KonanTarget$TVOS_SIMULATOR_ARM64              : loaded 2 times (x 75B)
Class org.jetbrains.kotlin.konan.target.KonanTarget$Companion                         : loaded 2 times (x 68B)
Class org.jetbrains.kotlin.gradle.plugin.KotlinPluginLifecycle$Stage$Companion        : loaded 2 times (x 68B)
Class org.jetbrains.kotlin.gradle.plugin.diagnostics.checkers.DeprecatedKotlinNativeTargetsChecker: loaded 2 times (x 71B)
Class org.jetbrains.kotlin.gradle.targets.native.ConfigureFrameworkExportSideEffectKt$special$$inlined$KotlinTargetSideEffect$1: loaded 2 times (x 71B)
Class org.jetbrains.kotlin.tooling.core.AbstractExtras                                : loaded 2 times (x 138B)
Class com.google.common.cache.LocalCache$Segment                                      : loaded 2 times (x 151B)
Class com.intellij.util.messages.impl.SimpleMessageBusConnectionImpl                  : loaded 2 times (x 82B)
Class [Lcom.intellij.lang.jvm.JvmPackage;                                             : loaded 2 times (x 66B)
Class com.intellij.psi.impl.file.PsiPackageImpl                                       : loaded 2 times (x 788B)
Class com.intellij.lang.java.parser.BasicPatternParser                                : loaded 2 times (x 73B)
Class com.intellij.openapi.util.io.StreamUtil                                         : loaded 2 times (x 68B)
Class org.jetbrains.kotlin.metadata.ProtoBuf$TypeParameter                            : loaded 2 times (x 127B)
Class org.jetbrains.kotlin.metadata.ProtoBuf$ValueParameter$1                         : loaded 2 times (x 141B)
Class com.intellij.psi.impl.source.tree.TreeUtil$1                                    : loaded 2 times (x 74B)
Class [Lorg.jetbrains.kotlin.protobuf.WireFormat$FieldType;                           : loaded 2 times (x 66B)
Class org.jetbrains.kotlin.protobuf.WireFormat$FieldType$2                            : loaded 2 times (x 80B)
Class com.intellij.psi.impl.java.stubs.JavaTypeParameterElementType                   : loaded 2 times (x 112B)
Class com.intellij.openapi.fileEditor.impl.LoadTextUtil$DetectResult                  : loaded 2 times (x 69B)
Class org.jetbrains.kotlin.psi.stubs.KotlinScriptStub                                 : loaded 2 times (x 67B)
Class com.intellij.psi.ContributedReferenceHost                                       : loaded 2 times (x 67B)
Class [Lorg.jetbrains.kotlin.psi.KtDelegatedSuperTypeEntry;                           : loaded 2 times (x 66B)
Class org.jetbrains.kotlin.psi.stubs.elements.KtAnnotationUseSiteTargetElementType    : loaded 2 times (x 97B)
Class org.jetbrains.kotlin.psi.stubs.KotlinObjectStub                                 : loaded 2 times (x 67B)
Class org.jetbrains.kotlin.psi.stubs.elements.KtClassElementType                      : loaded 2 times (x 103B)
Class [Lcom.intellij.pom.Navigatable;                                                 : loaded 2 times (x 66B)
Class com.intellij.psi.AbstractFileViewProvider                                       : loaded 2 times (x 156B)
Class com.intellij.openapi.vfs.impl.JavaZipFileWrapper$EntryWrapper                   : loaded 2 times (x 81B)
Class com.intellij.openapi.util.io.FileAttributes$CaseSensitivity                     : loaded 2 times (x 76B)
Class com.intellij.util.xml.dom.XmlElement                                            : loaded 2 times (x 69B)
Class com.intellij.openapi.vfs.newvfs.CachingVirtualFileSystem                        : loaded 2 times (x 67B)
Class com.intellij.psi.PsiPlainText                                                   : loaded 2 times (x 67B)
Class com.intellij.lang.jvm.facade.JvmFacadeImpl                                      : loaded 2 times (x 74B)
Class com.intellij.openapi.util.UnfairTextRange                                       : loaded 2 times (x 94B)
Class [Lcom.intellij.openapi.vfs.VirtualFileFilter;                                   : loaded 2 times (x 66B)
Class com.intellij.psi.search.CodeInsightContextAwareSearchScope                      : loaded 2 times (x 67B)
Class com.intellij.psi.search.EverythingGlobalScope                                   : loaded 2 times (x 96B)
Class com.intellij.psi.impl.file.impl.FileManagerImpl$1                               : loaded 2 times (x 75B)
Class kotlinx.coroutines.internal.LockFreeTaskQueueCore$Placeholder                   : loaded 2 times (x 68B)
Class org.codehaus.stax2.ri.typed.ValueDecoderFactory$IntegerDecoder                  : loaded 2 times (x 82B)
Class com.fasterxml.aalto.impl.StreamExceptionBase                                    : loaded 2 times (x 82B)
Class com.intellij.psi.impl.compiled.ClassFileStubBuilder                             : loaded 2 times (x 94B)
Class com.intellij.psi.FileViewProviderFactory                                        : loaded 2 times (x 67B)
Class com.intellij.openapi.progress.Progressive                                       : loaded 2 times (x 67B)
Class com.intellij.psi.PsiReferenceService                                            : loaded 2 times (x 70B)
Class com.intellij.openapi.project.IndexNotReadyException                             : loaded 2 times (x 82B)
Class com.intellij.lang.FileASTNode                                                   : loaded 2 times (x 67B)
Class com.intellij.openapi.vfs.encoding.EncodingManager                               : loaded 2 times (x 82B)
Class com.intellij.ide.plugins.DynamicPluginListener$Companion                        : loaded 2 times (x 68B)
Class com.intellij.psi.stubs.BinaryFileStubBuilders                                   : loaded 2 times (x 87B)
Class com.intellij.openapi.vfs.pointers.VirtualFilePointerManager                     : loaded 2 times (x 79B)
Class com.intellij.openapi.util.NotNullLazyValue$4                                    : loaded 2 times (x 75B)
Class org.jetbrains.kotlin.utils.DescriptionAware                                     : loaded 2 times (x 67B)
Class com.intellij.AbstractBundle                                                     : loaded 2 times (x 75B)
Class com.android.tools.lint.UastEnvironment$Module                                   : loaded 2 times (x 69B)
Class com.android.tools.lint.checks.TypedefDetector                                   : loaded 2 times (x 168B)
Class com.android.tools.lint.checks.MemberExtensionConflictDetector$Companion         : loaded 2 times (x 68B)
Class com.android.tools.lint.checks.CallSuperDetector$Issues                          : loaded 2 times (x 68B)
Class com.intellij.psi.JavaModuleSystem                                               : loaded 2 times (x 67B)
Class Native_plugin_loader_gradle$NativePluginLoader$Companion                        : loaded 2 times (x 68B)
Class [Lcom.google.common.base.Supplier;                                              : loaded 2 times (x 66B)
Class org.jetbrains.kotlin.gradle.plugin.statistics.KotlinBuildStatsLoggerService$initSessionLogger$1: loaded 2 times (x 76B)
Class org.jetbrains.kotlin.build.report.metrics.BuildTimes                            : loaded 2 times (x 69B)
Class org.jetbrains.kotlin.gradle.tasks.KotlinCompile$ClasspathSnapshotProperties     : loaded 2 times (x 72B)
Class org.jetbrains.kotlin.gradle.internal.StdlibDependencyManagementKt$addStdlibDependency$1$1: loaded 2 times (x 76B)
Class org.jetbrains.kotlin.gradle.tasks.configuration.BaseKotlinCompileConfig$2$1     : loaded 2 times (x 72B)
Class org.jetbrains.kotlin.gradle.plugin.diagnostics.TransformActionUsingKotlinToolingDiagnostics: loaded 2 times (x 67B)
Class com.google.common.collect.SortedIterable                                        : loaded 2 times (x 67B)
Class org.jetbrains.kotlin.gradle.dsl.PlatformSourceSetConventionsChecker$runChecks$6 : loaded 2 times (x 85B)
Class org.jetbrains.kotlin.gradle.plugin.sources.DefaultKotlinSourceSet_Decorated     : loaded 2 times (x 189B)
Class org.jetbrains.kotlin.gradle.plugin.mpp.KotlinCompilationsKt                     : loaded 2 times (x 68B)
Class org.jetbrains.kotlin.gradle.utils.GradleUtilsKt$registerClassLoaderScopedBuildService$1: loaded 2 times (x 71B)
Class org.jetbrains.kotlin.statistics.metrics.StringOverridePolicy                    : loaded 2 times (x 82B)
Class org.jetbrains.kotlin.gradle.plugin.statistics.DefaultKotlinBuildStatsBeanService: loaded 2 times (x 89B)
Class com.google.common.collect.AbstractListMultimap                                  : loaded 2 times (x 169B)
Class [Lorg.objectweb.asm.SymbolTable$Entry;                                          : loaded 2 times (x 66B)
Class com.google.common.cache.CacheLoader                                             : loaded 2 times (x 71B)
Class com.google.common.collect.Iterators$4                                           : loaded 2 times (x 79B)
Class com.google.common.collect.ImmutableBiMap                                        : loaded 2 times (x 140B)
Class org.gradle.internal.installation.GradleInstallation$1                           : loaded 2 times (x 72B)
Class org.gradle.api.internal.classpath.ModuleRegistry                                : loaded 2 times (x 67B)
Class org.jetbrains.kotlin.analysis.api.impl.base.references.HLApiReferenceProviderService: loaded 2 times (x 70B)
Class com.intellij.lang.java.lexer._JavaLexer                                         : loaded 2 times (x 81B)
Class com.intellij.psi.impl.source.tree.TreeUtil$2                                    : loaded 2 times (x 74B)
Class org.jetbrains.kotlin.protobuf.WireFormat$FieldType$3                            : loaded 2 times (x 80B)
Class com.intellij.psi.PsiStatement                                                   : loaded 2 times (x 67B)
Class com.intellij.psi.PsiFunctionalExpression                                        : loaded 2 times (x 67B)
Class com.intellij.psi.impl.source.BasicJavaElementType$JavaDummyElementType          : loaded 2 times (x 87B)
Class org.jetbrains.kotlin.cli.jvm.modules.JavaModuleGraph                            : loaded 2 times (x 69B)
Class com.intellij.openapi.vfs.CompactVirtualFileSet                                  : loaded 2 times (x 171B)
Class [Lcom.intellij.extapi.psi.StubBasedPsiElementBase;                              : loaded 2 times (x 66B)
Class org.jetbrains.kotlin.psi.KtStatementExpression                                  : loaded 2 times (x 67B)
Class org.jetbrains.kotlin.psi.KtDeclarationContainer                                 : loaded 2 times (x 67B)
Class com.intellij.psi.PsiLock                                                        : loaded 2 times (x 68B)
Class com.intellij.psi.impl.source.HolderFactory                                      : loaded 2 times (x 67B)
Class org.jetbrains.kotlin.utils.PlatformUtilsKt                                      : loaded 2 times (x 68B)
Class com.intellij.psi.PsiRecursiveElementWalkingVisitor                              : loaded 2 times (x 81B)
Class com.intellij.psi.impl.file.impl.FileManagerImpl$2                               : loaded 2 times (x 73B)
Class kotlin.internal.jdk8.JDK8PlatformImplementations$ReflectSdkVersion              : loaded 2 times (x 68B)
Class com.intellij.codeInsight.multiverse.CodeInsightContextManagerImpl$subscribeToChanges$1: loaded 2 times (x 92B)
Class com.fasterxml.aalto.WFCException                                                : loaded 2 times (x 82B)
Class com.intellij.codeInsight.folding.JavaCodeFoldingSettings                        : loaded 2 times (x 100B)
Class com.intellij.util.containers.ContainerUtil$9$1                                  : loaded 2 times (x 79B)
Class com.intellij.openapi.progress.impl.CoreProgressManager$CheckCanceledBehavior    : loaded 2 times (x 76B)
Class it.unimi.dsi.fastutil.doubles.Double2ObjectMap                                  : loaded 2 times (x 67B)
Class com.intellij.core.CoreEncodingProjectManager                                    : loaded 2 times (x 82B)
Class org.jetbrains.kotlin.cli.jvm.modules.CoreJrtFileSystem                          : loaded 2 times (x 98B)
Class com.intellij.util.messages.Topic$BroadcastDirection                             : loaded 2 times (x 76B)
Class com.intellij.openapi.vfs.VirtualFileSystem                                      : loaded 2 times (x 85B)
Class org.jetbrains.kotlin.cli.jvm.compiler.KotlinCoreApplicationEnvironmentMode      : loaded 2 times (x 67B)
Class com.intellij.util.ArrayUtilRt                                                   : loaded 2 times (x 68B)
Class com.android.tools.lint.checks.WearSplashScreenDetector                          : loaded 2 times (x 151B)
Class com.intellij.util.ArrayFactory                                                  : loaded 2 times (x 67B)
Class org.jetbrains.kotlin.utils.PathUtil                                             : loaded 2 times (x 68B)
Class com.android.tools.lint.checks.ChromeOsDetector                                  : loaded 2 times (x 152B)
Class com.android.support.AndroidxName                                                : loaded 2 times (x 77B)
Class com.intellij.ide.plugins.PluginDescriptorLoader$loadForCoreEnv$1                : loaded 2 times (x 92B)
Class [Lcom.fasterxml.aalto.in.ByteBasedPName;                                        : loaded 2 times (x 66B)
Class org.jetbrains.kotlin.cli.jvm.compiler.KotlinCoreProjectEnvironment              : loaded 2 times (x 86B)
Class org.jetbrains.kotlin.gradle.logging.GradleKotlinLogger                          : loaded 2 times (x 79B)
Class org.jetbrains.kotlin.gradle.plugin.KotlinPluginLifecycle$ProjectConfigurationResult: loaded 2 times (x 68B)
Class org.jetbrains.kotlin.gradle.internal.KotlinDependenciesManagementKt$configureDefaultVersionsResolutionStrategy$1: loaded 2 times (x 72B)
Class org.jetbrains.kotlin.gradle.internal.StdlibDependencyManagementKt$configureStdlibDefaultDependency$1: loaded 2 times (x 76B)
Class org.jetbrains.kotlin.gradle.model.builder.KotlinModelBuilder$Companion          : loaded 2 times (x 68B)
Class org.jetbrains.kotlin.gradle.plugin.mpp.compilationImpl.KotlinCreateResourcesTaskSideEffectKt: loaded 2 times (x 68B)
Class org.jetbrains.kotlin.gradle.targets.native.internal.SetupKotlinNativePlatformDependenciesAndStdlibKt: loaded 2 times (x 68B)
Class [Lorg.jetbrains.kotlin.gradle.plugin.mpp.resources.resolve.KotlinTargetResourcesResolutionStrategy;: loaded 2 times (x 66B)
Class org.jetbrains.kotlin.gradle.plugin.mpp.KotlinUsages                             : loaded 2 times (x 68B)
Class org.jetbrains.kotlin.gradle.internal.properties.NativePropertiesLoader$Companion: loaded 2 times (x 68B)
Class [Lorg.jetbrains.kotlin.build.report.metrics.GradleBuildPerformanceMetric;       : loaded 2 times (x 66B)
Class org.jetbrains.kotlin.gradle.plugin.statistics.KotlinBuildStatsBeanService$Companion: loaded 2 times (x 68B)
Class org.jetbrains.kotlin.gradle.plugin.statistics.BuildFusService$Companion         : loaded 2 times (x 68B)
Class com.google.common.util.concurrent.internal.InternalFutureFailureAccess          : loaded 2 times (x 69B)
Class com.google.common.collect.Iterators$5                                           : loaded 2 times (x 79B)
Class org.jetbrains.kotlin.load.java.structure.impl.source.JavaElementSourceFactory$Companion: loaded 2 times (x 68B)
Class org.jetbrains.kotlin.resolve.extensions.AssignResolutionAltererExtension        : loaded 2 times (x 67B)
Class org.jetbrains.kotlin.extensions.ProjectExtensionDescriptor                      : loaded 2 times (x 69B)
Class org.jetbrains.kotlin.cli.jvm.compiler.CliVirtualFileFinderFactory               : loaded 2 times (x 73B)
Class [Lcom.intellij.psi.PsiCodeBlock;                                                : loaded 2 times (x 66B)
Class com.intellij.lang.impl.PsiBuilderImpl$RelativeTokenTypesView                    : loaded 2 times (x 196B)
Class [Lcom.intellij.lang.java.parser.BasicDeclarationParser$ListType;                : loaded 2 times (x 66B)
Class it.unimi.dsi.fastutil.ints.AbstractIntList$IntRandomAccessSubList               : loaded 2 times (x 404B)
Class com.intellij.psi.impl.source.WhiteSpaceAndCommentSetHolder$PrecedingWhitespacesAndCommentsBinder: loaded 2 times (x 74B)
Class [Lorg.jetbrains.kotlin.metadata.ProtoBuf$Annotation$Argument$Value$Type;        : loaded 2 times (x 66B)
Class org.jetbrains.kotlin.metadata.ProtoBuf$Contract$1                               : loaded 2 times (x 141B)
Class org.jetbrains.kotlin.metadata.ProtoBuf$Type$1                                   : loaded 2 times (x 141B)
Class org.jetbrains.kotlin.protobuf.WireFormat$FieldType$4                            : loaded 2 times (x 80B)
Class com.intellij.openapi.editor.impl.FrozenDocument                                 : loaded 2 times (x 206B)
Class com.intellij.openapi.application.AccessToken$1                                  : loaded 2 times (x 72B)
Class org.jetbrains.kotlin.psi.KtAnnotationUseSiteTarget                              : loaded 2 times (x 442B)
Class [Lorg.jetbrains.kotlin.psi.KtPrimaryConstructor;                                : loaded 2 times (x 66B)
Class org.jetbrains.kotlin.psi.KtPropertyAccessor                                     : loaded 2 times (x 881B)
Class org.jetbrains.kotlin.psi.KtElement                                              : loaded 2 times (x 67B)
Class com.intellij.testFramework.LightVirtualFileBase$MyVirtualFileSystem             : loaded 2 times (x 98B)
Class com.intellij.util.concurrency.ThreadingAssertions                               : loaded 2 times (x 68B)
Class com.intellij.openapi.extensions.ExtensionDescriptor                             : loaded 2 times (x 69B)
Class kotlinx.serialization.descriptors.PrimitiveKind                                 : loaded 2 times (x 68B)
Class kotlinx.serialization.KSerializer                                               : loaded 2 times (x 67B)
Class com.intellij.psi.search.DelegatingGlobalSearchScope                             : loaded 2 times (x 102B)
Class com.intellij.core.CoreJavaFileCodeStyleFacade                                   : loaded 2 times (x 96B)
Class kotlinx.coroutines.flow.internal.SendingCollector                               : loaded 2 times (x 72B)
Class com.intellij.psi.impl.DocumentCommitProcessor                                   : loaded 2 times (x 67B)
Class com.intellij.core.CoreProjectScopeBuilder                                       : loaded 2 times (x 74B)
Class org.jetbrains.kotlin.parsing.KotlinParserDefinition                             : loaded 2 times (x 92B)
Class com.fasterxml.aalto.util.XmlCharTypes                                           : loaded 2 times (x 69B)
Class com.intellij.psi.impl.source.resolve.PsiResolveHelperImpl$2                     : loaded 2 times (x 111B)
Class kotlinx.coroutines.Job$Key                                                      : loaded 2 times (x 68B)
Class kotlinx.coroutines.DefaultExecutor                                              : loaded 2 times (x 117B)
Class [Lcom.intellij.openapi.util.UserDataHolderBase;                                 : loaded 2 times (x 66B)
Class com.intellij.serviceContainer.LazyExtensionInstance                             : loaded 2 times (x 71B)
Class com.intellij.ide.plugins.PluginEnabler                                          : loaded 2 times (x 67B)
Class com.intellij.openapi.util.KeyedExtensionCollector                               : loaded 2 times (x 83B)
Class com.android.tools.lint.client.api.PlatformLookup                                : loaded 2 times (x 67B)
Class com.android.tools.lint.checks.WearStandaloneAppDetector                         : loaded 2 times (x 151B)
Class com.android.tools.lint.checks.ViewTypeDetector$Companion                        : loaded 2 times (x 68B)
Class com.android.tools.lint.checks.UElementAsPsiDetector$Companion                   : loaded 2 times (x 68B)
Class com.android.tools.lint.checks.TranslationDetector                               : loaded 2 times (x 160B)
Class com.android.tools.lint.checks.TextFieldDetector                                 : loaded 2 times (x 151B)
Class org.jetbrains.kotlin.name.FqNameUnsafe                                          : loaded 2 times (x 69B)
Class com.android.tools.lint.checks.ForegroundServicePermissionDetector               : loaded 2 times (x 176B)
Class com.android.tools.lint.checks.FirebaseMessagingDetector                         : loaded 2 times (x 167B)
Class com.android.tools.lint.checks.FineLocationDetector$Companion                    : loaded 2 times (x 68B)
Class com.android.tools.lint.checks.ArrayInitDetector                                 : loaded 2 times (x 176B)
Class com.android.tools.lint.checks.AndroidTvDetector                                 : loaded 2 times (x 152B)
Class org.jetbrains.kotlin.load.java.structure.impl.classFiles.BinaryClassSignatureParser$ClsFormatException: loaded 2 times (x 79B)
Class com.android.tools.lint.UastEnvironmentUtilsKt$configureAnalysisApiProjectStructure$1: loaded 2 times (x 76B)
Class com.android.tools.lint.LintCliClient$Companion                                  : loaded 2 times (x 68B)
Class build_bk8c5qtwyw6vmcu990napi6w4                                                 : loaded 2 times (x 177B)
Class com.google.common.collect.ImmutableMultimap$Values                              : loaded 2 times (x 123B)
Class com.google.common.collect.ImmutableSortedAsList                                 : loaded 2 times (x 218B)
Class com.google.common.collect.HashBiMap$Inverse                                     : loaded 2 times (x 139B)
Class org.jetbrains.kotlin.gradle.plugin.HasCompilerOptions                           : loaded 2 times (x 67B)
Class org.jetbrains.kotlin.gradle.plugin.mpp.compilationImpl.DefaultKotlinCompilationFriendPathsResolver$FriendArtifactResolver: loaded 2 times (x 67B)
Class org.jetbrains.kotlin.konan.target.KonanTarget$WATCHOS_SIMULATOR_ARM64           : loaded 2 times (x 75B)
Class org.jetbrains.kotlin.gradle.targets.js.ir.KotlinJsIrTarget                      : loaded 2 times (x 257B)
Class org.jetbrains.kotlin.gradle.plugin.mpp.DefaultKotlinUsageContext                : loaded 2 times (x 105B)
Class org.jetbrains.kotlin.gradle.plugin.KotlinPluginLifecycleImpl$start$3            : loaded 2 times (x 76B)
Class org.jetbrains.kotlin.gradle.plugin.KotlinMultiplatformPluginWrapper             : loaded 2 times (x 83B)
Class [Lorg.jetbrains.kotlin.statistics.metrics.BooleanMetrics;                       : loaded 2 times (x 66B)
Class org.jetbrains.kotlin.gradle.internal.properties.PropertiesBuildService$Companion: loaded 2 times (x 68B)
Class com.google.common.cache.LocalCache$LocalManualCache$1                           : loaded 2 times (x 72B)
Class com.intellij.util.ConcurrencyUtil                                               : loaded 2 times (x 68B)
Class com.intellij.psi.impl.source.SourceTreeToPsiMap                                 : loaded 2 times (x 68B)
Class com.intellij.lang.WhitespacesAndCommentsBinder$RecursiveBinder                  : loaded 2 times (x 67B)
Class org.jetbrains.kotlin.metadata.ProtoBuf$StringTable$1                            : loaded 2 times (x 141B)
Class org.jetbrains.kotlin.resolve.jvm.modules.JavaModuleResolver                     : loaded 2 times (x 67B)
Class com.intellij.openapi.editor.impl.LockFreeCOWSortedArray                         : loaded 2 times (x 72B)
Class org.jetbrains.kotlin.storage.LockBasedStorageManager$1                          : loaded 2 times (x 105B)
Class org.jetbrains.kotlin.psi.stubs.elements.KtUserTypeElementType                   : loaded 2 times (x 100B)
Class org.jetbrains.kotlin.psi.KtPackageDirective                                     : loaded 2 times (x 591B)
Class [Lcom.intellij.psi.PsiNameIdentifierOwner;                                      : loaded 2 times (x 66B)
Class com.intellij.psi.codeStyle.CodeStyleSettingsFacade                              : loaded 2 times (x 67B)
Class com.intellij.openapi.roots.LanguageLevelProjectExtension                        : loaded 2 times (x 75B)
Class com.intellij.psi.search.LocalSearchScope                                        : loaded 2 times (x 82B)
Class kotlinx.coroutines.flow.FlowKt__ContextKt                                       : loaded 2 times (x 68B)
Class com.intellij.util.xml.dom.StaxFactory                                           : loaded 2 times (x 68B)
Class com.intellij.psi.impl.smartPointers.SmartPointerAnchorProvider                  : loaded 2 times (x 70B)
Class org.jetbrains.kotlin.cli.jvm.compiler.DummyJavaFileCodeStyleFacadeFactory       : loaded 2 times (x 71B)
Class com.intellij.openapi.util.ModificationTracker$1                                 : loaded 2 times (x 72B)
Class com.intellij.openapi.extensions.impl.ObjectComponentAdapter                     : loaded 2 times (x 77B)
Class kotlinx.collections.immutable.internal.ListImplementation                       : loaded 2 times (x 68B)
Class com.intellij.openapi.command.CommandToken                                       : loaded 2 times (x 67B)
Class com.intellij.platform.diagnostic.telemetry.IJTracer                             : loaded 2 times (x 67B)
Class com.intellij.openapi.extensions.DefaultPluginDescriptor                         : loaded 2 times (x 108B)
Class com.intellij.openapi.util.text.Strings                                          : loaded 2 times (x 68B)
Class com.intellij.util.containers.RefHashMap$HardKey                                 : loaded 2 times (x 75B)
Class it.unimi.dsi.fastutil.objects.Reference2ObjectOpenHashMap                       : loaded 2 times (x 181B)
Class it.unimi.dsi.fastutil.objects.ObjectOpenCustomHashSet                           : loaded 2 times (x 185B)
Class com.android.tools.lint.checks.WatchFaceFormatDeclaresHasNoCodeDetector$Companion: loaded 2 times (x 68B)
Class com.android.tools.lint.checks.WatchFaceFormatDeclaresHasNoCodeDetector          : loaded 2 times (x 153B)
Class com.android.tools.lint.checks.TraceSectionDetector$Companion                    : loaded 2 times (x 68B)
Class com.android.tools.lint.checks.TraceSectionDetector                              : loaded 2 times (x 167B)
Class com.android.tools.lint.checks.PendingIntentMutableImplicitDetector$Companion    : loaded 2 times (x 68B)
Class com.intellij.psi.impl.source.SpineRef                                           : loaded 2 times (x 74B)
Class [Lorg.jetbrains.kotlin.psi.KtAnonymousInitializer;                              : loaded 2 times (x 66B)
Class [Lorg.jetbrains.kotlin.psi.KtUserType;                                          : loaded 2 times (x 66B)
Class [Lorg.jetbrains.kotlin.psi.ValueArgument;                                       : loaded 2 times (x 66B)
Class org.jetbrains.kotlin.cli.jvm.modules.CliJavaModuleResolver                      : loaded 2 times (x 75B)
Class com.google.common.collect.ImmutableSortedMap$1EntrySet                          : loaded 2 times (x 152B)
Class org.jetbrains.kotlin.gradle.plugin.mpp.compilationImpl.KotlinCompilationConfigurationsContainer: loaded 2 times (x 67B)
Class org.jetbrains.kotlin.gradle.internal.StdlibDependencyManagementKt$addStdlibDependency$1: loaded 2 times (x 72B)
Class [Lorg.jetbrains.kotlin.gradle.plugin.KotlinPluginLifecycle$CoroutineStart;      : loaded 2 times (x 66B)
Class org.jetbrains.kotlin.gradle.dsl.IosSourceSetConventionChecker                   : loaded 2 times (x 71B)
Class org.jetbrains.kotlin.gradle.plugin.diagnostics.KotlinGradleProjectChecker       : loaded 2 times (x 67B)
Class org.jetbrains.kotlin.gradle.dsl.KotlinMultiplatformSourceSetConventions         : loaded 2 times (x 67B)
Class org.jetbrains.kotlin.gradle.plugin.sources.KotlinSourceSetFactory$Companion     : loaded 2 times (x 68B)
Class org.jetbrains.kotlin.statistics.metrics.NumberOverridePolicy$SUM                : loaded 2 times (x 82B)
Class org.gradle.api.internal.classpath.DefaultModuleRegistry                         : loaded 2 times (x 83B)
Class com.intellij.psi.impl.java.stubs.JavaAnnotationParameterListType                : loaded 2 times (x 123B)
Class com.intellij.lang.jvm.types.JvmArrayType                                        : loaded 2 times (x 67B)
Class com.intellij.psi.impl.source.AbstractBasicJavaDocElementTypeFactory$JavaDocElementTypeContainer: loaded 2 times (x 69B)
Class org.jetbrains.kotlin.metadata.ProtoBuf$Function$1                               : loaded 2 times (x 141B)
Class org.jetbrains.kotlin.cli.jvm.index.JvmDependenciesIndexImpl                     : loaded 2 times (x 74B)
Class org.jetbrains.kotlin.analysis.api.projectStructure.KaSourceModule               : loaded 2 times (x 67B)
Class org.jetbrains.kotlin.psi.KtCallElement                                          : loaded 2 times (x 67B)
Class org.jetbrains.kotlin.psi.stubs.KotlinParameterStub                              : loaded 2 times (x 67B)
Class com.intellij.psi.scope.PsiScopeProcessor$Event                                  : loaded 2 times (x 67B)
Class org.jetbrains.kotlin.psi.KtTypeAlias                                            : loaded 2 times (x 1070B)
Class com.intellij.openapi.roots.ContentIterator                                      : loaded 2 times (x 67B)
Class kotlinx.serialization.internal.MapLikeDescriptor                                : loaded 2 times (x 93B)
Class com.intellij.psi.PsiLiteral                                                     : loaded 2 times (x 67B)
Class com.intellij.psi.PsiLambdaExpression                                            : loaded 2 times (x 67B)
Class kotlinx.coroutines.channels.ChannelSegment                                      : loaded 2 times (x 73B)
Class com.intellij.core.CoreProjectEnvironment                                        : loaded 2 times (x 79B)
Class kotlinx.coroutines.EventLoop                                                    : loaded 2 times (x 102B)
Class com.intellij.util.Query                                                         : loaded 2 times (x 67B)
Class kotlin.collections.AbstractSet                                                  : loaded 2 times (x 132B)
Class com.intellij.DynamicBundle$LanguageBundleEP                                     : loaded 2 times (x 72B)
Class com.intellij.openapi.progress.Task$Backgroundable                               : loaded 2 times (x 98B)
Class com.intellij.openapi.extensions.Extensions                                      : loaded 2 times (x 68B)
Class com.intellij.lang.LanguageASTFactory                                            : loaded 2 times (x 93B)
Class com.android.tools.lint.checks.TypedefDetector$Companion                         : loaded 2 times (x 68B)
Class com.android.tools.lint.checks.ScopedStorageDetector                             : loaded 2 times (x 152B)
Class com.android.tools.lint.checks.RemoteViewDetector$Issues                         : loaded 2 times (x 68B)
Class com.android.tools.lint.checks.PluralsDetector                                   : loaded 2 times (x 151B)
Class com.intellij.psi.impl.java.stubs.PsiFieldStub                                   : loaded 2 times (x 67B)
Class com.intellij.pom.PomNamedTarget                                                 : loaded 2 times (x 67B)
Class com.intellij.lang.jvm.JvmAnnotatedElement                                       : loaded 2 times (x 67B)
Class com.android.tools.lint.detector.api.SourceCodeScanner                           : loaded 2 times (x 67B)
Class com.intellij.psi.PsiEllipsisType                                                : loaded 2 times (x 111B)
Class org.jetbrains.kotlin.analysis.api.platform.projectStructure.KaResolutionScopeProvider: loaded 2 times (x 67B)
Class org.gradle.internal.classloader.ClassLoaderVisitor                              : loaded 2 times (x 73B)
Class org.jetbrains.kotlin.statistics.metrics.StringAnonymizationPolicy               : loaded 2 times (x 75B)
Class org.jetbrains.kotlin.statistics.metrics.NumberAnonymizationPolicy               : loaded 2 times (x 82B)
Class org.jetbrains.kotlin.gradle.plugin.internal.state.TaskExecutionResults          : loaded 2 times (x 68B)
Class org.jetbrains.kotlin.compilerRunner.KotlinCompilerArgumentsLogLevel             : loaded 2 times (x 76B)
Class org.jetbrains.kotlin.gradle.plugin.mpp.compilationImpl.factory.CompositePostConfigure: loaded 2 times (x 72B)
Class org.jetbrains.kotlin.gradle.targets.native.internal.CInteropConfigurationsKt    : loaded 2 times (x 68B)
Class org.jetbrains.kotlin.gradle.plugin.statistics.BuildFusService$Parameters$Inject : loaded 2 times (x 109B)
Class org.jetbrains.kotlin.statistics.metrics.StatisticsValuesConsumer                : loaded 2 times (x 67B)
Class com.google.common.util.concurrent.ListenableFuture                              : loaded 2 times (x 67B)
Class com.google.common.cache.ReferenceEntry                                          : loaded 2 times (x 67B)
Class org.jetbrains.kotlin.gradle.report.BuildMetricsService                          : loaded 2 times (x 83B)
Class com.intellij.psi.impl.source.PsiTypeElementImpl                                 : loaded 2 times (x 482B)
Class com.intellij.psi.impl.source.AbstractBasicJavaElementTypeFactory                : loaded 2 times (x 69B)
Class com.intellij.lang.impl.MarkerProduction                                         : loaded 2 times (x 411B)
Class com.intellij.psi.impl.java.stubs.PsiImportStatementStub                         : loaded 2 times (x 67B)
Class org.jetbrains.kotlin.psi.KtContractEffect                                       : loaded 2 times (x 442B)
Class com.intellij.psi.PsiLargeFile                                                   : loaded 2 times (x 67B)
Class org.jetbrains.kotlin.analysis.api.projectStructure.KaModule                     : loaded 2 times (x 67B)
Class com.intellij.openapi.util.io.FileTooBigException                                : loaded 2 times (x 79B)
Class com.intellij.psi.PsiImportStatementBase                                         : loaded 2 times (x 67B)
Class kotlinx.coroutines.channels.ChannelsKt                                          : loaded 2 times (x 68B)
Class kotlinx.coroutines.internal.Removed                                             : loaded 2 times (x 69B)
Class kotlinx.coroutines.flow.FlowKt__ChannelsKt$emitAllImpl$1                        : loaded 2 times (x 85B)
Class org.jetbrains.kotlin.analysis.api.standalone.base.declarations.KotlinFakeClsStubsCache$Companion: loaded 2 times (x 68B)
Class com.intellij.util.keyFMap.OneElementFMap                                        : loaded 2 times (x 79B)
Class org.jetbrains.kotlin.gradle.targets.metadata.KotlinMetadataTargetConfiguratorKt$special$$inlined$extrasStoredFuture$1: loaded 2 times (x 76B)
Class com.intellij.openapi.util.BuildNumber                                           : loaded 2 times (x 72B)
Class com.intellij.lang.DefaultASTFactoryImpl                                         : loaded 2 times (x 75B)
Class com.intellij.util.containers.IdentityHashingStrategy                            : loaded 2 times (x 72B)
Class com.intellij.util.containers.IntKeyWeakValueHashMap                             : loaded 2 times (x 82B)
Class com.android.tools.lint.checks.WearBackNavigationDetector                        : loaded 2 times (x 151B)
Class com.android.tools.lint.checks.StringEscapeDetector                              : loaded 2 times (x 151B)
Class org.jetbrains.kotlin.gradle.targets.js.npm.NpmDependencyExtensionKt             : loaded 2 times (x 68B)
Class com.android.tools.lint.checks.LocaleDetector$Companion                          : loaded 2 times (x 68B)
Class com.android.tools.lint.checks.KotlincFE10Detector$Companion                     : loaded 2 times (x 68B)
Class com.intellij.lang.jvm.JvmMethod                                                 : loaded 2 times (x 67B)
Class org.jetbrains.kotlin.gradle.plugin.diagnostics.checkers.JsEnvironmentChecker    : loaded 2 times (x 73B)
Class org.jetbrains.kotlin.gradle.plugin.diagnostics.UsesKotlinToolingDiagnosticsParameters: loaded 2 times (x 67B)
Class org.jetbrains.kotlin.gradle.plugin.DefaultKotlinBasePlugin$addKotlinCompilerConfiguration$2$1$1$1: loaded 2 times (x 72B)
Class org.jetbrains.kotlin.gradle.tasks.KotlinCompilerExecutionStrategy$Companion     : loaded 2 times (x 68B)
Class org.jetbrains.kotlin.gradle.plugin.CompilerPluginConfig                         : loaded 2 times (x 69B)
Class org.jetbrains.kotlin.gradle.model.builder.KotlinModelBuilder                    : loaded 2 times (x 73B)
Class [Lorg.jetbrains.kotlin.tooling.core.HasMutableExtras;                           : loaded 2 times (x 66B)
Class org.jetbrains.kotlin.gradle.plugin.diagnostics.checkers.GradleDeprecatedPropertyChecker: loaded 2 times (x 71B)
Class org.jetbrains.kotlin.gradle.artifacts.KotlinJsKlibArtifactKt$KotlinJsKlibArtifact$1: loaded 2 times (x 71B)
Class org.jetbrains.kotlin.gradle.targets.CreateTargetConfigurationsSideEffectKt      : loaded 2 times (x 68B)
Class org.jetbrains.kotlin.gradle.plugin.mpp.ApplyUserDefinedAttributesKt$UserDefinedAttributesSetupAction$1: loaded 2 times (x 92B)
Class org.jetbrains.kotlin.gradle.plugin.mpp.KotlinAndroidTarget                      : loaded 2 times (x 162B)
Class org.jetbrains.kotlin.gradle.plugin.DefaultKotlinBasePlugin$addKotlinCompilerConfiguration$1: loaded 2 times (x 72B)
Class org.jetbrains.kotlin.gradle.plugin.statistics.NonSynchronizedMetricsContainer   : loaded 2 times (x 79B)
Class org.jetbrains.kotlin.gradle.plugin.internal.DefaultCompatibilityConventionRegistrar: loaded 2 times (x 71B)
Class org.jetbrains.kotlin.gradle.plugin.PropertiesProvider                           : loaded 2 times (x 70B)
Class com.google.common.collect.AbstractMapBasedMultimap                              : loaded 2 times (x 136B)
Class com.google.common.util.concurrent.AbstractFuture                                : loaded 2 times (x 103B)
Class com.google.common.base.FunctionalEquivalence                                    : loaded 2 times (x 80B)
Class com.google.common.collect.Iterators$9                                           : loaded 2 times (x 78B)
Class com.intellij.util.WalkingState$TreeGuide                                        : loaded 2 times (x 67B)
Class com.intellij.psi.impl.source.Constants                                          : loaded 2 times (x 67B)
Class com.intellij.lang.java.parser.BasicPrattExpressionParser$InfixParser            : loaded 2 times (x 67B)
Class com.intellij.psi.impl.java.stubs.PsiTypeParameterStub                           : loaded 2 times (x 67B)
Class com.intellij.psi.WhiteSpaceTokenType                                            : loaded 2 times (x 76B)
Class org.jetbrains.kotlin.psi.KtNameReferenceExpression                              : loaded 2 times (x 631B)
Class [Lorg.jetbrains.kotlin.gradle.dsl.KotlinVersion;                                : loaded 2 times (x 66B)
Class com.android.tools.lint.UastEnvironmentUtilsKt$configureAnalysisApiProjectStructure$1$uastEnvModuleOrder$1: loaded 2 times (x 76B)
Class com.intellij.openapi.ui.Queryable                                               : loaded 2 times (x 67B)
Class com.intellij.psi.codeStyle.JavaFileCodeStyleFacade                              : loaded 2 times (x 67B)
Class com.intellij.psi.impl.PsiFileFactoryImpl                                        : loaded 2 times (x 83B)
Class kotlinx.coroutines.flow.internal.ChannelFlowOperator                            : loaded 2 times (x 83B)
Class com.intellij.psi.util.PsiModificationTracker                                    : loaded 2 times (x 67B)
Class com.intellij.openapi.project.Project                                            : loaded 2 times (x 67B)
Class com.intellij.ide.plugins.NonShareableJavaZipFilePool$load$1                     : loaded 2 times (x 78B)
Class org.jetbrains.kotlin.gradle.plugin.diagnostics.ToolingDiagnosticRenderingOptions: loaded 2 times (x 69B)
Class com.intellij.psi.FileViewProvider                                               : loaded 2 times (x 67B)
Class com.intellij.lang.java.lexer.BasicJavaLexer                                     : loaded 2 times (x 81B)
Class com.intellij.psi.impl.source.tree.java.PsiIdentifierImpl                        : loaded 2 times (x 449B)
Class com.intellij.lexer.Lexer                                                        : loaded 2 times (x 80B)
Class com.intellij.util.KeyedLazyInstanceEP                                           : loaded 2 times (x 80B)
Class com.intellij.util.lang.CompoundRuntimeException                                 : loaded 2 times (x 79B)
Class com.intellij.util.containers.FastUtilCharSequenceHashingStrategy                : loaded 2 times (x 72B)
Class org.jetbrains.kotlin.cli.jvm.compiler.KotlinCoreApplicationEnvironment$Companion: loaded 2 times (x 68B)
Class com.intellij.util.containers.ConcurrentRefHashMap$HardKey                       : loaded 2 times (x 76B)
Class com.android.tools.lint.checks.WearDetector                                      : loaded 2 times (x 138B)
Class [Lcom.intellij.psi.PsiAnnotationMemberValue;                                    : loaded 2 times (x 66B)
Class com.intellij.psi.PsiAnnotationMemberValue                                       : loaded 2 times (x 67B)
Class com.android.tools.lint.checks.SdCardDetector$Issues                             : loaded 2 times (x 68B)
Class com.android.ide.common.gradle.Module                                            : loaded 2 times (x 69B)
Class com.intellij.lang.jvm.JvmMember                                                 : loaded 2 times (x 67B)
Class com.android.tools.lint.checks.ClickableViewAccessibilityDetector                : loaded 2 times (x 167B)
Class org.jetbrains.kotlin.gradle.plugin.KotlinTargetWithTests                        : loaded 2 times (x 67B)
Class org.xmlpull.v1.XmlPullParser                                                    : loaded 2 times (x 67B)
Class build_39snwgl17v9mr972vv0lt9lkk$_run_closure1                                   : loaded 2 times (x 136B)
Class com.google.common.io.CharStreams                                                : loaded 2 times (x 68B)
Class com.google.common.collect.ImmutableMultiset                                     : loaded 2 times (x 160B)
Class [Lorg.jetbrains.kotlin.gradle.dsl.jvm.JvmTargetValidationMode;                  : loaded 2 times (x 66B)
Class org.jetbrains.kotlin.gradle.tasks.DefaultKotlinJavaToolchain$javaVersion$1      : loaded 2 times (x 71B)
Class org.jetbrains.kotlin.gradle.plugin.mpp.MppSourcesJarKt$sourcesJarTask$1         : loaded 2 times (x 92B)
Class org.jetbrains.kotlin.gradle.plugin.mpp.compilationImpl.factory.KotlinCompilationImplFactory$KotlinCompilationOutputFactory: loaded 2 times (x 67B)
Class org.jetbrains.kotlin.konan.target.TargetSupportException                        : loaded 2 times (x 79B)
Class org.jetbrains.kotlin.gradle.plugin.KotlinCompilationToRunnableFiles             : loaded 2 times (x 67B)
Class org.jetbrains.kotlin.gradle.tooling.BuildKotlinToolingMetadataTaskKt            : loaded 2 times (x 68B)
Class org.jetbrains.kotlin.gradle.plugin.ProjectLocalConfigurations$setupAttributesMatchingStrategy$1$1: loaded 2 times (x 71B)
Class org.jetbrains.kotlin.gradle.targets.native.toolchain.KotlinNativeBundleBuildService$Companion$registerIfAbsent$2$1$1: loaded 2 times (x 72B)
Class org.jetbrains.kotlin.statistics.BuildSessionLogger$Companion                    : loaded 2 times (x 68B)
Class org.objectweb.asm.RecordComponentVisitor                                        : loaded 2 times (x 74B)
Class com.google.common.cache.CacheLoader$SupplierToCacheLoader                       : loaded 2 times (x 72B)
Class org.jetbrains.kotlin.compilerRunner.CompilerSystemPropertiesService$Parameters_Decorated: loaded 2 times (x 131B)
Class org.jetbrains.kotlin.gradle.plugin.PropertiesProvider$kotlinCompilerArgumentsLogLevel$1: loaded 2 times (x 71B)
Class org.jetbrains.kotlin.codegen.extensions.ClassBuilderInterceptorExtension$Companion: loaded 2 times (x 69B)
Class com.intellij.util.text.ImmutableText$CompositeNode                              : loaded 2 times (x 81B)
Class com.intellij.psi.impl.source.WhiteSpaceAndCommentSetHolder$TrailingWhitespacesAndCommentsBinder: loaded 2 times (x 74B)
Class com.intellij.lang.WhitespacesAndCommentsBinder                                  : loaded 2 times (x 67B)
Class org.jetbrains.kotlin.metadata.ProtoBuf$Annotation$1                             : loaded 2 times (x 141B)
Class com.intellij.psi.impl.source.tree.ElementType                                   : loaded 2 times (x 67B)
Class org.jetbrains.kotlin.protobuf.AbstractParser                                    : loaded 2 times (x 141B)
Class com.google.common.collect.ReverseNaturalOrdering                                : loaded 2 times (x 111B)
Class org.jetbrains.kotlin.psi.KtModifierList                                         : loaded 2 times (x 511B)
Class com.intellij.extapi.psi.StubBasedPsiElementBase                                 : loaded 2 times (x 312B)
Class com.google.common.io.ByteSource$ConcatenatedByteSource                          : loaded 2 times (x 82B)
Class com.intellij.openapi.vfs.impl.GenericZipFile$GenericZipEntry                    : loaded 2 times (x 67B)
Class com.android.tools.lint.UastEnvironment$Module$directDependencies$1              : loaded 2 times (x 76B)
Class com.intellij.psi.PsiJavaReference                                               : loaded 2 times (x 67B)
Class [Lcom.intellij.psi.search.ProjectAwareFileFilter;                               : loaded 2 times (x 66B)
Class kotlinx.coroutines.CopyableThrowable                                            : loaded 2 times (x 67B)
Class com.intellij.psi.PsiManager                                                     : loaded 2 times (x 112B)
Class [Lcom.google.common.collect.AbstractIterator$State;                             : loaded 2 times (x 66B)
Class com.intellij.openapi.application.TransactionGuardImpl                           : loaded 2 times (x 76B)
Class kotlinx.coroutines.ChildJob                                                     : loaded 2 times (x 67B)
Class kotlinx.coroutines.scheduling.TasksKt                                           : loaded 2 times (x 68B)
Class kotlinx.coroutines.internal.SystemPropsKt__SystemPropsKt                        : loaded 2 times (x 68B)
Class com.intellij.util.QueryExecutor                                                 : loaded 2 times (x 67B)
Class com.intellij.lexer.LexerBase                                                    : loaded 2 times (x 80B)
Class com.intellij.openapi.fileEditor.FileDocumentManager                             : loaded 2 times (x 90B)
Class com.intellij.core.JavaCoreApplicationEnvironment                                : loaded 2 times (x 91B)
Class [Lorg.jetbrains.kotlin.config.LanguageVersion;                                  : loaded 2 times (x 66B)
Class com.intellij.util.containers.HashingStrategy                                    : loaded 2 times (x 67B)
Class [Lcom.intellij.lang.jvm.types.JvmType;                                          : loaded 2 times (x 66B)
Class com.android.tools.lint.checks.ResourceTypeDetector                              : loaded 2 times (x 167B)
Class com.android.tools.lint.checks.LocaleFolderDetector                              : loaded 2 times (x 180B)
Class com.android.tools.lint.checks.InteroperabilityDetector$Issues                   : loaded 2 times (x 68B)
Class com.android.tools.lint.Main$MainLintClient                                      : loaded 2 times (x 169B)
Class com.android.tools.lint.checks.AppLinksAutoVerifyDetector$Companion              : loaded 2 times (x 68B)
Class com.android.tools.lint.checks.AccessibilityDetector                             : loaded 2 times (x 151B)
Class org.jetbrains.kotlin.config.LanguageVersionSettings                             : loaded 2 times (x 67B)
Class com.android.tools.lint.checks.BottomAppBarDetector$Companion                    : loaded 2 times (x 68B)
Class com.android.tools.lint.checks.DataBindingDetector                               : loaded 2 times (x 151B)
Class com.android.tools.lint.checks.ReadParcelableDetector                            : loaded 2 times (x 167B)
Class com.android.tools.lint.detector.api.Project                                     : loaded 2 times (x 153B)
Class org.gradle.kotlin.dsl.Accessors3b22zubz91h1vnit99qiq17ljKt                      : loaded 2 times (x 68B)
Class build_abn2j4cv3solw1newpa47lrxe$_run_closure1$_closure3                         : loaded 2 times (x 136B)
Class com.google.common.collect.UsingToStringOrdering                                 : loaded 2 times (x 111B)
Class org.jetbrains.kotlin.gradle.plugin.mpp.KotlinCompilationsKt$sam$java_util_concurrent_Callable$0: loaded 2 times (x 72B)
Class org.jetbrains.kotlin.gradle.tasks.KotlinCompilerPluginData                      : loaded 2 times (x 69B)
Class org.jetbrains.kotlin.gradle.targets.js.npm.SemverKt                             : loaded 2 times (x 68B)
Class org.jetbrains.kotlin.gradle.internal.StdlibDependencyManagementKt$isStdlibAddedByUser$1: loaded 2 times (x 76B)
Class org.jetbrains.kotlin.gradle.plugin.mpp.MppSourcesJarKt                          : loaded 2 times (x 68B)
Class org.jetbrains.kotlin.compilerRunner.CompilerSystemPropertiesService$Companion$registerIfAbsent$2$1$1: loaded 2 times (x 72B)
Class org.jetbrains.kotlin.gradle.plugin.KotlinCompilationInfo                        : loaded 2 times (x 85B)
Class org.jetbrains.kotlin.gradle.tasks.BaseKotlinCompile                             : loaded 2 times (x 67B)
Class org.jetbrains.kotlin.gradle.plugin.internal.UsesBuildIdProviderService          : loaded 2 times (x 67B)
Class org.jetbrains.kotlin.gradle.plugin.mpp.compilationImpl.KotlinCompilationSourceSetInclusion$include$1: loaded 2 times (x 76B)
Class org.jetbrains.kotlin.gradle.plugin.mpp.compilationImpl.factory.KotlinCompilationImplFactory$KotlinCompilationDependencyConfigurationsFactory: loaded 2 times (x 67B)
Class org.jetbrains.kotlin.gradle.plugin.KotlinPluginLifecycleCoroutineContextElement$Key: loaded 2 times (x 68B)
Class org.jetbrains.kotlin.gradle.plugin.diagnostics.KotlinToolingDiagnosticsSetupActionKt$KotlinToolingDiagnosticsSetupAction$1: loaded 2 times (x 71B)
Class org.jetbrains.kotlin.tooling.core.ExtrasPropertyKt                              : loaded 2 times (x 68B)
Class org.jetbrains.kotlin.gradle.dsl.KotlinProjectExtensionKt                        : loaded 2 times (x 68B)
Class org.jetbrains.kotlin.gradle.plugin.KotlinGradleBuildServices$Parameters_Decorated: loaded 2 times (x 131B)
Class org.jetbrains.kotlin.gradle.plugin.DefaultKotlinBasePlugin$addKotlinCompilerConfiguration$3: loaded 2 times (x 72B)
Class [Lorg.jetbrains.kotlin.statistics.metrics.IMetricContainerFactory;              : loaded 2 times (x 66B)
Class org.jetbrains.kotlin.gradle.internal.IdeaKt                                     : loaded 2 times (x 68B)
Class org.gradle.internal.service.ServiceLookupException                              : loaded 2 times (x 79B)
Class com.intellij.pom.java.LanguageLevel                                             : loaded 2 times (x 77B)
Class org.jetbrains.kotlin.analysis.api.platform.projectStructure.KaContentScopeProvider$Companion: loaded 2 times (x 68B)
Class [Lcom.intellij.psi.PsiModifierListOwner;                                        : loaded 2 times (x 66B)
Class [Lcom.intellij.lang.jvm.JvmAnnotatedElement;                                    : loaded 2 times (x 66B)
Class com.intellij.lang.impl.PsiBuilderAdapter                                        : loaded 2 times (x 154B)
Class [Lorg.jetbrains.kotlin.protobuf.Internal$EnumLite;                              : loaded 2 times (x 66B)
Class com.intellij.psi.impl.java.stubs.PsiRequiresStatementStub                       : loaded 2 times (x 67B)
Class org.jetbrains.kotlin.psi.stubs.KotlinContractEffectStub                         : loaded 2 times (x 67B)
Class org.jetbrains.kotlin.psi.KtClassBody                                            : loaded 2 times (x 445B)
Class com.intellij.testFramework.LightVirtualFile$1                                   : loaded 2 times (x 91B)
Class com.intellij.openapi.util.io.BufferExposingByteArrayInputStream                 : loaded 2 times (x 90B)
Class [Lcom.intellij.openapi.vfs.VirtualFile;                                         : loaded 2 times (x 66B)
Class kotlinx.coroutines.channels.BufferedChannel$emitAllInternal$1                   : loaded 2 times (x 85B)
Class com.intellij.AbstractBundle$Companion                                           : loaded 2 times (x 68B)
Class com.intellij.openapi.util.LowMemoryWatcher$LowMemoryWatcherType                 : loaded 2 times (x 76B)
Class org.jetbrains.kotlin.analysis.decompiler.psi.BuiltinsVirtualFileProviderBaseImpl: loaded 2 times (x 72B)
Class kotlinx.coroutines.ChildHandleNode                                              : loaded 2 times (x 91B)
Class kotlinx.coroutines.scheduling.SchedulerCoroutineDispatcher                      : loaded 2 times (x 109B)
Class com.intellij.openapi.util.AtomicNotNullLazyValue                                : loaded 2 times (x 75B)
Class com.intellij.openapi.util.registry.Registry$Companion                           : loaded 2 times (x 68B)
Class com.intellij.psi.stubs.IStubElementType                                         : loaded 2 times (x 93B)
Class com.intellij.psi.impl.source.tree.java.PsiKeywordImpl                           : loaded 2 times (x 449B)
Class com.intellij.openapi.util.text.StringUtilRt                                     : loaded 2 times (x 68B)
Class com.intellij.util.ConcurrentLongObjectHashMap$TreeNode                          : loaded 2 times (x 75B)
Class com.intellij.serviceContainer.BaseKeyedLazyInstance                             : loaded 2 times (x 75B)
Class kotlinx.collections.immutable.implementations.immutableList.SmallPersistentVector$Companion: loaded 2 times (x 68B)
Class com.android.tools.lint.UastEnvironment                                          : loaded 2 times (x 67B)
Class org.jetbrains.kotlin.config.JVMConfigurationKeys                                : loaded 2 times (x 68B)
Class com.android.tools.lint.client.api.SimplePlatformLookup$Companion                : loaded 2 times (x 68B)
Class com.android.tools.lint.UastEnvironment$Companion                                : loaded 2 times (x 68B)
Class com.android.tools.lint.checks.WrongCallDetector                                 : loaded 2 times (x 167B)
Class com.android.tools.lint.checks.StorageDetector                                   : loaded 2 times (x 167B)
Class com.android.tools.lint.checks.StateListDetector                                 : loaded 2 times (x 151B)
Class com.android.tools.lint.checks.SdkSuppressDetector$Companion                     : loaded 2 times (x 68B)
Class com.android.tools.lint.checks.SdCardDetector                                    : loaded 2 times (x 167B)
Class com.android.tools.lint.checks.OverrideConcreteDetector                          : loaded 2 times (x 167B)
Class com.android.tools.lint.checks.ObsoleteLayoutParamsDetector                      : loaded 2 times (x 152B)
Class com.android.tools.lint.checks.DateFormatDetector$Companion                      : loaded 2 times (x 68B)
Class org.objectweb.asm.tree.AbstractInsnNode                                         : loaded 2 times (x 75B)
Class com.android.tools.lint.detector.api.ClassScanner                                : loaded 2 times (x 67B)
Class com.android.tools.lint.detector.api.Intervals$MajorMinor                        : loaded 2 times (x 71B)
Class com.intellij.util.messages.impl.MessageBusEx                                    : loaded 2 times (x 67B)
Class com.android.tools.lint.LintCliFlags                                             : loaded 2 times (x 172B)
Class build_cl15ik6ueg67tnardlg47lsg1                                                 : loaded 2 times (x 177B)
Class com.google.common.io.Resources$UrlByteSource                                    : loaded 2 times (x 82B)
Class org.jetbrains.kotlin.gradle.tasks.GradleCompileTaskProvider_Decorated           : loaded 2 times (x 118B)
Class org.jetbrains.kotlin.gradle.internal.StdlibDependencyManagementKt$isStdlibAddedByUser$2: loaded 2 times (x 75B)
Class org.jetbrains.kotlin.gradle.plugin.hierarchy.KotlinSourceSetTreeClassifierKt$sourceSetTreeClassifier$2: loaded 2 times (x 75B)
Class com.google.common.collect.Lists$ReverseList                                     : loaded 2 times (x 197B)
Class com.google.common.collect.ImmutableSortedSet                                    : loaded 2 times (x 297B)
Class org.jetbrains.kotlin.konan.target.HostManager                                   : loaded 2 times (x 69B)
Class org.jetbrains.kotlin.gradle.targets.js.npm.NpmDirectoryDependencyExtension      : loaded 2 times (x 67B)
Class org.jetbrains.kotlin.gradle.plugin.mpp.KotlinUsageContext$MavenScope            : loaded 2 times (x 76B)
Class org.jetbrains.kotlin.gradle.targets.native.KotilnNativeConfigureBinariesSideEffectKt$special$$inlined$KotlinTargetSideEffect$1: loaded 2 times (x 71B)
Class org.jetbrains.kotlin.gradle.plugin.KotlinProjectSetupAction$Companion           : loaded 2 times (x 68B)
Class [Lcom.google.common.cache.LocalCache$EntryFactory;                              : loaded 2 times (x 66B)
Class org.gradle.internal.classloader.ClassLoaderFactory                              : loaded 2 times (x 67B)
Class it.unimi.dsi.fastutil.ints.IntArrayList                                         : loaded 2 times (x 411B)
Class com.intellij.util.ThrowableRunnable                                             : loaded 2 times (x 67B)
Class com.intellij.psi.tree.IErrorCounterReparseableElementType                       : loaded 2 times (x 92B)
Class [Lcom.intellij.lang.LighterASTNode;                                             : loaded 2 times (x 66B)
Class org.jetbrains.kotlin.analysis.api.projectStructure.KaBuiltinsModule             : loaded 2 times (x 67B)
Class org.jetbrains.kotlin.utils.exceptions.KotlinIllegalArgumentExceptionWithAttachments: loaded 2 times (x 89B)
Class org.jetbrains.kotlin.psi.ValueArgument                                          : loaded 2 times (x 67B)
Class [Lorg.jetbrains.kotlin.psi.KtEnumEntrySuperclassReferenceExpression;            : loaded 2 times (x 66B)
Class org.jetbrains.kotlin.psi.KtDotQualifiedExpression                               : loaded 2 times (x 572B)
Class org.jetbrains.kotlin.psi.KtReferenceExpression                                  : loaded 2 times (x 67B)
Class org.jetbrains.kotlin.psi.KtImportList                                           : loaded 2 times (x 443B)
Class [Lorg.jetbrains.kotlin.psi.KtParameterList;                                     : loaded 2 times (x 66B)
Class org.jetbrains.kotlin.psi.stubs.KotlinFunctionStub                               : loaded 2 times (x 67B)
Class [Lcom.intellij.psi.PsiNamedElement;                                             : loaded 2 times (x 66B)
Class com.intellij.openapi.vfs.VirtualFileVisitor$Option                              : loaded 2 times (x 68B)
Class com.fasterxml.aalto.util.UriCanonicalizer$BoundedHashMap                        : loaded 2 times (x 176B)
Class com.intellij.util.messages.impl.CompositeMessageBus                             : loaded 2 times (x 111B)
Class org.jetbrains.kotlin.cli.jvm.compiler.MockInferredAnnotationsManager$Companion  : loaded 2 times (x 68B)
Class com.intellij.psi.codeStyle.JavaCodeStyleSettingsFacade                          : loaded 2 times (x 70B)
Class kotlinx.coroutines.ChildContinuation                                            : loaded 2 times (x 87B)
Class com.intellij.util.CachedValuesManagerImpl                                       : loaded 2 times (x 79B)
Class kotlinx.coroutines.flow.internal.FusibleFlow                                    : loaded 2 times (x 67B)
Class com.intellij.psi.impl.file.impl.JavaFileManager                                 : loaded 2 times (x 67B)
Class kotlinx.coroutines.CompletionHandlerBase                                        : loaded 2 times (x 77B)
Class org.codehaus.stax2.ri.typed.ValueDecoderFactory$LongArrayDecoder                : loaded 2 times (x 75B)
Class com.intellij.util.lang.ZipFilePool$EntryResolver                                : loaded 2 times (x 67B)
Class com.intellij.openapi.vfs.encoding.EncodingProjectManager                        : loaded 2 times (x 82B)
Class org.jetbrains.kotlin.cli.jvm.modules.CoreJrtVirtualFile                         : loaded 2 times (x 151B)
Class org.jetbrains.kotlin.cli.jvm.modules.CoreJrtFileSystem$Companion                : loaded 2 times (x 68B)
Class com.intellij.openapi.util.Disposer                                              : loaded 2 times (x 68B)
Class org.jetbrains.kotlin.platform.jvm.JdkPlatform                                   : loaded 2 times (x 72B)
Class com.android.tools.lint.checks.WrongThreadInterproceduralDetector$Companion      : loaded 2 times (x 68B)
Class com.android.tools.lint.checks.TextViewDetector                                  : loaded 2 times (x 151B)
Class com.android.tools.lint.checks.ServiceCastDetector$Companion                     : loaded 2 times (x 68B)
Class com.android.tools.lint.checks.EllipsizeMaxLinesDetector                         : loaded 2 times (x 151B)
Class com.android.tools.lint.checks.BidirectionalTextDetector                         : loaded 2 times (x 184B)
Class com.intellij.util.DefaultJava11Shim                                             : loaded 2 times (x 82B)
Class kotlinx.collections.immutable.implementations.immutableList.SmallPersistentVector: loaded 2 times (x 326B)
Class com.android.tools.lint.client.api.ConfigurationHierarchy$Companion$NONE$1       : loaded 2 times (x 91B)
Class org.jetbrains.kotlin.gradle.tasks.DefaultKotlinJavaToolchain$currentJvmJdkToolsJar$1: loaded 2 times (x 71B)
Class org.jetbrains.kotlin.gradle.plugin.SubpluginEnvironment                         : loaded 2 times (x 69B)
Class org.jetbrains.kotlin.gradle.internal.StdlibDependencyManagementKt$addStdlibDependency$1$1$1: loaded 2 times (x 72B)
Class org.jetbrains.kotlin.gradle.plugin.sources.AbstractKotlinSourceSet              : loaded 2 times (x 138B)
Class org.jetbrains.kotlin.gradle.tooling.BuildKotlinToolingMetadataTaskKt$RegisterBuildKotlinToolingMetadataTask$1: loaded 2 times (x 71B)
Class org.jetbrains.kotlin.compilerRunner.GradleCliCommonizerKt$maybeCreateCommonizerClasspathConfiguration$1$1: loaded 2 times (x 72B)
Class [Lorg.jetbrains.kotlin.build.report.metrics.ValueType;                          : loaded 2 times (x 66B)
Class com.google.common.cache.LocalCache$LocalManualCache                             : loaded 2 times (x 96B)
Class org.gradle.internal.service.CachingServiceLocator                               : loaded 2 times (x 79B)
Class com.intellij.psi.impl.source.tree.java.ImportStatementBaseElement               : loaded 2 times (x 232B)
Class com.intellij.psi.PsiReferenceParameterList                                      : loaded 2 times (x 67B)
Class com.intellij.lang.java.parser.BasicFileParser                                   : loaded 2 times (x 74B)
Class it.unimi.dsi.fastutil.ints.IntListIterator                                      : loaded 2 times (x 67B)
Class org.jetbrains.kotlin.protobuf.ExtensionRegistryLite$ObjectIntPair               : loaded 2 times (x 69B)
Class org.jetbrains.kotlin.metadata.ProtoBuf$Class$1                                  : loaded 2 times (x 141B)
Class com.intellij.psi.PsiWildcardType                                                : loaded 2 times (x 109B)
Class com.intellij.psi.tree.ILightLazyParseableElementType                            : loaded 2 times (x 67B)
Class com.intellij.openapi.editor.ex.MarkupIterator                                   : loaded 2 times (x 67B)
Class [Lorg.jetbrains.kotlin.psi.KtEscapeStringTemplateEntry;                         : loaded 2 times (x 66B)
Class org.jetbrains.kotlin.psi.KtBlockCodeFragmentType                                : loaded 2 times (x 81B)
Class org.jetbrains.kotlin.psi.stubs.KotlinTypeParameterStub                          : loaded 2 times (x 67B)
Class org.jetbrains.kotlin.psi.stubs.KotlinPropertyStub                               : loaded 2 times (x 67B)
Class com.intellij.psi.stubs.NamedStub                                                : loaded 2 times (x 67B)
Class com.intellij.psi.impl.file.impl.FileAndContext                                  : loaded 2 times (x 69B)
Class kotlin.io.path.PathsKt__PathRecursiveFunctionsKt                                : loaded 2 times (x 68B)
Class com.intellij.lang.java.parser.BasicJavaParserUtil$ParserWrapper                 : loaded 2 times (x 67B)
Class com.intellij.lang.injection.InjectedLanguageManager                             : loaded 2 times (x 91B)
Class kotlinx.coroutines.scheduling.CoroutineScheduler$WorkerState                    : loaded 2 times (x 76B)
Class kotlinx.coroutines.scheduling.ParallelismCompensation                           : loaded 2 times (x 67B)
Class com.intellij.psi.search.ProjectScopeBuilder                                     : loaded 2 times (x 73B)
Class org.jetbrains.kotlin.load.kotlin.KotlinBinaryClassCache                         : loaded 2 times (x 72B)
Class com.fasterxml.aalto.in.Utf8Scanner                                              : loaded 2 times (x 145B)
Class com.intellij.psi.impl.source.JavaLightStubBuilder                               : loaded 2 times (x 77B)
Class com.intellij.psi.PsiReferenceProvider                                           : loaded 2 times (x 71B)
Class com.intellij.psi.impl.source.resolve.reference.ReferenceProvidersRegistryImpl   : loaded 2 times (x 72B)
Class com.intellij.openapi.util.ModificationTracker                                   : loaded 2 times (x 67B)
Class com.intellij.reference.SoftReference                                            : loaded 2 times (x 79B)
Class com.intellij.lang.LighterASTTokenNode                                           : loaded 2 times (x 67B)
Class com.intellij.psi.stubs.ManyProjectsStubIndexMismatch                            : loaded 2 times (x 84B)
Class com.intellij.psi.PsiAnnotationOwner                                             : loaded 2 times (x 67B)
Class com.android.tools.lint.detector.api.LintJavaUtils                               : loaded 2 times (x 68B)
Class com.intellij.util.messages.impl.ToDirectChildrenMessagePublisher                : loaded 2 times (x 74B)
Class com.android.tools.lint.checks.GetContentDescriptionOverrideDetector             : loaded 2 times (x 167B)
Class com.android.tools.lint.checks.ForegroundServiceTypesDetector                    : loaded 2 times (x 176B)
Class com.android.tools.lint.checks.AddJavascriptInterfaceDetector$Companion          : loaded 2 times (x 68B)
Class com.intellij.openapi.application.impl.ApplicationInfoImpl                       : loaded 2 times (x 122B)
Class com.intellij.psi.impl.source.tree.PsiPlainTextImpl                              : loaded 2 times (x 376B)
Class com.android.tools.lint.client.api.ConfigurationHierarchy$Companion$NONE$2       : loaded 2 times (x 154B)
Class build_7vw728zvqlxqih4io2ylr699h                                                 : loaded 2 times (x 177B)
Class org.jetbrains.kotlin.gradle.dsl.jvm.JvmTargetValidationMode                     : loaded 2 times (x 76B)
Class org.jetbrains.kotlin.gradle.plugin.BuildFinishedListenerService$Companion$registerIfAbsent$2$1: loaded 2 times (x 76B)
Class org.jetbrains.kotlin.gradle.plugin.KotlinTargetConfiguratorKt$WhenMappings      : loaded 2 times (x 68B)
Class com.google.common.collect.AbstractMapBasedMultimap$KeySet                       : loaded 2 times (x 134B)
Class com.google.common.collect.RegularImmutableSortedSet                             : loaded 2 times (x 297B)
Class org.jetbrains.kotlin.gradle.internal.KotlinTestDependencyManagementKt$configureKotlinTestDependency$1: loaded 2 times (x 76B)
Class org.jetbrains.kotlin.gradle.plugin.diagnostics.checkers.OverriddenKotlinNativeHomeChecker$StdlibExistenceCheckerValueSource$Params_Decorated: loaded 2 times (x 131B)
Class org.jetbrains.kotlin.project.model.LanguageSettings                             : loaded 2 times (x 67B)
Class org.jetbrains.kotlin.gradle.plugin.KotlinPluginLifecycleKt$kotlinPluginLifecycle$2: loaded 2 times (x 75B)
Class org.jetbrains.kotlin.gradle.plugin.statistics.BuildFusService$Companion$registerIfAbsent$1$1: loaded 2 times (x 76B)
Class org.jetbrains.kotlin.gradle.plugin.internal.CompatibilityConventionRegistrar$Factory: loaded 2 times (x 67B)
Class org.jetbrains.kotlin.analysis.api.platform.projectStructure.KaGlobalSearchScopeMerger: loaded 2 times (x 67B)
Class com.intellij.lang.impl.PsiBuilderImpl                                           : loaded 2 times (x 161B)
Class com.intellij.psi.impl.source.BasicJavaDocElementType$JavaDocLazyElementType     : loaded 2 times (x 85B)
Class com.intellij.psi.impl.java.stubs.PsiClassStub                                   : loaded 2 times (x 67B)
Class com.intellij.psi.impl.java.stubs.PsiRecordHeaderStub                            : loaded 2 times (x 67B)
Class com.intellij.psi.impl.java.stubs.PsiMemberStub                                  : loaded 2 times (x 67B)
Class kotlin.properties.ReadOnlyProperty                                              : loaded 2 times (x 67B)
Class com.intellij.lang.TreeBackedLighterAST                                          : loaded 2 times (x 74B)
Class [Lit.unimi.dsi.fastutil.objects.AbstractObject2ObjectMap;                       : loaded 2 times (x 66B)
Class com.intellij.util.text.ByteArrayCharSequence                                    : loaded 2 times (x 87B)
Class org.jetbrains.kotlin.psi.KtAnonymousInitializer                                 : loaded 2 times (x 67B)
Class com.intellij.psi.tree.ParentProviderElementType                                 : loaded 2 times (x 67B)
Class kotlinx.serialization.DeserializationStrategy                                   : loaded 2 times (x 67B)
Class com.intellij.psi.ClassFileViewProviderFactory                                   : loaded 2 times (x 71B)
Class kotlin.reflect.jvm.internal.impl.name.FqName$Companion                          : loaded 2 times (x 68B)
Class com.intellij.psi.search.ProjectAwareFileFilter                                  : loaded 2 times (x 67B)
Class com.intellij.codeInsight.multiverse.CodeInsightContextManagerImplKt             : loaded 2 times (x 68B)
Class kotlinx.coroutines.CopyableThreadContextElement                                 : loaded 2 times (x 67B)
Class com.intellij.ide.plugins.PluginContentDescriptor$Companion                      : loaded 2 times (x 68B)
Class com.intellij.ide.plugins.IdeaPluginDescriptor                                   : loaded 2 times (x 67B)
Class kotlinx.coroutines.BlockingEventLoop                                            : loaded 2 times (x 114B)
Class kotlin.coroutines.AbstractCoroutineContextElement                               : loaded 2 times (x 86B)
Class kotlinx.coroutines.ThreadLocalEventLoop                                         : loaded 2 times (x 68B)
Class com.intellij.psi.impl.PsiManagerEx                                              : loaded 2 times (x 121B)
Class com.intellij.psi.tree.IStubFileElementType                                      : loaded 2 times (x 105B)
Class com.intellij.openapi.progress.impl.CoreProgressManager$1                        : loaded 2 times (x 91B)
Class com.intellij.model.psi.PsiExternalReferenceHost                                 : loaded 2 times (x 67B)
Class com.intellij.core.CoreJobLauncher                                               : loaded 2 times (x 73B)
Class com.intellij.util.containers.CanonicalHashingStrategy                           : loaded 2 times (x 72B)
Class com.android.tools.lint.checks.TypoDetector$Companion                            : loaded 2 times (x 68B)
Class com.android.tools.lint.checks.TranslucentViewDetector                           : loaded 2 times (x 177B)
Class com.intellij.psi.PsiTypes                                                       : loaded 2 times (x 68B)
Class com.android.tools.lint.checks.SliceDetector$Companion                           : loaded 2 times (x 68B)
Class com.android.tools.lint.checks.ResourceTypeDetector$Companion                    : loaded 2 times (x 68B)
Class com.android.tools.lint.checks.RecyclerViewDetector$Companion                    : loaded 2 times (x 68B)
Class com.android.tools.lint.checks.PrivateKeyDetector                                : loaded 2 times (x 145B)
Class com.android.tools.lint.checks.OverdrawDetector                                  : loaded 2 times (x 177B)
Class com.android.tools.lint.detector.api.BooleanOption                               : loaded 2 times (x 73B)
Class com.android.tools.lint.checks.ApiDetector$Companion                             : loaded 2 times (x 68B)
Class kotlin.random.Random$Default                                                    : loaded 2 times (x 83B)
Class org.jetbrains.kotlin.gradle.plugin.mpp.KotlinMetadataTarget                     : loaded 2 times (x 164B)
Class com.google.common.collect.MapMakerInternalMap$InternalEntry                     : loaded 2 times (x 67B)
Class [Lcom.google.common.collect.HashBiMap$BiEntry;                                  : loaded 2 times (x 66B)
Class org.jetbrains.kotlin.gradle.plugin.diagnostics.CheckKotlinGradlePluginConfigurationErrorsKt$locateOrRegisterCheckKotlinGradlePluginErrorsTask$taskProvider$1$1: loaded 2 times (x 72B)
Class org.jetbrains.kotlin.gradle.plugin.mpp.InternalKotlinCompilation$DefaultImpls   : loaded 2 times (x 68B)
Class org.jetbrains.kotlin.gradle.plugin.mpp.compilationImpl.KotlinCompilationSourceSetInclusion$DefaultAddSourcesToCompileTask: loaded 2 times (x 71B)
Class org.jetbrains.kotlin.gradle.internal.KotlinTestDependencyManagementKt$configureKotlinTestDependency$2: loaded 2 times (x 72B)
Class org.jetbrains.kotlin.gradle.dsl.PlatformSourceSetConventionsChecker$runChecks$$inlined$CheckedPlatformInfo$default$1: loaded 2 times (x 75B)
Class [Lorg.jetbrains.kotlin.gradle.plugin.KotlinPluginLifecycle$Stage;               : loaded 2 times (x 66B)
Class org.jetbrains.kotlin.gradle.artifacts.KotlinTargetArtifact$Companion            : loaded 2 times (x 68B)
Class org.jetbrains.kotlin.gradle.plugin.mpp.compilationImpl.KotlinCreateLifecycleTasksSideEffectKt$KotlinCreateLifecycleTasksSideEffect$1: loaded 2 times (x 71B)
Class org.jetbrains.kotlin.gradle.targets.metadata.KotlinMetadataTargetConfiguratorKt$metadataCompilationsCreated$2: loaded 2 times (x 75B)
Class org.jetbrains.kotlin.gradle.dsl.KotlinGradlePluginDsl                           : loaded 2 times (x 67B)
Class org.jetbrains.kotlin.tooling.core.MutableExtras                                 : loaded 2 times (x 67B)
Class org.jetbrains.kotlin.gradle.plugin.KotlinGradleBuildServices$detectKotlinPluginLoadedInMultipleProjects$onRegister$1: loaded 2 times (x 76B)
Class com.google.common.collect.ImmutableMapEntry                                     : loaded 2 times (x 82B)
Class org.jetbrains.kotlin.analysis.api.platform.permissions.KaAnalysisPermissionChecker$Companion: loaded 2 times (x 68B)
Class org.jetbrains.kotlin.fir.extensions.FirExtensionRegistrarAdapter                : loaded 2 times (x 68B)
Class com.intellij.lang.java.parser.PatternParser                                     : loaded 2 times (x 73B)
Class com.intellij.lang.impl.MarkerPool                                               : loaded 2 times (x 69B)
Class org.jetbrains.kotlin.metadata.ProtoBuf$TypeParameterOrBuilder                   : loaded 2 times (x 67B)
Class org.jetbrains.kotlin.metadata.ProtoBuf$Property                                 : loaded 2 times (x 169B)
Class org.jetbrains.kotlin.psi.KtEscapeStringTemplateEntry                            : loaded 2 times (x 444B)
Class org.jetbrains.kotlin.psi.KotlinStringLiteralTextEscaper                         : loaded 2 times (x 73B)
Class org.jetbrains.kotlin.psi.KtContextReceiver                                      : loaded 2 times (x 442B)
Class [Lorg.jetbrains.kotlin.psi.KtQualifiedExpression;                               : loaded 2 times (x 66B)
Class org.jetbrains.kotlin.lexer.KtSingleValueToken                                   : loaded 2 times (x 74B)
Class [Lorg.jetbrains.kotlin.psi.KtClass;                                             : loaded 2 times (x 66B)
Class com.intellij.openapi.vfs.VfsUtilCore$1                                          : loaded 2 times (x 73B)
Class com.intellij.psi.impl.JavaClassSupersImpl                                       : loaded 2 times (x 70B)
Class kotlinx.coroutines.CompletionStateKt                                            : loaded 2 times (x 68B)
Class com.intellij.psi.JavaElementVisitor                                             : loaded 2 times (x 204B)
Class com.intellij.psi.PsiPackage                                                     : loaded 2 times (x 67B)
Class com.intellij.psi.stubs.ObjectStubSerializer                                     : loaded 2 times (x 67B)
Class com.intellij.util.containers.ConcurrentLongObjectMap$LongEntry                  : loaded 2 times (x 67B)
Class com.intellij.openapi.progress.impl.CoreProgressManager$2                        : loaded 2 times (x 91B)
Class com.intellij.util.CharTable                                                     : loaded 2 times (x 67B)
Class com.intellij.openapi.application.ex.ApplicationEx                               : loaded 2 times (x 67B)
Class org.jetbrains.kotlin.config.LanguageVersionSettingsImpl                         : loaded 2 times (x 80B)
Class com.intellij.util.containers.ConcurrentWeakValueHashMap                         : loaded 2 times (x 146B)
Class com.android.tools.lint.checks.SharedPrefsDetector                               : loaded 2 times (x 167B)
Class org.jetbrains.kotlin.name.FqName                                                : loaded 2 times (x 69B)
Class com.android.tools.lint.checks.NamespaceDetector$Companion                       : loaded 2 times (x 68B)
Class com.android.tools.lint.checks.LabelForDetector$Companion                        : loaded 2 times (x 68B)
Class com.android.tools.lint.checks.DateFormatDetector                                : loaded 2 times (x 167B)
Class com.intellij.psi.impl.source.resolve.PsiResolveHelperImpl$1                     : loaded 2 times (x 111B)
Class org.jetbrains.kotlin.resolve.jvm.KotlinCliJavaFileManager                       : loaded 2 times (x 67B)
Class com.intellij.psi.impl.source.tree.JavaElementType$JavaCompositeElementType      : loaded 2 times (x 80B)
Class org.jetbrains.kotlin.build.report.metrics.DoNothingBuildMetricsReporter         : loaded 2 times (x 83B)
Class com.google.common.collect.ImmutableMultimap                                     : loaded 2 times (x 144B)
Class com.google.common.base.Predicates                                               : loaded 2 times (x 68B)
Class org.jetbrains.kotlin.gradle.plugin.diagnostics.CheckKotlinGradlePluginConfigurationErrorsKt$locateOrRegisterCheckKotlinGradlePluginErrorsTask$taskProvider$1$2: loaded 2 times (x 71B)
Class org.jetbrains.kotlin.gradle.tasks.CompileUsingKotlinDaemon                      : loaded 2 times (x 67B)
Class org.jetbrains.kotlin.gradle.plugin.mpp.KotlinWithJavaTarget                     : loaded 2 times (x 163B)
Class org.jetbrains.kotlin.gradle.plugin.mpp.compilationImpl.KotlinCreateNativeCompileTasksSideEffectKt$special$$inlined$KotlinCompilationSideEffect$1: loaded 2 times (x 71B)
Class org.jetbrains.kotlin.gradle.targets.KotlinTargetSideEffect$Companion            : loaded 2 times (x 68B)
Class org.jetbrains.kotlin.gradle.dsl.KotlinSingleJavaTargetExtension                 : loaded 2 times (x 121B)
Class org.jetbrains.kotlin.gradle.utils.StoredPropertyKt$extrasStoredProperty$1       : loaded 2 times (x 75B)
Class org.jetbrains.kotlin.gradle.plugin.KotlinPluginLifecycle$IllegalLifecycleException: loaded 2 times (x 79B)
Class org.jetbrains.kotlin.gradle.internal.properties.NativePropertiesLoader$userProvidedNativeHome$1: loaded 2 times (x 72B)
Class org.jetbrains.kotlin.gradle.plugin.KotlinGradleFinishBuildHandler               : loaded 2 times (x 69B)
Class [Lorg.jetbrains.kotlin.build.report.metrics.BuildPerformanceMetric;             : loaded 2 times (x 66B)
Class org.jetbrains.kotlin.statistics.metrics.StringOverridePolicy$CONCAT             : loaded 2 times (x 82B)
Class org.jetbrains.kotlin.gradle.dsl.KotlinTopLevelExtension                         : loaded 2 times (x 67B)
Class com.google.common.base.Equivalence                                              : loaded 2 times (x 79B)
Class com.google.common.collect.ImmutableMapEntry$NonTerminalImmutableMapEntry        : loaded 2 times (x 82B)
Class org.jetbrains.kotlin.analysis.api.platform.KotlinMessageBusProvider             : loaded 2 times (x 67B)
Class com.intellij.psi.tree.java.IJavaDocElementType                                  : loaded 2 times (x 72B)
Class org.jetbrains.kotlin.metadata.ProtoBuf$TypeTable                                : loaded 2 times (x 106B)
Class org.jetbrains.kotlin.protobuf.MessageLiteOrBuilder                              : loaded 2 times (x 67B)
Class com.intellij.psi.PsiUsesStatement                                               : loaded 2 times (x 67B)
Class com.intellij.psi.impl.source.tree.JavaElementType                               : loaded 2 times (x 67B)
Class org.jetbrains.kotlin.psi.stubs.KotlinConstantExpressionStub                     : loaded 2 times (x 67B)
Class org.jetbrains.kotlin.psi.KtImportAlias                                          : loaded 2 times (x 559B)
Class [Lorg.jetbrains.kotlin.psi.KtTypeParameter;                                     : loaded 2 times (x 66B)
Class com.intellij.psi.impl.java.stubs.JavaStubElementTypes                           : loaded 2 times (x 67B)
Class com.intellij.openapi.vfs.VirtualFileVisitor$Option$LimitOption                  : loaded 2 times (x 68B)
Class com.intellij.openapi.vfs.VfsUtilCore$2                                          : loaded 2 times (x 73B)
Class [Lcom.intellij.openapi.vfs.impl.ArchiveHandler$EntryInfo;                       : loaded 2 times (x 66B)
Class com.intellij.psi.util.CachedValuesManager                                       : loaded 2 times (x 79B)
Class kotlinx.coroutines.CancellableContinuationImpl                                  : loaded 2 times (x 125B)
Class kotlinx.coroutines.channels.BufferedChannelKt                                   : loaded 2 times (x 68B)
Class kotlinx.coroutines.flow.internal.ChannelFlow$collectToFun$1                     : loaded 2 times (x 92B)
Class kotlinx.coroutines.flow.internal.NopCollector                                   : loaded 2 times (x 71B)
Class kotlinx.coroutines.CoroutineDispatcher$Key$1                                    : loaded 2 times (x 75B)
Class kotlinx.coroutines.CoroutineDispatcher                                          : loaded 2 times (x 96B)
Class com.intellij.psi.tree.IFileElementType                                          : loaded 2 times (x 81B)
Class com.intellij.lexer.EmptyLexer                                                   : loaded 2 times (x 81B)
Class com.intellij.openapi.fileTypes.LanguageFileType                                 : loaded 2 times (x 90B)
Class com.intellij.openapi.progress.impl.CoreProgressManager$3                        : loaded 2 times (x 98B)
Class com.intellij.openapi.fileTypes.UnknownFileType                                  : loaded 2 times (x 80B)
Class com.intellij.openapi.fileTypes.EmptyFileTypeRegistry                            : loaded 2 times (x 78B)
Class com.intellij.util.messages.impl.MessageBusFactoryImpl                           : loaded 2 times (x 69B)
Class it.unimi.dsi.fastutil.objects.AbstractReference2ObjectMap                       : loaded 2 times (x 173B)
Class org.jetbrains.kotlin.protobuf.LazyStringArrayList                               : loaded 2 times (x 277B)
Class com.android.tools.lint.checks.WearPasswordInputDetector                         : loaded 2 times (x 176B)
Class com.intellij.psi.PsiQualifiedNamedElement                                       : loaded 2 times (x 67B)
Class org.jetbrains.kotlin.name.ClassId$Companion                                     : loaded 2 times (x 68B)
Class com.android.tools.lint.checks.ItemDecoratorDetector                             : loaded 2 times (x 167B)
Class com.android.tools.lint.checks.DeprecationDetector$Companion                     : loaded 2 times (x 68B)
Class [Lcom.intellij.pom.java.JavaFeature;                                            : loaded 2 times (x 66B)
Class com.android.tools.lint.client.api.Vendor                                        : loaded 2 times (x 69B)
Class org.jetbrains.kotlin.resolve.jvm.modules.JavaModuleResolver$SERVICE             : loaded 2 times (x 68B)
Class org.jetbrains.kotlin.analysis.api.platform.projectStructure.KaContentScopeProvider: loaded 2 times (x 67B)
Class org.jetbrains.kotlin.gradle.plugin.ProjectLocalConfigurationsKt                 : loaded 2 times (x 68B)
Class org.jetbrains.kotlin.gradle.plugin.mpp.compilationImpl.factory.KotlinCompilationImplFactory: loaded 2 times (x 69B)
Class org.jetbrains.kotlin.gradle.internal.KotlinDomApiDependencyManagementKt$addKotlinDomApiDependency$1: loaded 2 times (x 72B)
Class org.jetbrains.kotlin.gradle.plugin.diagnostics.checkers.KotlinTargetAlreadyDeclaredChecker$runChecks$1: loaded 2 times (x 85B)
Class org.jetbrains.kotlin.gradle.plugin.mpp.KotlinTargetWithBinaries                 : loaded 2 times (x 160B)
Class [Lorg.jetbrains.kotlin.gradle.plugin.KotlinSourceSet;                           : loaded 2 times (x 66B)
Class org.jetbrains.kotlin.gradle.plugin.diagnostics.checkers.JsEnvironmentChecker$1  : loaded 2 times (x 75B)
Class org.jetbrains.kotlin.gradle.plugin.diagnostics.KotlinToolingDiagnostics$JsLikeEnvironmentNotChosenExplicitly: loaded 2 times (x 70B)
Class org.jetbrains.kotlin.gradle.plugin.KotlinTargetsContainerWithPresets            : loaded 2 times (x 67B)
Class org.jetbrains.kotlin.gradle.utils.StoredLazyProperty$getValue$1                 : loaded 2 times (x 76B)
Class org.jetbrains.kotlin.statistics.metrics.IMetricContainerFactory                 : loaded 2 times (x 67B)
Class org.jetbrains.kotlin.statistics.MetricValueValidationFailed                     : loaded 2 times (x 79B)
Class org.jetbrains.kotlin.gradle.plugin.PropertiesProvider$localProperties$2         : loaded 2 times (x 76B)
Class com.google.common.collect.IndexedImmutableSet$1                                 : loaded 2 times (x 210B)
Class com.google.common.cache.CacheBuilder$OneWeigher                                 : loaded 2 times (x 79B)
Class com.google.common.collect.RegularImmutableList                                  : loaded 2 times (x 210B)
Class org.gradle.internal.classloader.DefaultClassLoaderFactory                       : loaded 2 times (x 79B)
Class com.google.common.base.Suppliers                                                : loaded 2 times (x 68B)
Class com.intellij.psi.PsiDocCommentBase                                              : loaded 2 times (x 67B)
Class com.intellij.psi.impl.source.BasicElementTypes                                  : loaded 2 times (x 67B)
Class org.jetbrains.kotlin.metadata.ProtoBuf$AnnotationOrBuilder                      : loaded 2 times (x 67B)
Class org.jetbrains.kotlin.protobuf.WireFormat$FieldType                              : loaded 2 times (x 80B)
Class com.intellij.psi.PsiRecordComponent                                             : loaded 2 times (x 67B)
Class org.jetbrains.kotlin.psi.stubs.elements.KtBlockStringTemplateEntryElementType   : loaded 2 times (x 97B)
Class org.jetbrains.kotlin.psi.stubs.elements.KtFunctionTypeElementType               : loaded 2 times (x 97B)
Class [Lorg.jetbrains.kotlin.psi.KtFunction;                                          : loaded 2 times (x 66B)
Class org.jetbrains.kotlin.psi.KtTypeParameterListOwnerStub                           : loaded 2 times (x 995B)
Class [Lcom.google.common.cache.CacheBuilder$OneWeigher;                              : loaded 2 times (x 66B)
Class com.intellij.psi.impl.JavaPsiImplementationHelper                               : loaded 2 times (x 77B)
Class com.intellij.psi.PsiExpression                                                  : loaded 2 times (x 67B)
Class com.intellij.psi.impl.PsiParameterizedCachedValue                               : loaded 2 times (x 91B)
Class com.intellij.psi.impl.PsiDocumentManagerBase$3                                  : loaded 2 times (x 81B)
Class com.intellij.openapi.util.NotNullFactory                                        : loaded 2 times (x 67B)
Class com.intellij.psi.util.PsiModificationTracker$Listener                           : loaded 2 times (x 67B)
Class com.intellij.core.CorePackageIndex                                              : loaded 2 times (x 74B)
Class com.intellij.core.JavaCoreProjectEnvironment                                    : loaded 2 times (x 85B)
Class org.codehaus.stax2.ri.typed.ValueDecoderFactory$LongDecoder                     : loaded 2 times (x 81B)
Class com.intellij.psi.impl.source.javadoc.PsiDocTagValueImpl                         : loaded 2 times (x 458B)
Class kotlinx.collections.immutable.ImmutableCollection                               : loaded 2 times (x 67B)
Class com.intellij.openapi.editor.ReadOnlyModificationException                       : loaded 2 times (x 79B)
Class com.intellij.openapi.vfs.impl.ZipHandler                                        : loaded 2 times (x 84B)
Class com.intellij.util.messages.impl.RootBus                                         : loaded 2 times (x 111B)
Class com.intellij.util.keyFMap.EmptyFMap                                             : loaded 2 times (x 78B)
Class [Lcom.intellij.diagnostic.LoadingState;                                         : loaded 2 times (x 66B)
Class com.intellij.util.containers.RefHashMap$Key                                     : loaded 2 times (x 67B)
Class com.android.tools.lint.checks.SystemPermissionsDetector                         : loaded 2 times (x 151B)
Class [Lcom.intellij.psi.PsiType;                                                     : loaded 2 times (x 66B)
Class [Lcom.intellij.psi.PsiAnnotationOwner;                                          : loaded 2 times (x 66B)
Class com.android.tools.lint.checks.PendingIntentMutableFlagDetector$Companion        : loaded 2 times (x 68B)
Class com.android.tools.lint.checks.ManifestDetector                                  : loaded 2 times (x 152B)
Class com.android.tools.lint.checks.InvalidImeActionIdDetector                        : loaded 2 times (x 151B)
Class com.android.tools.lint.checks.ExportedFlagDetector                              : loaded 2 times (x 151B)
Class com.android.tools.lint.checks.ByteOrderMarkDetector$Issues                      : loaded 2 times (x 68B)
Class org.objectweb.asm.MethodTooLargeException                                       : loaded 2 times (x 80B)
Class org.jetbrains.kotlin.gradle.internal.properties.PropertiesBuildService$MemoizedCallable$value$2: loaded 2 times (x 76B)
Class [Lorg.jetbrains.kotlin.statistics.ValueAnonymizer;                              : loaded 2 times (x 66B)
Class org.jetbrains.kotlin.gradle.plugin.KotlinGradleBuildServices                    : loaded 2 times (x 77B)
Class org.jetbrains.kotlin.gradle.targets.native.toolchain.KotlinNativeBundleBuildService: loaded 2 times (x 74B)
Class org.gradle.kotlin.dsl.Accessors7y9hz5zm5pocrb21isjhik2uhKt                      : loaded 2 times (x 68B)
Class com.google.common.collect.ImmutableSortedMap                                    : loaded 2 times (x 214B)
Class org.jetbrains.kotlin.statistics.BuildSessionLogger$Companion$listProfileFiles$lambda$3$$inlined$sortedBy$1: loaded 2 times (x 86B)
Class org.jetbrains.kotlin.gradle.plugin.mpp.compilationImpl.DefaultKotlinCompilationFriendPathsResolver$resolveFriendPaths$1$1: loaded 2 times (x 76B)
Class org.jetbrains.kotlin.build.report.metrics.BuildMetricsReporterImpl              : loaded 2 times (x 95B)
Class org.jetbrains.kotlin.gradle.tasks.configuration.KaptGenerateStubsConfig         : loaded 2 times (x 69B)
Class org.jetbrains.kotlin.gradle.tasks.configuration.BaseKotlinCompileConfig$1$classpathConfiguration$jvmToolchain$1: loaded 2 times (x 71B)
Class org.jetbrains.kotlin.gradle.targets.js.npm.SemVer                               : loaded 2 times (x 72B)
Class org.jetbrains.kotlin.gradle.plugin.diagnostics.checkers.JsEnvironmentChecker$2  : loaded 2 times (x 75B)
Class org.jetbrains.kotlin.gradle.utils.WhenPluginEnabledKt$whenPluginsEnabled$1      : loaded 2 times (x 72B)
Class org.jetbrains.kotlin.gradle.tasks.AbstractKotlinCompileTool                     : loaded 2 times (x 363B)
Class [Lorg.jetbrains.kotlin.gradle.report.BuildReportType;                           : loaded 2 times (x 66B)
Class org.jetbrains.kotlin.gradle.plugin.statistics.KotlinBuildStatsConfiguration     : loaded 2 times (x 69B)
Class org.jetbrains.kotlin.gradle.internal.properties.PropertiesBuildService$localProperties$2: loaded 2 times (x 76B)
Class org.gradle.internal.classloader.ClasspathUtil                                   : loaded 2 times (x 68B)
Class org.jetbrains.kotlin.resolve.jvm.KotlinJavaPsiFacade$KotlinPsiElementFinderWrapper: loaded 2 times (x 67B)
Class [Lorg.jetbrains.kotlin.metadata.ProtoBuf$TypeParameter$Variance;                : loaded 2 times (x 66B)
Class org.jetbrains.kotlin.metadata.ProtoBuf$Constructor                              : loaded 2 times (x 127B)
Class org.jetbrains.kotlin.analysis.api.platform.projectStructure.KotlinProjectStructureProviderBase: loaded 2 times (x 79B)
Class [Lorg.jetbrains.kotlin.psi.KtStringInterpolationPrefix;                         : loaded 2 times (x 66B)
Class org.jetbrains.kotlin.psi.KtContractEffectList                                   : loaded 2 times (x 442B)
Class [Lorg.jetbrains.kotlin.psi.KtNamed;                                             : loaded 2 times (x 66B)
Class [Lcom.intellij.psi.StubBasedPsiElement;                                         : loaded 2 times (x 66B)
Class com.intellij.psi.impl.source.SubstrateRef                                       : loaded 2 times (x 73B)
Class com.intellij.openapi.extensions.ExtensionPointUtil                              : loaded 2 times (x 68B)
Class com.intellij.openapi.vfs.impl.jar.CoreJarVirtualFile                            : loaded 2 times (x 152B)
Class com.intellij.openapi.util.KeyedExtensionCollector$MyExtensionPointListener      : loaded 2 times (x 76B)
Class org.jetbrains.kotlin.gradle.targets.native.toolchain.KotlinNativeBundleBuildService$Parameters: loaded 2 times (x 67B)
Class it.unimi.dsi.fastutil.objects.ObjectArraySet                                    : loaded 2 times (x 178B)
Class com.intellij.openapi.application.TransactionGuard                               : loaded 2 times (x 75B)
Class kotlin.collections.builders.SetBuilder                                          : loaded 2 times (x 140B)
Class org.codehaus.stax2.typed.TypedValueDecoder                                      : loaded 2 times (x 71B)
Class com.fasterxml.aalto.in.MergedStream                                             : loaded 2 times (x 89B)
Class com.intellij.ide.plugins.DataLoader                                             : loaded 2 times (x 67B)
Class kotlinx.coroutines.NonDisposableHandle                                          : loaded 2 times (x 75B)
Class com.intellij.ide.plugins.PluginDescriptorLoader                                 : loaded 2 times (x 68B)
Class com.intellij.lang.folding.FoldingBuilder                                        : loaded 2 times (x 67B)
Class com.intellij.psi.impl.PsiExpressionEvaluator                                    : loaded 2 times (x 72B)
Class kotlinx.collections.immutable.implementations.immutableList.AbstractListIterator: loaded 2 times (x 95B)
Class com.intellij.codeInsight.highlighting.PassRunningAssert                         : loaded 2 times (x 69B)
Class com.intellij.util.containers.RefHashMap                                         : loaded 2 times (x 124B)
Class it.unimi.dsi.fastutil.objects.ObjectSortedSet                                   : loaded 2 times (x 67B)
Class org.jetbrains.kotlin.gradle.tasks.DefaultKotlinJavaToolchain                    : loaded 2 times (x 74B)
Class com.android.tools.lint.checks.UncaughtExceptionHandlerDetector                  : loaded 2 times (x 168B)
Class com.android.tools.lint.checks.SecretDetector                                    : loaded 2 times (x 167B)
Class com.android.tools.lint.checks.ProguardDetector                                  : loaded 2 times (x 138B)
Class org.jetbrains.kotlin.gradle.tasks.DefaultKotlinJavaToolchain$Companion          : loaded 2 times (x 68B)
Class org.kxml2.io.KXmlParser                                                         : loaded 2 times (x 146B)
Class build_7vw728zvqlxqih4io2ylr699h$_run_closure1                                   : loaded 2 times (x 136B)
Class org.jetbrains.kotlin.gradle.dsl.KotlinCompile                                   : loaded 2 times (x 67B)
Class org.jetbrains.kotlin.gradle.plugin.mpp.compilationImpl.DefaultKotlinCompilationFriendPathsResolver$DefaultFriendArtifactResolver: loaded 2 times (x 71B)
Class org.jetbrains.kotlin.gradle.plugin.diagnostics.checkers.InternalGradlePropertiesUsageChecker$runChecks$1: loaded 2 times (x 85B)
Class org.jetbrains.kotlin.gradle.utils.StringUtilsKt$lowerCamelCaseName$1            : loaded 2 times (x 122B)
Class org.jetbrains.kotlin.gradle.plugin.diagnostics.checkers.JsEnvironmentChecker$3  : loaded 2 times (x 75B)
Class org.jetbrains.kotlin.gradle.artifacts.KotlinLegacyMetadataArtifactKt            : loaded 2 times (x 68B)
Class org.jetbrains.kotlin.gradle.dsl.JvmTarget$Companion                             : loaded 2 times (x 68B)
Class org.jetbrains.kotlin.gradle.internal.properties.NativePropertiesLoader$downloadFromMaven$1: loaded 2 times (x 72B)
Class org.jetbrains.kotlin.gradle.plugin.internal.DefaultConfigurationCacheStartParameterAccessor_Decorated: loaded 2 times (x 122B)
Class org.jetbrains.kotlin.gradle.plugin.internal.DefaultConfigurationCacheStartParameterAccessor: loaded 2 times (x 74B)
Class org.jetbrains.kotlin.tooling.core.HasExtras                                     : loaded 2 times (x 67B)
Class com.google.common.util.concurrent.Uninterruptibles                              : loaded 2 times (x 68B)
Class com.intellij.psi.impl.source.tree.JavaDocElementType$1                          : loaded 2 times (x 95B)
Class com.intellij.psi.impl.DebugUtil$1                                               : loaded 2 times (x 77B)
Class org.jetbrains.kotlin.metadata.ProtoBuf$VersionRequirementTableOrBuilder         : loaded 2 times (x 67B)
Class com.intellij.psi.impl.cache.TypeInfo$SimpleTypeInfo                             : loaded 2 times (x 77B)
Class com.intellij.psi.impl.java.stubs.JavaPackageAccessibilityStatementElementType   : loaded 2 times (x 112B)
Class com.intellij.openapi.fileEditor.impl.LoadTextUtil                               : loaded 2 times (x 68B)
Class com.intellij.openapi.project.ProjectLocator                                     : loaded 2 times (x 70B)
Class com.intellij.psi.TokenType$1                                                    : loaded 2 times (x 72B)
Class [Lorg.jetbrains.kotlin.psi.KtAnnotationUseSiteTarget;                           : loaded 2 times (x 66B)
Class org.jetbrains.kotlin.psi.KtClassInitializer                                     : loaded 2 times (x 783B)
Class [Lcom.intellij.extapi.psi.ASTDelegatePsiElement;                                : loaded 2 times (x 66B)
Class com.intellij.util.ObjectUtilsRt                                                 : loaded 2 times (x 68B)
Class org.jetbrains.kotlin.gradle.plugin.sources.DefaultKotlinSourceSet$MetadataDependencyTransformation: loaded 2 times (x 69B)
Class com.google.common.base.Platform$JdkPatternCompiler                              : loaded 2 times (x 72B)
Class org.jetbrains.kotlin.gradle.plugin.KotlinPluginLifecycle$ProjectConfigurationResult$Failure: loaded 2 times (x 69B)
Class com.google.common.collect.MapMakerInternalMap$Strength                          : loaded 2 times (x 77B)
Class com.google.common.collect.MapMakerInternalMap$StrongKeyDummyValueEntry$LinkedStrongKeyDummyValueEntry: loaded 2 times (x 79B)
Class com.intellij.psi.impl.JavaPsiFacadeImpl                                         : loaded 2 times (x 86B)
Class kotlinx.coroutines.scheduling.WorkQueue                                         : loaded 2 times (x 69B)
Class [Lkotlinx.coroutines.channels.BufferOverflow;                                   : loaded 2 times (x 66B)
Class org.jetbrains.kotlin.analysis.decompiler.stub.file.FileAttributeService         : loaded 2 times (x 67B)
Class com.fasterxml.aalto.in.AttributeCollector                                       : loaded 2 times (x 69B)
Class org.codehaus.stax2.DTDInfo                                                      : loaded 2 times (x 67B)
Class com.fasterxml.aalto.in.ReaderScanner                                            : loaded 2 times (x 135B)
Class com.intellij.core.CoreJavaDirectoryService                                      : loaded 2 times (x 83B)
Class com.intellij.psi.impl.PsiSubstitutorFactoryImpl                                 : loaded 2 times (x 71B)
Class com.intellij.psi.stubs.IndexSink                                                : loaded 2 times (x 67B)
Class [Lcom.intellij.openapi.util.UserDataHolderEx;                                   : loaded 2 times (x 66B)
Class com.intellij.openapi.command.CommandProcessor                                   : loaded 2 times (x 88B)
Class it.unimi.dsi.fastutil.ints.IntList                                              : loaded 2 times (x 67B)
Class com.intellij.util.containers.FastUtilHashingStrategies$1                        : loaded 2 times (x 76B)
Class com.intellij.util.keyFMap.DebugFMap                                             : loaded 2 times (x 79B)
Class com.intellij.util.concurrency.SynchronizedClearableLazy$Companion               : loaded 2 times (x 68B)
Class org.jetbrains.kotlin.cli.jvm.compiler.IdeaStandaloneExecutionSetup              : loaded 2 times (x 68B)
Class com.intellij.openapi.util.ObjectNode$1                                          : loaded 2 times (x 80B)
Class com.android.tools.lint.Main$1                                                   : loaded 2 times (x 68B)
Class org.jetbrains.uast.UVariable                                                    : loaded 2 times (x 67B)
Class com.android.tools.lint.checks.SdkIntDetector                                    : loaded 2 times (x 167B)
Class com.android.tools.lint.checks.SamDetector                                       : loaded 2 times (x 167B)
Class com.android.tools.lint.checks.PropertyFileDetector$Companion                    : loaded 2 times (x 68B)
Class com.android.tools.lint.checks.LintDetectorDetector                              : loaded 2 times (x 170B)
Class com.android.tools.lint.checks.LeanbackWifiUsageDetector                         : loaded 2 times (x 151B)
Class com.android.tools.lint.checks.AbstractAnnotationDetector                        : loaded 2 times (x 167B)
Class com.android.tools.lint.detector.api.Location                                    : loaded 2 times (x 82B)
Class com.android.utils.StdLogger                                                     : loaded 2 times (x 83B)
Class com.android.tools.lint.client.api.LintRequest                                   : loaded 2 times (x 73B)
Class build_6ni0y2vfb87rg9lxkk3zziybi                                                 : loaded 2 times (x 177B)
Class com.google.common.collect.AbstractMapBasedMultimap$WrappedSet                   : loaded 2 times (x 139B)
Class com.google.common.io.CharSource                                                 : loaded 2 times (x 82B)
Class org.jetbrains.kotlin.statistics.metrics.ConcatMetricContainer$Companion         : loaded 2 times (x 68B)
Class org.jetbrains.kotlin.gradle.plugin.KotlinCompilationInfo$TCS$friendPaths$1      : loaded 2 times (x 76B)
Class org.jetbrains.kotlin.gradle.plugin.sources.DefaultLanguageSettingsBuilder$freeCompilerArgsProvider$1: loaded 2 times (x 92B)
Class org.jetbrains.kotlin.konan.target.HostManager$Companion                         : loaded 2 times (x 68B)
Class org.jetbrains.kotlin.gradle.targets.js.npm.DevNpmDependencyExtension            : loaded 2 times (x 67B)
Class org.jetbrains.kotlin.gradle.plugin.diagnostics.checkers.PreHmppDependenciesUsageChecker: loaded 2 times (x 71B)
Class org.jetbrains.kotlin.gradle.targets.CreateArtifactsSideEffectKt                 : loaded 2 times (x 68B)
Class org.jetbrains.kotlin.gradle.plugin.AbstractKotlinMultiplatformPluginWrapper     : loaded 2 times (x 83B)
Class org.jetbrains.kotlin.gradle.utils.GradleConfigurationUtilsKt$addGradlePluginMetadataAttributes$1: loaded 2 times (x 72B)
Class org.jetbrains.kotlin.gradle.plugin.internal.DefaultProjectIsolationStartParameterAccessor: loaded 2 times (x 74B)
Class com.google.common.util.concurrent.LazyLogger                                    : loaded 2 times (x 69B)
Class org.gradle.api.specs.Spec                                                       : loaded 2 times (x 67B)
Class com.android.tools.lint.checks.IntentDetector$Companion                          : loaded 2 times (x 68B)
Class com.intellij.psi.impl.file.PsiPackageBase                                       : loaded 2 times (x 417B)
Class com.intellij.psi.impl.source.PsiJavaCodeReferenceElementImpl                    : loaded 2 times (x 695B)
Class com.intellij.lang.impl.PsiBuilderImpl$TokenRange                                : loaded 2 times (x 92B)
Class com.intellij.pom.java.JavaFeature$1                                             : loaded 2 times (x 83B)
Class org.jetbrains.kotlin.protobuf.ProtocolStringList                                : loaded 2 times (x 67B)
Class com.intellij.psi.impl.java.stubs.JavaNameValuePairType                          : loaded 2 times (x 106B)
Class com.intellij.openapi.extensions.ProjectExtensionPointName                       : loaded 2 times (x 69B)
Class [Lorg.jetbrains.kotlin.psi.KtTypeArgumentList;                                  : loaded 2 times (x 66B)
Class [Lorg.jetbrains.kotlin.psi.KtPackageDirective;                                  : loaded 2 times (x 66B)
Class org.jetbrains.kotlin.psi.stubs.elements.KtImportAliasElementType                : loaded 2 times (x 97B)
Class [Lorg.jetbrains.kotlin.psi.KtAnnotationsContainer;                              : loaded 2 times (x 66B)
Class com.intellij.util.containers.ContainerUtil$Options                              : loaded 2 times (x 68B)
Class kotlinx.serialization.internal.LinkedHashMapSerializer                          : loaded 2 times (x 93B)
Class com.android.tools.lint.checks.JavaPerformanceDetector$PerformanceVisitor        : loaded 2 times (x 124B)
Class com.android.tools.lint.checks.StringFormatDetector$Companion                    : loaded 2 times (x 68B)
Class org.jetbrains.kotlin.config.JvmTarget$Companion                                 : loaded 2 times (x 68B)
Class com.intellij.psi.impl.source.PsiFileImpl                                        : loaded 2 times (x 723B)
Class com.intellij.psi.search.ProjectScopeImpl                                        : loaded 2 times (x 96B)
Class com.intellij.psi.impl.PsiModificationTrackerImpl$1                              : loaded 2 times (x 75B)
Class com.intellij.util.containers.LockFreeCopyOnWriteArrayList                       : loaded 2 times (x 194B)
Class com.intellij.lang.LanguageExtension                                             : loaded 2 times (x 93B)
Class [Lcom.fasterxml.aalto.in.ByteBasedPNameTable$Bucket;                            : loaded 2 times (x 66B)
Class com.intellij.util.pico.PicoInitializationException                              : loaded 2 times (x 79B)
Class com.intellij.diagnostic.PluginException                                         : loaded 2 times (x 82B)
Class com.intellij.util.messages.impl.MessageBusImpl                                  : loaded 2 times (x 104B)
Class com.intellij.openapi.util.ClassExtension                                        : loaded 2 times (x 83B)
Class com.intellij.openapi.fileTypes.FileType                                         : loaded 2 times (x 67B)
Class com.intellij.lang.LanguageParserDefinitions                                     : loaded 2 times (x 93B)
Class com.android.tools.lint.checks.SecureRandomDetector$Companion                    : loaded 2 times (x 68B)
Class com.android.tools.lint.checks.PageAlignmentDetector$Companion                   : loaded 2 times (x 68B)
Class org.jetbrains.kotlin.name.Name                                                  : loaded 2 times (x 72B)
Class com.android.tools.lint.checks.DiscouragedDetector                               : loaded 2 times (x 176B)
Class com.android.tools.lint.checks.DefaultEncodingDetector$Issues                    : loaded 2 times (x 68B)
Class com.android.tools.lint.detector.api.Platform$Companion                          : loaded 2 times (x 68B)
Class com.intellij.psi.FileTypeFileViewProviders                                      : loaded 2 times (x 87B)
Class org.xmlpull.v1.XmlPullParserException                                           : loaded 2 times (x 83B)
Class com.android.tools.lint.detector.api.LintModelModuleAndroidLibraryProject        : loaded 2 times (x 153B)
Class build_6ni0y2vfb87rg9lxkk3zziybi$_run_closure1                                   : loaded 2 times (x 136B)
Class com.google.common.collect.MapMaker                                              : loaded 2 times (x 69B)
Class org.jetbrains.kotlin.gradle.tasks.KotlinCompile$disableMultiModuleIC$2          : loaded 2 times (x 76B)
Class org.jetbrains.kotlin.gradle.tasks.GradleCompileTaskProviderKt                   : loaded 2 times (x 68B)
Class org.jetbrains.kotlin.gradle.plugin.SubpluginEnvironment$Companion               : loaded 2 times (x 68B)
Class org.jetbrains.kotlin.gradle.plugin.mpp.ApplyUserDefinedAttributesKt$UserDefinedAttributesSetupAction$1$1$3: loaded 2 times (x 72B)
Class org.jetbrains.kotlin.gradle.tasks.configuration.BaseKotlinCompileConfig$Companion: loaded 2 times (x 68B)
Class org.jetbrains.kotlin.gradle.plugin.mpp.compilationImpl.KotlinCompilationImpl$Params: loaded 2 times (x 69B)
Class org.jetbrains.kotlin.konan.target.UtilsKt                                       : loaded 2 times (x 68B)
Class org.jetbrains.kotlin.gradle.tooling.BuildKotlinToolingMetadataTask              : loaded 2 times (x 314B)
Class org.jetbrains.kotlin.gradle.plugin.internal.CompatibilityConventionRegistrarKt  : loaded 2 times (x 68B)
Class org.jetbrains.kotlin.gradle.artifacts.KotlinJvmJarArtifactKt                    : loaded 2 times (x 68B)
Class org.jetbrains.kotlin.gradle.plugin.mpp.compilationImpl.CreateCInteropTasksSideEffectKt$special$$inlined$KotlinCompilationSideEffect$1: loaded 2 times (x 71B)
Class org.jetbrains.kotlin.gradle.plugin.statistics.FinalizeConfigurationFusMetricActionKt: loaded 2 times (x 68B)
Class org.jetbrains.kotlin.gradle.plugin.mpp.resources.resolve.KotlinTargetResourcesResolutionStrategy$Companion: loaded 2 times (x 68B)
Class org.jetbrains.kotlin.gradle.targets.native.toolchain.KotlinNativeBundleBuildService$Companion$registerIfAbsent$2$1: loaded 2 times (x 76B)
Class org.jetbrains.kotlin.build.report.metrics.GradleBuildPerformanceMetric$Companion: loaded 2 times (x 68B)
Class org.jetbrains.kotlin.gradle.plugin.statistics.KotlinBuildStatsBeanService       : loaded 2 times (x 84B)
Class [Lcom.google.common.collect.ImmutableEntry;                                     : loaded 2 times (x 66B)
Class [Lcom.intellij.psi.PsiPolyVariantReference;                                     : loaded 2 times (x 66B)
Class com.intellij.lang.java.parser.DeclarationParser                                 : loaded 2 times (x 86B)
Class com.intellij.pom.java.JavaFeature$2                                             : loaded 2 times (x 83B)
Class org.jetbrains.kotlin.metadata.ProtoBuf$TypeTable$1                              : loaded 2 times (x 141B)
Class com.intellij.lang.jvm.annotation.JvmAnnotationAttribute                         : loaded 2 times (x 67B)
Class com.intellij.psi.PsiAnnotationParameterList                                     : loaded 2 times (x 67B)
Class [Lcom.intellij.psi.impl.ReparseableASTNode;                                     : loaded 2 times (x 66B)
Class org.jetbrains.kotlin.cli.jvm.index.JvmDependenciesIndexImpl$Cache               : loaded 2 times (x 69B)
Class org.jetbrains.kotlin.psi.KtDelegatedSuperTypeEntry                              : loaded 2 times (x 446B)
Class org.jetbrains.kotlin.psi.KtPrimaryConstructor                                   : loaded 2 times (x 1273B)
Class [Lorg.jetbrains.kotlin.psi.KtModifierListOwner;                                 : loaded 2 times (x 66B)
Class com.android.tools.lint.client.api.LintClient$ClassPathInfo                      : loaded 2 times (x 69B)
Class com.intellij.util.messages.MessageBus                                           : loaded 2 times (x 67B)
Class com.intellij.openapi.vfs.VirtualFileCopyEvent                                   : loaded 2 times (x 80B)
Class com.intellij.openapi.extensions.PluginAware                                     : loaded 2 times (x 67B)
Class com.intellij.openapi.util.RecursionGuard$StackStamp                             : loaded 2 times (x 67B)
Class com.intellij.core.CoreJavaPsiImplementationHelper                               : loaded 2 times (x 79B)
Class kotlinx.coroutines.flow.FlowKt__CollectKt                                       : loaded 2 times (x 68B)
Class com.intellij.psi.javadoc.PsiDocToken                                            : loaded 2 times (x 67B)
Class org.codehaus.stax2.ri.typed.ValueDecoderFactory$DoubleArrayDecoder              : loaded 2 times (x 75B)
Class [Lcom.intellij.ide.plugins.ActionDescriptorName;                                : loaded 2 times (x 66B)
Class kotlinx.coroutines.CoroutineContextKt                                           : loaded 2 times (x 68B)
Class com.intellij.core.CorePsiPackageImplementationHelper                            : loaded 2 times (x 74B)
Class com.intellij.lexer.DummyLexer                                                   : loaded 2 times (x 81B)
Class com.intellij.openapi.application.ex.ApplicationInfoEx                           : loaded 2 times (x 121B)
Class com.intellij.openapi.command.CommandListener                                    : loaded 2 times (x 67B)
Class com.intellij.psi.PsiReferenceProviderBean                                       : loaded 2 times (x 83B)
Class com.intellij.openapi.progress.impl.CoreProgressManager                          : loaded 2 times (x 114B)
Class com.intellij.psi.tree.ILightStubFileElementType                                 : loaded 2 times (x 107B)
Class com.android.tools.lint.checks.WakelockDetector                                  : loaded 2 times (x 176B)
Class com.android.tools.lint.checks.VectorDrawableCompatDetector                      : loaded 2 times (x 151B)
Class com.android.tools.lint.checks.UastImplementationDetector$Companion              : loaded 2 times (x 68B)
Class com.intellij.psi.TypeAnnotationProvider                                         : loaded 2 times (x 67B)
Class com.android.tools.lint.checks.PictureInPictureDetector                          : loaded 2 times (x 167B)
Class com.android.tools.lint.checks.ManifestDetector$Companion                        : loaded 2 times (x 68B)
Class com.android.tools.lint.checks.CallSuperDetector                                 : loaded 2 times (x 167B)
Class com.intellij.openapi.util.NotNullLazyValue$2                                    : loaded 2 times (x 75B)
Class kotlinx.coroutines.EventLoopImplPlatform                                        : loaded 2 times (x 104B)
Class build_6njktbe2g5mxeop99a97ef23l$_run_closure1                                   : loaded 2 times (x 136B)
Class org.jetbrains.kotlin.gradle.plugin.statistics.DaemonReuseCounter                : loaded 2 times (x 73B)
Class org.jetbrains.kotlin.gradle.tasks.configuration.AbstractKotlinCompileConfig$1$1 : loaded 2 times (x 71B)
Class org.jetbrains.kotlin.gradle.tasks.KotlinCompile$kotlinOptions$1                 : loaded 2 times (x 76B)
Class org.jetbrains.kotlin.gradle.internal.properties.NativeProperties$Companion      : loaded 2 times (x 68B)
Class org.jetbrains.kotlin.gradle.utils.StringUtilsKt                                 : loaded 2 times (x 68B)
Class org.jetbrains.kotlin.gradle.targets.ConfigureBuildSideEffectKt$ConfigureBuildSideEffect$1: loaded 2 times (x 71B)
Class org.jetbrains.kotlin.tooling.core.ExtrasLazyProperty                            : loaded 2 times (x 67B)
Class org.jetbrains.kotlin.gradle.utils.CompletableFuture                             : loaded 2 times (x 67B)
Class org.jetbrains.kotlin.build.report.metrics.BuildPerformanceMetric                : loaded 2 times (x 67B)
Class [Lorg.jetbrains.kotlin.statistics.metrics.StringOverridePolicy;                 : loaded 2 times (x 66B)
Class com.google.common.cache.LocalCache$LoadingValueReference                        : loaded 2 times (x 93B)
Class com.intellij.psi.impl.source.tree.JavaDocElementTypeFactory                     : loaded 2 times (x 69B)
Class org.jetbrains.kotlin.metadata.ProtoBuf$Function                                 : loaded 2 times (x 158B)
Class com.intellij.psi.PsiReferenceList                                               : loaded 2 times (x 67B)
Class com.intellij.psi.impl.java.stubs.MethodReferenceElementType                     : loaded 2 times (x 113B)
Class com.intellij.openapi.vfs.transformer.TextPresentationTransformers               : loaded 2 times (x 94B)
Class org.jetbrains.kotlin.analysis.project.structure.impl.KaNotUnderContentRootModuleImpl: loaded 2 times (x 107B)
Class org.jetbrains.kotlin.psi.stubs.KotlinBlockStringTemplateEntryStub               : loaded 2 times (x 67B)
Class [Lorg.jetbrains.kotlin.psi.KtTypeReference;                                     : loaded 2 times (x 66B)
Class [Lorg.jetbrains.kotlin.psi.KtImportInfo;                                        : loaded 2 times (x 66B)
Class com.intellij.psi.impl.java.stubs.JavaStubElementType                            : loaded 2 times (x 106B)
Class org.jetbrains.kotlin.psi.stubs.elements.KtContractEffectListElementType         : loaded 2 times (x 100B)
Class org.jetbrains.kotlin.analysis.api.standalone.base.projectStructure.StandaloneProjectFactory$createSearchScopeByLibraryRoots$1: loaded 2 times (x 96B)
Class com.intellij.openapi.vfs.VfsUtilCore                                            : loaded 2 times (x 68B)
Class com.intellij.util.io.FileAccessorCache                                          : loaded 2 times (x 80B)
Class org.jetbrains.kotlin.analysis.api.platform.KotlinPlatformComponent              : loaded 2 times (x 67B)
Class kotlinx.coroutines.scheduling.SchedulerTimeSource                               : loaded 2 times (x 69B)
Class com.intellij.codeInsight.InferredAnnotationsManager                             : loaded 2 times (x 71B)
Class com.intellij.util.containers.ConcurrentWeakKeySoftValueHashMap$HardKey          : loaded 2 times (x 80B)
Class com.intellij.psi.impl.file.impl.TemporaryProviderStorage                        : loaded 2 times (x 67B)
Class com.intellij.util.containers.ConcurrentWeakKeySoftValueHashMap$ValueReference   : loaded 2 times (x 67B)
Class com.intellij.psi.impl.source.resolve.ResolveCache$AbstractResolver              : loaded 2 times (x 67B)
Class kotlinx.coroutines.internal.DispatchedContinuation                              : loaded 2 times (x 87B)
Class kotlinx.coroutines.internal.Symbol                                              : loaded 2 times (x 69B)
Class com.intellij.psi.impl.source.JavaFileElementType                                : loaded 2 times (x 110B)
Class com.intellij.util.messages.impl.CompositeMessageBus$WhenMappings                : loaded 2 times (x 68B)
Class com.intellij.openapi.command.impl.CoreCommandProcessor                          : loaded 2 times (x 95B)
Class io.opentelemetry.api.trace.SpanBuilder                                          : loaded 2 times (x 67B)
Class com.intellij.platform.diagnostic.telemetry.Scope                                : loaded 2 times (x 69B)
Class com.intellij.openapi.application.CachedSingletonsRegistry                       : loaded 2 times (x 68B)
Class kotlinx.collections.immutable.ExtensionsKt                                      : loaded 2 times (x 68B)
Class com.intellij.util.containers.FastUtilCaseInsensitiveStringHashingStrategy       : loaded 2 times (x 72B)
Class com.intellij.openapi.extensions.impl.ExtensionsAreaImpl                         : loaded 2 times (x 82B)
Class com.intellij.openapi.vfs.impl.jar.CoreJarFileSystem                             : loaded 2 times (x 98B)
Class com.intellij.lang.jvm.JvmAnnotation                                             : loaded 2 times (x 67B)
Class com.android.tools.lint.checks.StartDestinationDetector                          : loaded 2 times (x 151B)
Class org.jetbrains.kotlin.name.StandardClassIds                                      : loaded 2 times (x 68B)
Class com.android.tools.lint.checks.HandlerDetector                                   : loaded 2 times (x 167B)
Class com.intellij.lang.jvm.JvmNamedElement                                           : loaded 2 times (x 67B)
Class kotlinx.coroutines.scheduling.CoroutineScheduler                                : loaded 2 times (x 78B)
Class com.intellij.openapi.vfs.VirtualFileSetFactoryKt                                : loaded 2 times (x 68B)
Class com.intellij.mock.MockProject                                                   : loaded 2 times (x 218B)
Class com.intellij.psi.impl.source.tree.TreeElementVisitor                            : loaded 2 times (x 70B)
Class com.intellij.psi.impl.file.PsiDirectoryImpl                                     : loaded 2 times (x 564B)
Class org.jetbrains.kotlin.psi.stubs.elements.KtPropertyElementType                   : loaded 2 times (x 101B)
Class com.google.common.reflect.Invokable$MethodInvokable                             : loaded 2 times (x 104B)
Class com.google.common.io.LineReader$1                                               : loaded 2 times (x 72B)
Class com.google.common.collect.CollectSpliterators                                   : loaded 2 times (x 68B)
Class com.google.common.collect.AbstractMapBasedMultimap$AsMap                        : loaded 2 times (x 125B)
Class com.google.common.collect.MapMakerInternalMap$StrongKeyDummyValueEntry          : loaded 2 times (x 79B)
Class org.jetbrains.kotlin.gradle.tasks.configuration.AbstractKotlinCompileConfig$getClasspathSnapshotDir$1: loaded 2 times (x 71B)
Class org.jetbrains.kotlin.gradle.tasks.configuration.AbstractKotlinCompileConfig$1$2 : loaded 2 times (x 71B)
Class com.google.common.base.Platform                                                 : loaded 2 times (x 68B)
Class com.google.common.collect.Multimaps$Entries                                     : loaded 2 times (x 115B)
Class org.jetbrains.kotlin.gradle.plugin.diagnostics.checkers.OverriddenKotlinNativeHomeChecker$StdlibExistenceCheckerValueSource$Params$Inject: loaded 2 times (x 103B)
Class org.jetbrains.kotlin.gradle.plugin.diagnostics.checkers.CommonMainOrTestWithDependsOnChecker: loaded 2 times (x 71B)
Class org.jetbrains.kotlin.gradle.artifacts.KotlinNativeHostSpecificMetadataArtifactKt: loaded 2 times (x 68B)
Class org.jetbrains.kotlin.gradle.plugin.mpp.compilationImpl.KotlinCreateLifecycleTasksSideEffectKt: loaded 2 times (x 68B)
Class org.jetbrains.kotlin.gradle.plugin.KotlinTarget                                 : loaded 2 times (x 67B)
Class org.jetbrains.kotlin.gradle.utils.ConfigurationsKt$createResolvable$1           : loaded 2 times (x 75B)
Class [Lorg.jetbrains.kotlin.statistics.metrics.BooleanAnonymizationPolicy;           : loaded 2 times (x 66B)
Class [Lorg.jetbrains.kotlin.psi.KtBackingField;                                      : loaded 2 times (x 66B)
Class org.jetbrains.kotlin.load.java.structure.JavaModifierListOwner                  : loaded 2 times (x 67B)
Class org.jetbrains.kotlin.resolve.extensions.AnalysisHandlerExtension                : loaded 2 times (x 67B)
Class com.intellij.psi.PsiDiamondType                                                 : loaded 2 times (x 104B)
Class com.intellij.psi.impl.source.AbstractBasicJavaElementTypeFactory$JavaElementTypeContainer: loaded 2 times (x 69B)
Class org.jetbrains.kotlin.metadata.ProtoBuf$VersionRequirementTable                  : loaded 2 times (x 104B)
Class org.jetbrains.kotlin.protobuf.LazyField                                         : loaded 2 times (x 80B)
Class com.intellij.util.keyFMap.ArrayBackedFMap                                       : loaded 2 times (x 79B)
Class org.jetbrains.kotlin.lexer.KtKeywordToken                                       : loaded 2 times (x 75B)
Class [Lorg.jetbrains.kotlin.psi.KtPureElement;                                       : loaded 2 times (x 66B)
Class [Lcom.intellij.psi.PsiFile;                                                     : loaded 2 times (x 66B)
Class com.intellij.util.PatchedWeakReference                                          : loaded 2 times (x 79B)
Class [Lorg.jetbrains.kotlin.psi.KtScript;                                            : loaded 2 times (x 66B)
Class com.intellij.psi.impl.java.stubs.JavaClassElementType                           : loaded 2 times (x 112B)
Class com.intellij.util.containers.SoftKeySoftValueHashMap                            : loaded 2 times (x 107B)
Class com.intellij.psi.search.FilesScopeWithDisplayName                               : loaded 2 times (x 105B)
Class com.intellij.psi.impl.PsiToDocumentSynchronizer                                 : loaded 2 times (x 81B)
Class com.intellij.codeInsight.multiverse.CodeInsightContextKt                        : loaded 2 times (x 68B)
Class kotlinx.coroutines.flow.FlowKt__MergeKt$mapLatest$1                             : loaded 2 times (x 92B)
Class com.intellij.pom.java.InternalPersistentJavaLanguageLevelReaderService          : loaded 2 times (x 67B)
Class com.intellij.openapi.extensions.ExtensionPointDescriptor                        : loaded 2 times (x 69B)
Class com.intellij.util.containers.UnsafeWeakList                                     : loaded 2 times (x 120B)
Class com.intellij.util.containers.ContainerUtil$9                                    : loaded 2 times (x 77B)
Class com.intellij.mock.MockFileDocumentManagerImpl                                   : loaded 2 times (x 91B)
Class com.intellij.openapi.application.ModalityState                                  : loaded 2 times (x 69B)
Class com.intellij.lang.jvm.JvmLanguage                                               : loaded 2 times (x 67B)
Class org.jetbrains.kotlin.config.LanguageVersionSettings$Companion                   : loaded 2 times (x 68B)
Class com.intellij.util.containers.ImmutableList                                      : loaded 2 times (x 195B)
Class com.android.tools.lint.LintCliClient$validateIssueIds$1                         : loaded 2 times (x 72B)
Class com.android.tools.lint.client.api.LintListener                                  : loaded 2 times (x 67B)
Class com.intellij.psi.TypeAnnotationProvider$Static                                  : loaded 2 times (x 74B)
Class org.jetbrains.kotlin.name.StandardClassIdsKt                                    : loaded 2 times (x 68B)
Class com.android.tools.lint.checks.NamespaceDetector                                 : loaded 2 times (x 152B)
Class com.android.tools.lint.checks.MediaBrowserServiceCompatVersionDetector          : loaded 2 times (x 167B)
Class com.android.tools.lint.checks.InvalidNotificationIdDetector$Issues              : loaded 2 times (x 68B)
Class org.jetbrains.uast.UExpression                                                  : loaded 2 times (x 67B)
Class com.intellij.lang.java.parser.BasicReferenceParser                              : loaded 2 times (x 77B)
Class com.intellij.lang.java.parser.PrattExpressionParser                             : loaded 2 times (x 74B)
Class com.intellij.psi.PsiPackageStatement                                            : loaded 2 times (x 67B)
Class com.android.tools.lint.client.api.ConfigurationHierarchy                        : loaded 2 times (x 70B)
Class org.jetbrains.kotlin.load.kotlin.VirtualFileFinderFactory                       : loaded 2 times (x 67B)
Class [Lcom.intellij.psi.PsiQualifiedNamedElement;                                    : loaded 2 times (x 66B)
Class com.google.common.collect.UnmodifiableListIterator                              : loaded 2 times (x 92B)
Class [Lorg.objectweb.asm.AnnotationWriter;                                           : loaded 2 times (x 66B)
Class com.google.common.collect.AbstractMapBasedMultimap$WrappedList                  : loaded 2 times (x 202B)
Class com.google.common.collect.CompoundOrdering                                      : loaded 2 times (x 112B)
Class [Lorg.jetbrains.kotlin.build.report.metrics.BuildAttributeKind;                 : loaded 2 times (x 66B)
Class org.jetbrains.kotlin.gradle.tasks.K2MultiplatformStructure                      : loaded 2 times (x 71B)
Class org.jetbrains.kotlin.gradle.internal.KotlinDependenciesManagementKt$allNonProjectDependencies$1: loaded 2 times (x 71B)
Class org.jetbrains.kotlin.compilerRunner.CompilerSystemPropertiesService$Parameters  : loaded 2 times (x 67B)
Class org.jetbrains.kotlin.gradle.plugin.mpp.compilationImpl.KotlinCompilationSourceSetsContainer: loaded 2 times (x 67B)
Class org.jetbrains.kotlin.gradle.artifacts.KotlinNativeKlibArtifactKt                : loaded 2 times (x 68B)
Class org.jetbrains.kotlin.gradle.plugin.ProjectLocalConfigurations                   : loaded 2 times (x 68B)
Class org.jetbrains.kotlin.gradle.plugin.mpp.KotlinUsages$KotlinUsagesDisambiguation  : loaded 2 times (x 73B)
Class org.jetbrains.kotlin.tooling.core.Extras$Key$Companion                          : loaded 2 times (x 68B)
Class org.jetbrains.kotlin.tooling.core.Extras$Key                                    : loaded 2 times (x 69B)
Class [Lcom.intellij.psi.PsiJavaReference;                                            : loaded 2 times (x 66B)
Class com.intellij.lang.impl.PsiBuilderImpl$LazyParseableToken                        : loaded 2 times (x 102B)
Class it.unimi.dsi.fastutil.ints.AbstractIntList$IntSubList                           : loaded 2 times (x 404B)
Class org.jetbrains.kotlin.metadata.ProtoBuf$TypeParameter$1                          : loaded 2 times (x 141B)
Class com.intellij.lexer.TokenList                                                    : loaded 2 times (x 67B)
Class com.intellij.psi.tree.ParentAwareTokenSet                                       : loaded 2 times (x 69B)
Class com.intellij.openapi.editor.impl.IntervalTreeImpl$IntervalNode                  : loaded 2 times (x 115B)
Class org.jetbrains.kotlin.analysis.api.standalone.base.projectStructure.KotlinStaticProjectStructureProvider: loaded 2 times (x 81B)
Class [Lorg.jetbrains.kotlin.psi.KtStringTemplateEntry;                               : loaded 2 times (x 66B)
Class org.jetbrains.kotlin.psi.stubs.elements.KtDotQualifiedExpressionElementType     : loaded 2 times (x 100B)
Class [Lorg.jetbrains.kotlin.psi.KtImportAlias;                                       : loaded 2 times (x 66B)
Class org.jetbrains.kotlin.psi.stubs.KotlinPropertyAccessorStub                       : loaded 2 times (x 67B)
Class [Lorg.jetbrains.kotlin.psi.KtNamedDeclaration;                                  : loaded 2 times (x 66B)
Class com.intellij.openapi.util.io.FileUtilRt$SymlinkResolver                         : loaded 2 times (x 67B)
Class org.objectweb.asm.ClassVisitor                                                  : loaded 2 times (x 85B)
Class org.jetbrains.kotlin.analysis.api.impl.base.permissions.KaBaseAnalysisPermissionRegistry: loaded 2 times (x 77B)
Class [Lorg.objectweb.asm.Symbol;                                                     : loaded 2 times (x 66B)
Class com.intellij.util.containers.ConcurrentSoftHashMap                              : loaded 2 times (x 151B)
Class com.intellij.psi.impl.AbstractPsiCachedValue                                    : loaded 2 times (x 92B)
Class com.intellij.util.AtomicMapCache                                                : loaded 2 times (x 69B)
Class com.intellij.psi.ResolveResult                                                  : loaded 2 times (x 67B)
Class com.fasterxml.aalto.in.PName1                                                   : loaded 2 times (x 80B)
Class com.fasterxml.aalto.impl.IoStreamException                                      : loaded 2 times (x 82B)
Class kotlinx.coroutines.EventLoopKt                                                  : loaded 2 times (x 68B)
Class com.intellij.openapi.project.DumbAware                                          : loaded 2 times (x 67B)
Class com.intellij.psi.PsiCheckedRenameElement                                        : loaded 2 times (x 67B)
Class com.intellij.util.text.CharArrayCharSequence                                    : loaded 2 times (x 98B)
Class com.intellij.util.IncorrectOperationException                                   : loaded 2 times (x 79B)
Class com.android.tools.lint.LintCliClient$initializeProjects$maxLevel$1              : loaded 2 times (x 122B)
Class com.android.tools.lint.checks.WebViewClientDetector$Companion                   : loaded 2 times (x 68B)
Class com.android.tools.lint.checks.UnsafeNativeCodeDetector                          : loaded 2 times (x 167B)
Class [Lcom.intellij.openapi.util.Iconable;                                           : loaded 2 times (x 66B)
Class com.android.tools.lint.checks.StringEscapeDetector$Issues                       : loaded 2 times (x 68B)
Class com.android.tools.lint.checks.NotificationPermissionDetector$Issues             : loaded 2 times (x 68B)
Class com.intellij.psi.PsiNameIdentifierOwner                                         : loaded 2 times (x 67B)
Class com.intellij.psi.PsiNamedElement                                                : loaded 2 times (x 67B)
Class com.android.tools.lint.checks.DefaultEncodingDetector                           : loaded 2 times (x 167B)
Class com.android.tools.lint.checks.CleanupDetector                                   : loaded 2 times (x 167B)
Class org.jetbrains.kotlin.gradle.dsl.KotlinProjectExtension                          : loaded 2 times (x 119B)
Class org.jetbrains.kotlin.gradle.internal.properties.PropertiesBuildService$BooleanGradleProperty: loaded 2 times (x 73B)
Class org.jetbrains.kotlin.gradle.plugin.VariantImplementationFactories$Companion$getProvider$1: loaded 2 times (x 72B)
Class kotlin.text.StringsKt__StringsKt$iterator$1                                     : loaded 2 times (x 80B)
Class org.jetbrains.kotlin.gradle.plugin.statistics.KotlinBuildStatsBeanService$Companion$initStatsService$1: loaded 2 times (x 76B)
Class org.jetbrains.kotlin.statistics.metrics.StringOverridePolicy$OVERRIDE_VERSION_IF_NOT_SET: loaded 2 times (x 82B)
Class org.jetbrains.kotlin.gradle.plugin.KotlinGradlePluginExtensionPointInternal     : loaded 2 times (x 73B)
Class org.jetbrains.kotlin.gradle.plugin.KotlinTargetComponent                        : loaded 2 times (x 67B)
Class org.jetbrains.kotlin.gradle.tasks.configuration.AbstractKotlinCompileConfig$1$4 : loaded 2 times (x 72B)
Class com.google.common.collect.Lists$ReverseList$1                                   : loaded 2 times (x 96B)
Class com.google.common.collect.ImmutableRangeSet$Builder                             : loaded 2 times (x 74B)
Class [Lcom.google.common.collect.Iterators$EmptyModifiableIterator;                  : loaded 2 times (x 66B)
Class org.jetbrains.kotlin.gradle.plugin.diagnostics.CheckKotlinGradlePluginConfigurationErrors: loaded 2 times (x 314B)
Class org.jetbrains.kotlin.gradle.plugin.sources.DefaultKotlinSourceSetKt             : loaded 2 times (x 68B)
Class org.jetbrains.kotlin.gradle.dsl.KotlinJvmOptions                                : loaded 2 times (x 67B)
Class org.jetbrains.kotlin.gradle.plugin.mpp.HierarchyAttributeContainer$1            : loaded 2 times (x 75B)
Class org.jetbrains.kotlin.gradle.plugin.KotlinPluginLifecycle                        : loaded 2 times (x 67B)
Class org.jetbrains.kotlin.gradle.plugin.KotlinJsPluginWrapper                        : loaded 2 times (x 83B)
Class org.jetbrains.kotlin.gradle.dsl.ToolchainSupport                                : loaded 2 times (x 67B)
Class org.jetbrains.kotlin.tooling.core.Extras                                        : loaded 2 times (x 67B)
Class org.jetbrains.kotlin.gradle.plugin.mpp.InternalKotlinTarget                     : loaded 2 times (x 67B)
Class org.jetbrains.kotlin.statistics.metrics.NumberAnonymizationPolicy$RANDOM_10_PERCENT: loaded 2 times (x 82B)
Class org.jetbrains.kotlin.statistics.metrics.StringMetrics                           : loaded 2 times (x 77B)
Class com.google.common.cache.LocalCache$StrongValueReference                         : loaded 2 times (x 87B)
Class com.intellij.lang.java.parser.ModuleParser                                      : loaded 2 times (x 71B)
Class org.jetbrains.kotlin.gradle.dsl.KotlinCommonCompilerToolOptionsHelper           : loaded 2 times (x 68B)
Class org.jetbrains.kotlin.metadata.deserialization.BinaryVersion$Companion           : loaded 2 times (x 68B)
Class org.jetbrains.kotlin.load.java.JavaModuleAnnotationsProvider                    : loaded 2 times (x 67B)
Class [Lorg.jetbrains.kotlin.psi.ValueArgumentName;                                   : loaded 2 times (x 66B)
Class org.jetbrains.kotlin.psi.stubs.elements.KtConstructorElementType                : loaded 2 times (x 104B)
Class com.intellij.psi.impl.java.stubs.JavaImportListElementType                      : loaded 2 times (x 117B)
Class com.intellij.psi.PsiLargeBinaryFile                                             : loaded 2 times (x 67B)
Class org.jetbrains.kotlin.cli.common.localfs.KotlinLocalVirtualFile$getChildren$$inlined$sortedBy$1: loaded 2 times (x 86B)
Class com.intellij.openapi.util.io.FileUtilRt                                         : loaded 2 times (x 68B)
Class org.jetbrains.kotlin.gradle.plugin.KotlinPluginLifecycleImpl$WhenMappings       : loaded 2 times (x 68B)
Class org.jetbrains.kotlin.analysis.api.standalone.base.projectStructure.PluginStructureProvider$PluginDesignation: loaded 2 times (x 69B)
Class org.jetbrains.kotlin.gradle.plugin.diagnostics.checkers.DeprecatedKotlinNativeTargetsChecker$runChecks$1: loaded 2 times (x 85B)
Class com.intellij.codeInsight.ExternalAnnotationsListener                            : loaded 2 times (x 67B)
Class com.intellij.psi.PsiJavaCodeReferenceElement                                    : loaded 2 times (x 67B)
Class com.intellij.psi.search.GlobalAndLocalUnionScope                                : loaded 2 times (x 96B)
Class org.jetbrains.kotlin.gradle.plugin.KotlinPluginLifecycleImplKt                  : loaded 2 times (x 68B)
Class org.jetbrains.kotlin.gradle.targets.js.dsl.KotlinJsTargetDsl                    : loaded 2 times (x 67B)
Class com.fasterxml.aalto.in.PName2                                                   : loaded 2 times (x 80B)
Class com.intellij.ide.plugins.ContainerDescriptor                                    : loaded 2 times (x 69B)
Class com.fasterxml.aalto.in.ByteBasedScanner                                         : loaded 2 times (x 137B)
Class com.intellij.lang.folding.FoldingBuilderEx                                      : loaded 2 times (x 84B)
Class com.intellij.openapi.editor.ex.RangeMarkerEx                                    : loaded 2 times (x 67B)
Class com.intellij.openapi.extensions.PluginDescriptor                                : loaded 2 times (x 67B)
Class org.jetbrains.kotlin.cli.jvm.compiler.KotlinCoreApplicationEnvironment          : loaded 2 times (x 91B)
Class com.android.tools.lint.checks.X509TrustManagerDetector                          : loaded 2 times (x 175B)
Class com.android.tools.lint.checks.WrongGradleMethodDetector                         : loaded 2 times (x 150B)
Class com.android.tools.lint.checks.SecureRandomGeneratorDetector                     : loaded 2 times (x 151B)
Class com.android.tools.lint.checks.RestrictionsDetector$Companion                    : loaded 2 times (x 68B)
Class com.android.tools.lint.checks.PrivateResourceDetector                           : loaded 2 times (x 177B)
Class com.android.tools.lint.checks.PictureInPictureDetector$Companion                : loaded 2 times (x 68B)
Class com.android.tools.lint.checks.IntentWillNullActionDetector                      : loaded 2 times (x 176B)
Class com.android.tools.lint.detector.api.XmlContext                                  : loaded 2 times (x 74B)
Class com.android.tools.lint.checks.BatteryDetector                                   : loaded 2 times (x 176B)
Class com.android.tools.lint.detector.api.Scope$Companion                             : loaded 2 times (x 68B)
Class org.jetbrains.kotlin.konan.target.KonanTarget$WATCHOS_ARM32                     : loaded 2 times (x 75B)
Class Build_gradle$4                                                                  : loaded 2 times (x 72B)
Class org.jetbrains.kotlin.gradle.tasks.CompilerPluginOptions                         : loaded 2 times (x 69B)
Class org.jetbrains.kotlin.gradle.tasks.configuration.AbstractKotlinCompileConfig$1$5 : loaded 2 times (x 73B)
Class org.jetbrains.kotlin.gradle.plugin.mpp.KotlinTargetSoftwareComponentImpl        : loaded 2 times (x 87B)
Class org.jetbrains.kotlin.gradle.plugin.mpp.DefaultKotlinUsageContext$PublishOnlyIf  : loaded 2 times (x 67B)
Class org.jetbrains.kotlin.gradle.dsl.KotlinCommonCompilerOptionsHelper               : loaded 2 times (x 68B)
Class org.jetbrains.kotlin.gradle.plugin.KotlinJvmPlugin$Companion                    : loaded 2 times (x 68B)
Class org.jetbrains.kotlin.gradle.plugin.diagnostics.KotlinToolingDiagnostics         : loaded 2 times (x 68B)
Class org.jetbrains.kotlin.gradle.artifacts.KotlinMetadataArtifactKt                  : loaded 2 times (x 68B)
Class org.jetbrains.kotlin.gradle.targets.CreateArtifactsSideEffectKt$CreateArtifactsSideEffect$1: loaded 2 times (x 71B)
Class org.jetbrains.kotlin.gradle.internal.properties.PropertiesBuildService$property$1$valueFromGradleAndLocalProperties$1: loaded 2 times (x 72B)
Class org.jetbrains.kotlin.gradle.plugin.KotlinPluginWrapperKt$kotlinToolingVersion$2 : loaded 2 times (x 75B)
Class org.objectweb.asm.Type                                                          : loaded 2 times (x 69B)
Class org.gradle.internal.classloader.VisitableURLClassLoader$InstrumentingVisitableURLClassLoader: loaded 2 times (x 120B)
Class com.intellij.psi.impl.source.BasicJavaAstTreeUtil                               : loaded 2 times (x 68B)
Class com.intellij.lang.java.parser.BasicJavaParserUtil$1                             : loaded 2 times (x 154B)
Class com.intellij.psi.text.BlockSupport                                              : loaded 2 times (x 70B)
Class com.intellij.lang.SyntaxTreeBuilder$Production                                  : loaded 2 times (x 67B)
Class org.jetbrains.kotlin.metadata.ProtoBuf$ValueParameter                           : loaded 2 times (x 130B)
Class org.jetbrains.kotlin.metadata.ProtoBuf$ClassOrBuilder                           : loaded 2 times (x 67B)
Class org.jetbrains.kotlin.metadata.ProtoBuf$QualifiedNameTable$1                     : loaded 2 times (x 141B)
Class com.intellij.psi.impl.java.stubs.PsiRecordComponentStub                         : loaded 2 times (x 67B)
Class com.intellij.psi.PsiTypeParameterList                                           : loaded 2 times (x 67B)
Class com.intellij.psi.impl.source.BasicJavaElementType$ExpressionThinCodeFragmentElementType: loaded 2 times (x 85B)
Class org.jetbrains.kotlin.storage.LockBasedStorageManager$MapBasedMemoizedFunction   : loaded 2 times (x 79B)
Class com.intellij.openapi.vfs.CharsetToolkit                                         : loaded 2 times (x 69B)
Class com.intellij.lang.jvm.facade.JvmElementProvider                                 : loaded 2 times (x 67B)
Class org.jetbrains.kotlin.psi.stubs.elements.KtCollectionLiteralExpressionElementType: loaded 2 times (x 97B)
Class org.jetbrains.kotlin.psi.KtValueArgumentName                                    : loaded 2 times (x 448B)
Class org.jetbrains.kotlin.psi.KtTypeConstraintList                                   : loaded 2 times (x 443B)
Class [Lorg.jetbrains.kotlin.psi.KtParameter;                                         : loaded 2 times (x 66B)
Class org.jetbrains.kotlin.psi.KtParameter                                            : loaded 2 times (x 1156B)
Class com.intellij.psi.util.PsiUtilCore                                               : loaded 2 times (x 68B)
Class com.intellij.psi.impl.PsiCachedValueImpl$Soft                                   : loaded 2 times (x 92B)
Class com.intellij.codeInsight.multiverse.CodeInsightContext                          : loaded 2 times (x 67B)
Class org.jetbrains.kotlin.analysis.project.structure.impl.KaModuleUtilsKt            : loaded 2 times (x 68B)
Class com.intellij.util.containers.FactoryMap$1                                       : loaded 2 times (x 121B)
Class com.intellij.openapi.vfs.impl.GenericZipFile                                    : loaded 2 times (x 67B)
Class org.jetbrains.kotlin.gradle.plugin.KotlinProjectSetupActionKt$KotlinProjectSetupCoroutine$1$1: loaded 2 times (x 92B)
Class com.android.tools.lint.UastEnvironmentUtilsKt$configureAnalysisApiProjectStructure$1$uastEnvModuleOrder$1$1: loaded 2 times (x 75B)
Class org.jetbrains.kotlin.gradle.plugin.mpp.compilationImpl.factory.KotlinCompilationImplFactory$PreConfigure: loaded 2 times (x 67B)
Class org.jetbrains.kotlin.gradle.tasks.configuration.AbstractKotlinCompileConfig$2   : loaded 2 times (x 76B)
Class com.intellij.psi.impl.PsiCachedValue                                            : loaded 2 times (x 84B)
Class com.intellij.ide.plugins.PluginManagerCore                                      : loaded 2 times (x 68B)
Class com.fasterxml.aalto.in.PName3                                                   : loaded 2 times (x 80B)
Class kotlinx.coroutines.Job$DefaultImpls                                             : loaded 2 times (x 68B)
Class org.jetbrains.kotlin.gradle.internal.transforms.BuildToolsApiClasspathEntrySnapshotTransform: loaded 2 times (x 79B)
Class org.jetbrains.kotlin.gradle.tasks.CacheableTasksKt$cacheOnlyIfEnabledForKotlin$1: loaded 2 times (x 72B)
Class com.intellij.psi.compiled.ClassFileDecompilers$Full                             : loaded 2 times (x 74B)
Class com.intellij.openapi.components.Service                                         : loaded 2 times (x 67B)
Class com.intellij.psi.PsiIdentifier                                                  : loaded 2 times (x 67B)
Class com.intellij.util.Java11Shim$Companion                                          : loaded 2 times (x 68B)
Class com.intellij.core.JavaPsiBundle                                                 : loaded 2 times (x 68B)
Class org.jetbrains.kotlin.gradle.tasks.AbstractKotlinCompile$compilerRunner$1        : loaded 2 times (x 72B)
Class org.jetbrains.kotlin.statistics.AnonymizerUtilsKt$salt$2                        : loaded 2 times (x 75B)
Class com.android.tools.lint.checks.GridLayoutDetector                                : loaded 2 times (x 151B)
Class com.android.tools.lint.checks.FragmentDetector$Companion                        : loaded 2 times (x 68B)
Class com.intellij.lang.jvm.JvmTypeParametersOwner                                    : loaded 2 times (x 67B)
Class [Lkotlin.text.FlagEnum;                                                         : loaded 2 times (x 66B)
Class com.google.common.collect.TransformedListIterator                               : loaded 2 times (x 90B)
Class com.google.common.cache.LocalCache$Values                                       : loaded 2 times (x 115B)
Class com.google.common.reflect.TypeCapture                                           : loaded 2 times (x 68B)
Class com.android.tools.lint.checks.AccessibilityWindowStateChangedDetector           : loaded 2 times (x 167B)
Class build_326qo49o77xj9u1amurkpwo1g                                                 : loaded 2 times (x 177B)
Class com.google.common.collect.MapMakerInternalMap$StrongKeyDummyValueEntry$Helper   : loaded 2 times (x 76B)
Class org.jetbrains.kotlin.gradle.tasks.configuration.AbstractKotlinCompileConfig$1$6 : loaded 2 times (x 72B)
Class [Lorg.jetbrains.kotlin.gradle.tasks.KotlinCompilerExecutionStrategy;            : loaded 2 times (x 66B)
Class org.jetbrains.kotlin.gradle.tasks.FailedCompilationException                    : loaded 2 times (x 79B)
Class org.jetbrains.kotlin.gradle.plugin.mpp.DefaultKotlinUsageContext$1              : loaded 2 times (x 71B)
Class org.jetbrains.kotlin.gradle.plugin.mpp.compilationImpl.KotlinCompilationImpl$associateWith$2: loaded 2 times (x 76B)
Class org.jetbrains.kotlin.gradle.plugin.hierarchy.KotlinSourceSetTreeClassifier      : loaded 2 times (x 67B)
Class org.jetbrains.kotlin.gradle.plugin.mpp.compilationImpl.KotlinCompilationAssociator: loaded 2 times (x 67B)
Class org.jetbrains.kotlin.konan.target.UtilsKt$evaluatePresetName$1                  : loaded 2 times (x 75B)
Class org.jetbrains.kotlin.gradle.plugin.mpp.KotlinNativeTarget                       : loaded 2 times (x 170B)
Class org.jetbrains.kotlin.gradle.plugin.diagnostics.checkers.KotlinSourceSetTreeDependsOnMismatchChecker$runChecks$1: loaded 2 times (x 85B)
Class org.jetbrains.kotlin.gradle.plugin.diagnostics.checkers.PreHmppDependenciesUsageChecker$runChecks$1: loaded 2 times (x 85B)
Class org.jetbrains.kotlin.gradle.utils.ProjectExtensionsKt                           : loaded 2 times (x 68B)
Class org.jetbrains.kotlin.gradle.plugin.KotlinSourceSetTree$Companion                : loaded 2 times (x 68B)
Class org.jetbrains.kotlin.gradle.plugin.diagnostics.KotlinGradleProjectChecker$Companion: loaded 2 times (x 68B)
Class org.jetbrains.kotlin.gradle.plugin.KotlinGradleBuildServices$Parameters         : loaded 2 times (x 67B)
Class org.jetbrains.kotlin.gradle.plugin.statistics.BuildFusService$Companion$registerIfAbsent$1$1$1: loaded 2 times (x 72B)
Class org.jetbrains.kotlin.statistics.fileloggers.MetricsContainer$Companion          : loaded 2 times (x 68B)
Class org.objectweb.asm.ByteVector                                                    : loaded 2 times (x 76B)
Class [Lcom.google.common.cache.CacheBuilder$NullListener;                            : loaded 2 times (x 66B)
Class org.gradle.internal.classloader.VisitableURLClassLoader$Spec                    : loaded 2 times (x 71B)
Class org.gradle.internal.classpath.DefaultClassPath                                  : loaded 2 times (x 87B)
Class com.intellij.psi.impl.source.javadoc.PsiDocCommentImpl                          : loaded 2 times (x 650B)
Class com.android.tools.lint.checks.CredentialManagerDependencyDetector$Companion     : loaded 2 times (x 68B)
Class org.jetbrains.kotlin.metadata.ProtoBuf$Annotation$Argument$ValueOrBuilder       : loaded 2 times (x 67B)
Class com.intellij.psi.impl.java.stubs.PsiProvidesStatementStub                       : loaded 2 times (x 67B)
Class com.intellij.psi.impl.source.BasicJavaElementType$FrontBackICodeBlockElementType: loaded 2 times (x 104B)
Class org.jetbrains.kotlin.analysis.api.platform.java.KotlinJavaModuleAnnotationsProvider: loaded 2 times (x 67B)
Class com.intellij.psi.tree.ICompositeElementType                                     : loaded 2 times (x 67B)
Class com.intellij.extapi.psi.ASTDelegatePsiElement                                   : loaded 2 times (x 303B)
Class org.jetbrains.kotlin.psi.KtDeclaration                                          : loaded 2 times (x 67B)
Class com.intellij.psi.SingleRootFileViewProvider                                     : loaded 2 times (x 157B)
Class org.jetbrains.kotlin.analysis.project.structure.impl.KaLibraryModuleImpl        : loaded 2 times (x 111B)
Class com.intellij.util.io.FileAccessorCache$1                                        : loaded 2 times (x 80B)
Class kotlinx.serialization.SerializationStrategy                                     : loaded 2 times (x 67B)
Class com.intellij.psi.impl.PsiParameterizedCachedValue$Soft                          : loaded 2 times (x 91B)
Class com.intellij.psi.impl.AnyPsiChangeListener                                      : loaded 2 times (x 67B)
Class com.intellij.psi.impl.PsiModificationTrackerImpl                                : loaded 2 times (x 81B)
Class org.codehaus.stax2.typed.TypedXMLStreamException                                : loaded 2 times (x 82B)
Class com.intellij.psi.PsiJvmModifiersOwner                                           : loaded 2 times (x 67B)
Class com.android.ide.common.gradle.Module$Companion                                  : loaded 2 times (x 68B)
Class com.intellij.openapi.editor.event.DocumentEvent                                 : loaded 2 times (x 79B)
Class com.intellij.openapi.extensions.ExtensionNotApplicableException                 : loaded 2 times (x 79B)
Class com.intellij.util.containers.IntKeyWeakValueHashMap$MyReference                 : loaded 2 times (x 76B)
Class com.android.tools.lint.checks.PublicKeyCredentialDetector$Companion             : loaded 2 times (x 68B)
Class com.android.tools.lint.checks.UnsafeFilenameDetector                            : loaded 2 times (x 167B)
Class com.android.tools.lint.checks.SharedPrefsDetector$Companion                     : loaded 2 times (x 68B)
Class com.android.tools.lint.checks.PropertyFileDetector                              : loaded 2 times (x 138B)
Class com.intellij.lang.jvm.JvmClass                                                  : loaded 2 times (x 67B)
Class com.android.tools.lint.checks.UselessViewDetector                               : loaded 2 times (x 151B)
Class com.intellij.util.containers.WeakHashMap                                        : loaded 2 times (x 124B)
Class com.intellij.lang.ParserDefinition                                              : loaded 2 times (x 67B)
Class com.android.prefs.AndroidLocationsSingleton                                     : loaded 2 times (x 79B)
Class com.intellij.util.ObjectUtils$Sentinel                                          : loaded 2 times (x 69B)
Class kotlinx.coroutines.CoroutineScope                                               : loaded 2 times (x 67B)
Class com.intellij.util.messages.impl.BusState$Alive                                  : loaded 2 times (x 68B)
Class com.intellij.psi.PsiFile                                                        : loaded 2 times (x 67B)
Class com.google.common.collect.ImmutableSortedMap$1EntrySet$1                        : loaded 2 times (x 210B)
Class org.jetbrains.kotlin.gradle.plugin.statistics.BuildFinishMetrics                : loaded 2 times (x 68B)
Class org.jetbrains.kotlin.gradle.plugin.DefaultKotlinBasePlugin$addKotlinCompilerConfiguration$2$1$1: loaded 2 times (x 72B)
Class org.jetbrains.kotlin.gradle.plugin.mpp.KotlinSoftwareComponentKt                : loaded 2 times (x 68B)
Class org.jetbrains.kotlin.gradle.plugin.mpp.compilationImpl.KotlinCompilationSourceSetInclusion$AddSourcesToCompileTask: loaded 2 times (x 67B)
Class org.jetbrains.kotlin.konan.target.Architecture                                  : loaded 2 times (x 76B)
Class [Lorg.jetbrains.kotlin.gradle.plugin.HasProject;                                : loaded 2 times (x 66B)
Class org.jetbrains.kotlin.gradle.utils.MutableObservableSetImpl                      : loaded 2 times (x 160B)
Class org.jetbrains.kotlin.gradle.tasks.KotlinTasksProvider                           : loaded 2 times (x 69B)
Class org.jetbrains.kotlin.gradle.plugin.KotlinJsCompilerTypeHolder                   : loaded 2 times (x 67B)
Class org.jetbrains.kotlin.gradle.dsl.DefaultToolchainSupport$wireToolchainToTasks$1  : loaded 2 times (x 72B)
Class org.jetbrains.kotlin.gradle.dsl.KotlinCommonCompilerOptions                     : loaded 2 times (x 67B)
Class org.jetbrains.kotlin.gradle.internal.properties.PropertiesBuildService$MemoizedCallable: loaded 2 times (x 72B)
Class org.objectweb.asm.Symbol                                                        : loaded 2 times (x 70B)
Class org.jetbrains.kotlin.resolve.jvm.KotlinJavaPsiFacade$KotlinPsiElementFinderWrapperImplDumbAware: loaded 2 times (x 79B)
Class com.intellij.psi.PsiArrayType                                                   : loaded 2 times (x 110B)
Class com.intellij.psi.impl.source.tree.java.AnnotationParamListElement               : loaded 2 times (x 232B)
Class org.jetbrains.kotlin.metadata.ProtoBuf$ConstructorOrBuilder                     : loaded 2 times (x 67B)
Class com.intellij.psi.PsiImportList                                                  : loaded 2 times (x 67B)
Class com.intellij.openapi.editor.ex.PrioritizedDocumentListener$1                    : loaded 2 times (x 87B)
Class com.intellij.psi.search.impl.VirtualFileEnumeration$1                           : loaded 2 times (x 76B)
Class com.intellij.psi.LiteralTextEscaper                                             : loaded 2 times (x 73B)
Class org.jetbrains.kotlin.psi.stubs.elements.KtContractEffectElementType             : loaded 2 times (x 97B)
Class [Lorg.jetbrains.kotlin.psi.KtFileAnnotationList;                                : loaded 2 times (x 66B)
Class org.jetbrains.kotlin.psi.KtAnnotation                                           : loaded 2 times (x 445B)
Class org.jetbrains.kotlin.psi.KtAnnotationEntry                                      : loaded 2 times (x 520B)
Class org.jetbrains.kotlin.psi.stubs.KotlinConstructorStub                            : loaded 2 times (x 67B)
Class com.intellij.psi.impl.source.PsiJavaFileBaseImpl$MyCacheBuilder                 : loaded 2 times (x 73B)
Class org.jetbrains.kotlin.psi.stubs.elements.KtBackingFieldElementType               : loaded 2 times (x 100B)
Class org.jetbrains.kotlin.psi.KtClassLikeDeclaration                                 : loaded 2 times (x 67B)
Class com.intellij.openapi.vfs.impl.AddonlyKeylessHash$KeyValueMapper                 : loaded 2 times (x 72B)
Class [Lkotlinx.serialization.DeserializationStrategy;                                : loaded 2 times (x 66B)
Class com.intellij.openapi.fileTypes.OSFileIdeAssociation                             : loaded 2 times (x 67B)
Class org.jetbrains.kotlin.analysis.api.standalone.base.projectStructure.AnalysisApiSimpleServiceRegistrar: loaded 2 times (x 78B)
Class com.intellij.psi.PsiQualifiedReference                                          : loaded 2 times (x 67B)
Class kotlinx.coroutines.CompletableJob                                               : loaded 2 times (x 67B)
Class org.jetbrains.kotlin.idea.KotlinFileType                                        : loaded 2 times (x 90B)
Class com.intellij.ide.plugins.NonShareableJavaZipFilePool                            : loaded 2 times (x 70B)
Class com.intellij.openapi.fileTypes.BinaryFileTypeDecompilers                        : loaded 2 times (x 87B)
Class com.intellij.util.messages.impl.MessagePublisher                                : loaded 2 times (x 74B)
Class com.intellij.platform.diagnostic.telemetry.TelemetryManager                     : loaded 2 times (x 67B)
Class com.intellij.util.ReflectionUtil                                                : loaded 2 times (x 68B)
Class com.intellij.openapi.extensions.ExtensionPointListener                          : loaded 2 times (x 67B)
Class com.intellij.openapi.util.Segment                                               : loaded 2 times (x 67B)
Class com.intellij.openapi.progress.ProgressManager                                   : loaded 2 times (x 90B)
Class com.intellij.openapi.fileTypes.PlainTextParserDefinition                        : loaded 2 times (x 92B)
Class org.jetbrains.kotlin.cli.common.messages.PrintingMessageCollector               : loaded 2 times (x 77B)
Class com.android.tools.lint.ManualProject                                            : loaded 2 times (x 153B)
Class com.android.tools.lint.checks.WorkManagerDetector$Companion                     : loaded 2 times (x 68B)
Class [Lcom.intellij.lang.jvm.JvmAnnotation;                                          : loaded 2 times (x 66B)
Class com.android.tools.lint.checks.CleanupDetector$Companion                         : loaded 2 times (x 68B)
Class com.android.tools.lint.checks.AppBundleLocaleChangesDetector$Companion          : loaded 2 times (x 68B)
Class com.android.tools.lint.checks.ActionsXmlDetector                                : loaded 2 times (x 151B)
Class com.android.tools.lint.SyncOptions                                              : loaded 2 times (x 68B)
Class com.intellij.psi.PsiDirectoryContainer                                          : loaded 2 times (x 67B)
Class com.intellij.openapi.util.NotNullLazyValue$1                                    : loaded 2 times (x 75B)
Class kotlinx.coroutines.ChildHandle                                                  : loaded 2 times (x 67B)
Class [Lcom.android.tools.lint.client.api.LintDriver$DriverMode;                      : loaded 2 times (x 66B)
Class com.google.common.io.Java8Compatibility                                         : loaded 2 times (x 68B)
Class org.jetbrains.kotlin.statistics.metrics.OrMetricContainer                       : loaded 2 times (x 77B)
Class org.jetbrains.kotlin.gradle.tasks.AbstractKotlinCompile$friendPathsSet$1        : loaded 2 times (x 72B)
Class org.jetbrains.kotlin.build.report.metrics.BuildAttributes                       : loaded 2 times (x 69B)
Class org.jetbrains.kotlin.gradle.plugin.cocoapods.KotlinCocoapodsPlugin$Companion    : loaded 2 times (x 68B)
Class org.jetbrains.kotlin.gradle.plugin.mpp.compilationImpl.KotlinCompilationImpl    : loaded 2 times (x 137B)
Class [Lorg.jetbrains.kotlin.gradle.plugin.mpp.compilationImpl.factory.KotlinCompilationImplFactory$PostConfigure;: loaded 2 times (x 66B)
Class org.jetbrains.kotlin.konan.target.KonanTarget$MACOS_X64                         : loaded 2 times (x 75B)
Class org.jetbrains.kotlin.konan.util.Named                                           : loaded 2 times (x 67B)
Class org.jetbrains.kotlin.gradle.plugin.KotlinSourceSet$Companion                    : loaded 2 times (x 68B)
Class [Lorg.jetbrains.kotlin.gradle.report.BuildReportMode;                           : loaded 2 times (x 66B)
Class org.jetbrains.kotlin.statistics.metrics.BooleanOverridePolicy                   : loaded 2 times (x 82B)
Class com.google.common.collect.RegularImmutableMap$Values                            : loaded 2 times (x 204B)
Class org.jetbrains.kotlin.gradle.plugin.AbstractKotlinAndroidPluginWrapper           : loaded 2 times (x 83B)
Class org.gradle.internal.classloader.ClassLoaderSpec                                 : loaded 2 times (x 68B)
Class com.intellij.psi.impl.source.tree.java.ParameterListElement                     : loaded 2 times (x 238B)
Class com.fasterxml.aalto.in.InputBootstrapper                                        : loaded 2 times (x 81B)
Class org.jetbrains.kotlin.protobuf.SmallSortedMap                                    : loaded 2 times (x 127B)
Class com.intellij.lang.java.parser.JavaParserUtil                                    : loaded 2 times (x 68B)
Class org.jetbrains.kotlin.analysis.api.standalone.base.java.KotlinStandaloneJavaModuleAnnotationsProvider: loaded 2 times (x 74B)
Class [Lorg.jetbrains.kotlin.psi.KtDoubleColonExpression;                             : loaded 2 times (x 66B)
Class com.intellij.psi.util.PsiUtilCore$NullPsiFile                                   : loaded 2 times (x 535B)
Class com.intellij.psi.stubs.ILightStubElementType                                    : loaded 2 times (x 95B)
Class [Lorg.jetbrains.kotlin.psi.KtElementImplStub;                                   : loaded 2 times (x 66B)
Class org.jetbrains.kotlin.psi.KtClass                                                : loaded 2 times (x 1100B)
Class org.jetbrains.kotlin.psi.KtAnnotated                                            : loaded 2 times (x 67B)
Class com.intellij.ide.plugins.XmlReader$sam$java_util_function_Function$0            : loaded 2 times (x 76B)
Class org.codehaus.stax2.ri.typed.ValueDecoderFactory$QNameDecoder                    : loaded 2 times (x 82B)
Class com.intellij.psi.scope.processor.ConflictFilterProcessor                        : loaded 2 times (x 89B)
Class com.intellij.lang.java.parser.JavaParserUtil$ParserWrapper                      : loaded 2 times (x 67B)
Class com.intellij.psi.PsiCaseLabelElement                                            : loaded 2 times (x 67B)
Class kotlinx.coroutines.DebugStringsKt                                               : loaded 2 times (x 68B)
Class org.codehaus.stax2.ri.typed.ValueDecoderFactory$BaseArrayDecoder                : loaded 2 times (x 74B)
Class com.intellij.lang.jvm.JvmField                                                  : loaded 2 times (x 67B)
Class com.intellij.ide.plugins.ModuleDependenciesDescriptor                           : loaded 2 times (x 69B)
Class kotlinx.collections.immutable.ImmutableSet                                      : loaded 2 times (x 67B)
Class [Lcom.intellij.lang.Language;                                                   : loaded 2 times (x 66B)
Class com.intellij.util.ConcurrentLongObjectHashMap$ReservationNode                   : loaded 2 times (x 74B)
Class com.intellij.openapi.extensions.impl.ImplementationClassResolver                : loaded 2 times (x 67B)
Class org.picocontainer.PicoContainer                                                 : loaded 2 times (x 67B)
Class com.android.tools.lint.checks.WrongCaseDetector                                 : loaded 2 times (x 151B)
Class [Lcom.intellij.psi.PsiType$Stub;                                                : loaded 2 times (x 66B)
Class com.android.tools.lint.checks.GestureBackNavDetector                            : loaded 2 times (x 167B)
Class com.intellij.psi.PsiDocCommentOwner                                             : loaded 2 times (x 67B)
Class com.android.tools.lint.checks.ExifInterfaceDetector                             : loaded 2 times (x 167B)
Class com.android.tools.lint.checks.ChildCountDetector                                : loaded 2 times (x 151B)
Class com.android.tools.lint.detector.api.Scope                                       : loaded 2 times (x 76B)
Class com.intellij.openapi.vfs.VirtualFileSetFactory                                  : loaded 2 times (x 67B)
Class com.intellij.codeInsight.multiverse.CodeInsightContextManagerImpl$Companion     : loaded 2 times (x 68B)
Class com.intellij.psi.search.SearchScope                                             : loaded 2 times (x 74B)
Class com.intellij.psi.search.FileScope                                               : loaded 2 times (x 101B)
Class com.google.common.io.ByteSource$EmptyByteSource                                 : loaded 2 times (x 82B)
Class org.jetbrains.kotlin.gradle.plugin.statistics.DaemonReuseCounter$Companion      : loaded 2 times (x 68B)
Class org.jetbrains.kotlin.gradle.tasks.DefaultKotlinJavaToolchain$DefaultJavaToolchainSetter: loaded 2 times (x 72B)
Class org.jetbrains.kotlin.build.report.metrics.BuildAttributeKind                    : loaded 2 times (x 76B)
Class org.jetbrains.kotlin.gradle.plugin.mpp.KotlinCompilationsKt$moduleNameForCompilation$1: loaded 2 times (x 72B)
Class org.jetbrains.kotlin.gradle.plugin.sources.KotlinDependencyScopeKt              : loaded 2 times (x 68B)
Class org.jetbrains.kotlin.gradle.plugin.diagnostics.TransformActionUsingKotlinToolingDiagnostics$Parameters: loaded 2 times (x 67B)
Class org.jetbrains.kotlin.compilerRunner.CompilerSystemPropertiesService$Companion$registerIfAbsent$2$1: loaded 2 times (x 76B)
Class org.jetbrains.kotlin.gradle.plugin.mpp.KotlinCompilationsKt$addSourcesToKotlinCompileTask$1: loaded 2 times (x 72B)
Class org.jetbrains.kotlin.gradle.internal.KotlinDependenciesManagementKt$configureDefaultVersionsResolutionStrategy$1$1: loaded 2 times (x 72B)
Class org.jetbrains.kotlin.gradle.utils.KotlinExtensionUtilsKt$forAllTargets$1        : loaded 2 times (x 92B)
Class org.jetbrains.kotlin.gradle.plugin.diagnostics.CheckKotlinGradlePluginConfigurationErrorsKt$locateOrRegisterCheckKotlinGradlePluginErrorsTask$taskProvider$1: loaded 2 times (x 72B)
Class org.jetbrains.kotlin.gradle.plugin.diagnostics.checkers.OverriddenKotlinNativeHomeChecker$StdlibExistenceCheckerValueSource$Params: loaded 2 times (x 67B)
Class org.jetbrains.kotlin.gradle.dsl.PlatformSourceSetConventionsChecker$nativeTargetPresets$1$1: loaded 2 times (x 76B)
Class org.jetbrains.kotlin.gradle.tooling.BuildKotlinToolingMetadataTaskKt$buildKotlinToolingMetadataTask$1: loaded 2 times (x 75B)
Class org.jetbrains.kotlin.gradle.internal.Kapt3GradleSubplugin$Companion             : loaded 2 times (x 68B)
Class org.jetbrains.kotlin.gradle.plugin.mpp.compilationImpl.KotlinCreateCompilationArchiveTaskKt$KotlinRegisterCompilationArchiveTasksExtension$1: loaded 2 times (x 71B)
Class [Lorg.jetbrains.kotlin.statistics.metrics.NumberOverridePolicy;                 : loaded 2 times (x 66B)
Class org.jetbrains.kotlin.gradle.internal.properties.PropertiesBuildService$GradleProperty: loaded 2 times (x 67B)
Class org.jetbrains.kotlin.gradle.utils.StoredPropertyKt$projectStoredProperty$1      : loaded 2 times (x 75B)
Class org.objectweb.asm.AnnotationWriter                                              : loaded 2 times (x 76B)
Class com.google.common.cache.CacheStats                                              : loaded 2 times (x 68B)
Class org.jetbrains.kotlin.serialization.DescriptorSerializerPlugin                   : loaded 2 times (x 67B)
Class com.intellij.psi.impl.source.resolve.ResolveCache$PolyVariantContextResolver    : loaded 2 times (x 67B)
Class com.intellij.psi.text.BlockSupport$ReparsedSuccessfullyException                : loaded 2 times (x 79B)
Class org.jetbrains.kotlin.protobuf.SmallSortedMap$EmptySet                           : loaded 2 times (x 68B)
Class org.jetbrains.kotlin.protobuf.MessageLite                                       : loaded 2 times (x 67B)
Class [Lit.unimi.dsi.fastutil.objects.AbstractObject2ObjectFunction;                  : loaded 2 times (x 66B)
Class com.intellij.util.containers.PeekableIterator                                   : loaded 2 times (x 67B)
Class [Lorg.jetbrains.kotlin.psi.KtSuperTypeCallEntry;                                : loaded 2 times (x 66B)
Class [Lorg.jetbrains.kotlin.psi.KtDotQualifiedExpression;                            : loaded 2 times (x 66B)
Class org.jetbrains.kotlin.psi.KtAnnotationsContainer                                 : loaded 2 times (x 67B)
Class com.intellij.util.containers.ConcurrentSoftValueHashMap$MySoftReference         : loaded 2 times (x 81B)
Class com.intellij.psi.PsiBinaryFile                                                  : loaded 2 times (x 67B)
Class org.jetbrains.kotlin.analysis.project.structure.builder.KtSourceModuleBuilder$collectVirtualFilesByRoots$lambda$2$$inlined$sortBy$1: loaded 2 times (x 86B)
Class com.intellij.psi.impl.PsiElementFactoryImpl                                     : loaded 2 times (x 258B)
Class com.intellij.psi.PsiDirectory                                                   : loaded 2 times (x 67B)
Class kotlinx.coroutines.internal.LockFreeLinkedListNode$CondAddOp                    : loaded 2 times (x 74B)
Class kotlinx.coroutines.scheduling.CoroutineScheduler$Worker                         : loaded 2 times (x 107B)
Class com.intellij.psi.impl.IsConstantExpressionVisitor                               : loaded 2 times (x 205B)
Class com.fasterxml.aalto.in.ElementScope                                             : loaded 2 times (x 69B)
Class kotlinx.coroutines.CoroutineStart$WhenMappings                                  : loaded 2 times (x 68B)
Class com.intellij.util.graph.InboundSemiGraph                                        : loaded 2 times (x 67B)
Class io.opentelemetry.api.trace.Tracer                                               : loaded 2 times (x 67B)
Class com.intellij.psi.stubs.CoreStubTreeLoader                                       : loaded 2 times (x 78B)
Class it.unimi.dsi.fastutil.doubles.Double2ObjectFunction                             : loaded 2 times (x 67B)
Class com.intellij.psi.impl.ElementBase                                               : loaded 2 times (x 101B)
Class org.jetbrains.kotlin.cli.common.localfs.KotlinLocalFileSystem                   : loaded 2 times (x 100B)
Class com.intellij.util.ArrayUtil                                                     : loaded 2 times (x 68B)
Class org.jetbrains.kotlin.config.MavenComparableVersion$ListItem                     : loaded 2 times (x 215B)
Class com.intellij.openapi.util.ObjectNode                                            : loaded 2 times (x 69B)
Class com.intellij.util.containers.ConcurrentWeakHashMap                              : loaded 2 times (x 151B)
Class com.android.tools.lint.checks.UncaughtExceptionHandlerDetector$Companion        : loaded 2 times (x 68B)
Class com.android.tools.lint.checks.ProviderPermissionDetector$Companion              : loaded 2 times (x 68B)
Class com.android.tools.lint.checks.PendingIntentMutableImplicitDetector              : loaded 2 times (x 167B)
Class com.android.tools.lint.checks.HardcodedValuesDetector$Companion                 : loaded 2 times (x 68B)
Class [Lkotlinx.serialization.KSerializer;                                            : loaded 2 times (x 66B)
Class com.android.tools.lint.checks.DuplicateIdDetector                               : loaded 2 times (x 152B)
Class com.android.tools.lint.checks.DeletedProviderDetector$Companion                 : loaded 2 times (x 68B)
Class com.intellij.openapi.components.ServiceDescriptor                               : loaded 2 times (x 69B)
Class com.android.tools.lint.checks.C2dmDetector                                      : loaded 2 times (x 151B)
Class com.android.tools.lint.gradle.LintGradleUtilsKt                                 : loaded 2 times (x 68B)
Class com.intellij.openapi.vfs.impl.ArchiveHandler$1                                  : loaded 2 times (x 74B)
Class com.intellij.util.containers.LinkedCustomHashMap$Entry                          : loaded 2 times (x 76B)
Class com.intellij.openapi.vfs.VFileProperty                                          : loaded 2 times (x 76B)
Class com.intellij.psi.impl.source.PsiFileImpl$1                                      : loaded 2 times (x 74B)
Class build_eytmn3igv5w0cibthy6j170$_run_closure1                                     : loaded 2 times (x 136B)
Class com.google.common.collect.ImmutableMultisetGwtSerializationDependencies         : loaded 2 times (x 122B)
Class [Lcom.google.common.base.Predicate;                                             : loaded 2 times (x 66B)
Class com.google.common.collect.Interners                                             : loaded 2 times (x 68B)
Class org.jetbrains.kotlin.gradle.tasks.K2MultiplatformStructure$RefinesEdge          : loaded 2 times (x 69B)
Class org.jetbrains.kotlin.gradle.plugin.mpp.SyncLanguageSettingsWithKotlinExtensionSetupActionKt$SyncLanguageSettingsWithKotlinExtensionSetupAction$1$1: loaded 2 times (x 72B)
Class org.jetbrains.kotlin.gradle.tasks.configuration.TaskConfigAction$configureTask$1: loaded 2 times (x 76B)
Class org.jetbrains.kotlin.gradle.plugin.diagnostics.checkers.DuplicateSourceSetChecker$runChecks$1: loaded 2 times (x 85B)
Class org.jetbrains.kotlin.gradle.plugin.diagnostics.ToolingDiagnostic$Severity       : loaded 2 times (x 76B)
Class org.jetbrains.kotlin.gradle.dsl.JvmTarget                                       : loaded 2 times (x 76B)
Class org.jetbrains.kotlin.gradle.internal.ClassLoadersCachingBuildService            : loaded 2 times (x 73B)
Class org.jetbrains.kotlin.gradle.plugin.VariantImplementationFactories$Inject        : loaded 2 times (x 103B)
Class org.jetbrains.kotlin.gradle.plugin.VariantImplementationFactoriesConfigurator$Companion: loaded 2 times (x 68B)
Class org.objectweb.asm.RecordComponentWriter                                         : loaded 2 times (x 75B)
Class com.google.common.util.concurrent.AbstractFuture$Listener                       : loaded 2 times (x 69B)
Class Settings_gradle$1$1                                                             : loaded 2 times (x 71B)
Class org.jetbrains.kotlin.extensions.AnnotationBasedExtension                        : loaded 2 times (x 67B)
Class com.intellij.psi.impl.source.tree.LazyParseablePsiElement                       : loaded 2 times (x 351B)
Class [Lcom.intellij.psi.PsiJavaCodeReferenceElement;                                 : loaded 2 times (x 66B)
Class com.intellij.lang.SyntaxTreeBuilder$Marker                                      : loaded 2 times (x 67B)
Class [Lcom.intellij.openapi.vfs.CharsetToolkit$GuessedEncoding;                      : loaded 2 times (x 66B)
Class org.jetbrains.kotlin.psi.ValueArgumentName                                      : loaded 2 times (x 67B)
Class [Lorg.jetbrains.kotlin.psi.KtExpressionImplStub;                                : loaded 2 times (x 66B)
Class org.jetbrains.kotlin.psi.KtPureClassOrObject                                    : loaded 2 times (x 67B)
Class com.intellij.openapi.util.io.FileUtil                                           : loaded 2 times (x 68B)
Class com.intellij.psi.PsiConstantEvaluationHelper                                    : loaded 2 times (x 71B)
Class com.intellij.util.keyFMap.PairElementsFMap                                      : loaded 2 times (x 79B)
Class com.intellij.core.CoreLanguageLevelProjectExtension                             : loaded 2 times (x 75B)
Class com.intellij.psi.scope.MethodProcessorSetupFailedException                      : loaded 2 times (x 79B)
Class kotlin.random.AbstractPlatformRandom                                            : loaded 2 times (x 84B)
Class com.intellij.lang.java.JavaParserDefinition                                     : loaded 2 times (x 92B)
Class kotlin.collections.AbstractSet$Companion                                        : loaded 2 times (x 68B)
Class com.intellij.platform.diagnostic.telemetry.PlatformScopesKt                     : loaded 2 times (x 68B)
Class com.intellij.openapi.vfs.pointers.VirtualFilePointerContainer                   : loaded 2 times (x 67B)
Class com.intellij.ide.plugins.DynamicPluginListener                                  : loaded 2 times (x 67B)
Class [Lorg.jetbrains.kotlin.utils.DescriptionAware;                                  : loaded 2 times (x 66B)
Class com.intellij.openapi.projectRoots.JavaSdkVersion                                : loaded 2 times (x 76B)
Class com.android.tools.lint.client.api.LintDriver                                    : loaded 2 times (x 69B)
Class com.android.tools.lint.checks.WatchFaceEditorDetector$Issues                    : loaded 2 times (x 68B)
Class [Lorg.jetbrains.kotlin.psi.KtDeclarationWithBody;                               : loaded 2 times (x 66B)
Class com.android.tools.lint.detector.api.OtherFileScanner                            : loaded 2 times (x 67B)
Class [Lorg.jetbrains.kotlin.psi.KtValVarKeywordOwner;                                : loaded 2 times (x 66B)
Class org.jetbrains.uast.visitor.UastVisitor                                          : loaded 2 times (x 67B)
Class com.android.tools.lint.checks.AccessibilityViewScrollActionsDetector            : loaded 2 times (x 167B)
Class com.android.tools.lint.detector.api.Category                                    : loaded 2 times (x 72B)
Class com.google.common.collect.ForwardingSet                                         : loaded 2 times (x 148B)
Class [Lorg.jetbrains.kotlin.compilerRunner.KotlinCompilerArgumentsLogLevel;          : loaded 2 times (x 66B)
Class org.jetbrains.kotlin.gradle.tasks.KotlinCompile_Decorated                       : loaded 2 times (x 596B)
Class org.jetbrains.kotlin.gradle.plugin.mpp.SyncLanguageSettingsWithKotlinExtensionSetupActionKt$SyncLanguageSettingsWithKotlinExtensionSetupAction$1$2: loaded 2 times (x 72B)
Class org.jetbrains.kotlin.gradle.plugin.internal.BuildIdService$Companion            : loaded 2 times (x 68B)
Class org.jetbrains.kotlin.gradle.plugin.diagnostics.checkers.OverriddenKotlinNativeHomeChecker$StdlibExistenceCheckerValueSource$Companion: loaded 2 times (x 68B)
Class org.jetbrains.kotlin.gradle.targets.js.dsl.KotlinWasmSubTargetContainerDsl      : loaded 2 times (x 67B)
Class org.jetbrains.kotlin.gradle.plugin.diagnostics.checkers.WasmWasiEnvironmentChecker$1: loaded 2 times (x 75B)
Class org.jetbrains.kotlin.gradle.plugin.diagnostics.checkers.DisabledCinteropCommonizationInHmppProjectChecker: loaded 2 times (x 71B)
Class org.jetbrains.kotlin.gradle.plugin.diagnostics.checkers.NoKotlinTargetsDeclaredChecker: loaded 2 times (x 71B)
Class org.jetbrains.kotlin.gradle.utils.StoredPropertyStorage                         : loaded 2 times (x 69B)
Class org.jetbrains.kotlin.gradle.plugin.KotlinSourceSetContainer                     : loaded 2 times (x 67B)
Class org.objectweb.asm.Attribute                                                     : loaded 2 times (x 74B)
Class com.google.common.base.Supplier                                                 : loaded 2 times (x 67B)
Class org.gradle.internal.classloader.VisitableURLClassLoader                         : loaded 2 times (x 114B)
Class org.jetbrains.kotlin.types.DefaultTypeAttributeTranslator                       : loaded 2 times (x 72B)
Class it.unimi.dsi.fastutil.Arrays$ForkJoinGenericQuickSort                           : loaded 2 times (x 93B)
Class [Lcom.intellij.psi.impl.source.tree.TreeElement;                                : loaded 2 times (x 66B)
Class org.jetbrains.kotlin.storage.LockBasedStorageManager$ExceptionHandlingStrategy  : loaded 2 times (x 67B)
Class org.jetbrains.kotlin.psi.stubs.KotlinContextReceiverStub                        : loaded 2 times (x 67B)
Class com.intellij.openapi.util.Getter                                                : loaded 2 times (x 67B)
Class org.jetbrains.kotlin.psi.stubs.elements.KtStringTemplateExpressionElementType   : loaded 2 times (x 100B)
Class com.intellij.openapi.util.io.FileUtil$1                                         : loaded 2 times (x 74B)
Class [Lcom.fasterxml.aalto.in.NsBinding;                                             : loaded 2 times (x 66B)
Class [Lorg.jetbrains.kotlin.psi.KtCallElement;                                       : loaded 2 times (x 66B)
Class com.intellij.psi.impl.source.JavaDummyHolderFactory                             : loaded 2 times (x 84B)
Class com.intellij.psi.search.AbstractFilesScope                                      : loaded 2 times (x 105B)
Class kotlinx.coroutines.flow.FlowCollector                                           : loaded 2 times (x 67B)
Class com.fasterxml.aalto.in.NsBinding                                                : loaded 2 times (x 69B)
Class org.codehaus.stax2.ri.typed.ValueDecoderFactory$FloatArrayDecoder               : loaded 2 times (x 75B)
Class com.intellij.psi.impl.ConstantExpressionEvaluator                               : loaded 2 times (x 67B)
Class com.intellij.lang.LighterASTNode                                                : loaded 2 times (x 67B)
Class com.intellij.util.messages.impl.BaseBusConnection                               : loaded 2 times (x 78B)
Class it.unimi.dsi.fastutil.objects.Object2ObjectMap                                  : loaded 2 times (x 67B)
Class com.android.tools.lint.client.api.LintDriver$analyzeOnly$1                      : loaded 2 times (x 76B)
Class com.android.tools.lint.checks.PackageVisibilityDetector$Companion               : loaded 2 times (x 68B)
Class com.android.tools.lint.checks.ObjectAnimatorDetector$Companion                  : loaded 2 times (x 68B)
Class com.android.tools.lint.checks.KotlinNullnessAnnotationDetector$Issues           : loaded 2 times (x 68B)
Class com.android.tools.lint.checks.IteratorDetector                                  : loaded 2 times (x 167B)
Class com.android.tools.lint.checks.FullBackupContentDetector$Companion               : loaded 2 times (x 68B)
Class com.android.tools.lint.checks.CustomViewDetector                                : loaded 2 times (x 167B)
Class [Lcom.android.tools.lint.detector.api.Issue;                                    : loaded 2 times (x 66B)
Class org.jetbrains.kotlin.metadata.ProtoBuf$StringTable                              : loaded 2 times (x 105B)
Class com.android.tools.lint.detector.api.ApiConstraint                               : loaded 2 times (x 90B)
Class org.jetbrains.kotlin.protobuf.ByteString$Output                                 : loaded 2 times (x 83B)
Class org.jetbrains.kotlin.protobuf.UnmodifiableLazyStringList                        : loaded 2 times (x 274B)
Class com.intellij.lang.java.parser.BasicModuleParser                                 : loaded 2 times (x 71B)
Class [Lcom.intellij.psi.javadoc.PsiDocTag;                                           : loaded 2 times (x 66B)
Class org.jetbrains.kotlin.analysis.api.impl.base.java.source.JavaElementSourceWithSmartPointerFactory: loaded 2 times (x 77B)
Class com.google.common.io.CharSource$AsByteSource                                    : loaded 2 times (x 82B)
Class com.google.common.collect.ImmutableList$SerializedForm                          : loaded 2 times (x 70B)
Class org.jetbrains.kotlin.gradle.plugin.statistics.plugins.ObservablePlugins         : loaded 2 times (x 76B)
Class org.jetbrains.kotlin.gradle.plugin.sources.InternalKotlinSourceSetKt$awaitPlatformCompilations$1: loaded 2 times (x 85B)
Class [Lorg.jetbrains.kotlin.gradle.plugin.sources.KotlinDependencyScope;             : loaded 2 times (x 66B)
Class org.jetbrains.kotlin.gradle.tasks.configuration.BaseKotlinCompileConfig$configureCommonParameters$1: loaded 2 times (x 71B)
Class org.jetbrains.kotlin.gradle.plugin.mpp.compilationImpl.factory.ConfigurationNaming: loaded 2 times (x 67B)
Class org.jetbrains.kotlin.gradle.plugin.mpp.compilationImpl.DefaultKotlinCompilationPostConfigureKt: loaded 2 times (x 68B)
Class org.jetbrains.kotlin.konan.target.KonanTarget$WATCHOS_X64                       : loaded 2 times (x 75B)
Class org.jetbrains.kotlin.gradle.plugin.diagnostics.KotlinGradleProjectCheckersRunnerKt: loaded 2 times (x 68B)
Class [Lorg.jetbrains.kotlin.tooling.core.HasExtras;                                  : loaded 2 times (x 66B)
Class org.jetbrains.kotlin.gradle.plugin.diagnostics.checkers.IncorrectCompileOnlyDependenciesChecker: loaded 2 times (x 71B)
Class org.jetbrains.kotlin.gradle.plugin.diagnostics.checkers.WasmWasiEnvironmentChecker$2: loaded 2 times (x 75B)
Class org.jetbrains.kotlin.gradle.artifacts.KotlinLegacyCompatibilityMetadataArtifactKt$KotlinLegacyCompatibilityMetadataArtifact$1: loaded 2 times (x 71B)
Class org.jetbrains.kotlin.gradle.dsl.DefaultToolchainSupport$wireToolchainToTasks$1$1: loaded 2 times (x 72B)
Class org.jetbrains.kotlin.gradle.utils.SingleActionPerProject                        : loaded 2 times (x 70B)
Class org.jetbrains.kotlin.gradle.plugin.DefaultKotlinBasePlugin                      : loaded 2 times (x 79B)
Class org.gradle.internal.Cast                                                        : loaded 2 times (x 68B)
Class org.gradle.api.Action                                                           : loaded 2 times (x 67B)
Class com.google.common.collect.ImmutableMap$MapViewOfValuesAsSingletonSets           : loaded 2 times (x 123B)
Class org.jetbrains.kotlin.protobuf.CodedOutputStream                                 : loaded 2 times (x 69B)
Class org.jetbrains.kotlin.metadata.ProtoBuf$Annotation                               : loaded 2 times (x 106B)
Class com.intellij.psi.impl.cache.TypeInfo                                            : loaded 2 times (x 77B)
Class com.intellij.psi.PsiNameValuePair                                               : loaded 2 times (x 67B)
Class com.intellij.psi.impl.java.stubs.JavaAnnotationElementType                      : loaded 2 times (x 112B)
Class org.jetbrains.kotlin.psi.KtConstantExpression                                   : loaded 2 times (x 503B)
Class org.jetbrains.kotlin.psi.KtValueArgumentList                                    : loaded 2 times (x 451B)
Class org.jetbrains.kotlin.psi.stubs.KotlinAnnotationEntryStub                        : loaded 2 times (x 67B)
Class [Lcom.intellij.psi.PsiFileSystemItem;                                           : loaded 2 times (x 66B)
Class com.intellij.psi.impl.file.PsiLargeBinaryFileImpl                               : loaded 2 times (x 848B)
Class com.google.common.collect.RegularImmutableMap                                   : loaded 2 times (x 118B)
Class org.jetbrains.kotlin.gradle.internal.properties.PropertiesBuildService$IntGradleProperty: loaded 2 times (x 73B)
Class kotlinx.coroutines.NodeList                                                     : loaded 2 times (x 76B)
Class kotlinx.coroutines.CompletedExceptionally                                       : loaded 2 times (x 69B)
Class kotlin.coroutines.AbstractCoroutineContextKey                                   : loaded 2 times (x 69B)
Class com.intellij.util.pico.CyclicDependencyException                                : loaded 2 times (x 79B)
Class com.intellij.psi.impl.source.CodeFragmentElement                                : loaded 2 times (x 278B)
Class com.intellij.util.pico.PicoIntrospectionException                               : loaded 2 times (x 79B)
Class org.jetbrains.kotlin.gradle.plugin.mpp.KotlinUsages$KotlinMetadataDisambiguation: loaded 2 times (x 73B)
Class com.android.tools.lint.UastEnvironment$Configuration$Companion                  : loaded 2 times (x 68B)
Class com.android.tools.lint.checks.SplashScreenDetector                              : loaded 2 times (x 167B)
Class com.android.tools.lint.checks.PermissionErrorDetector$Companion                 : loaded 2 times (x 68B)
Class com.android.tools.lint.checks.GestureBackNavDetector$Companion                  : loaded 2 times (x 68B)
Class com.android.tools.lint.checks.CredentialManagerDependencyDetector               : loaded 2 times (x 151B)
Class org.jetbrains.kotlin.gradle.plugin.mpp.compilationImpl.KotlinCompilationSideEffect$Companion: loaded 2 times (x 68B)
Class com.android.tools.lint.detector.api.GradleContext                               : loaded 2 times (x 76B)
Class com.android.tools.lint.detector.api.TextFormat                                  : loaded 2 times (x 76B)
Class org.jetbrains.kotlin.gradle.artifacts.KotlinLegacyMetadataArtifactKt$KotlinLegacyMetadataArtifact$1: loaded 2 times (x 71B)
Class org.jetbrains.kotlin.gradle.artifacts.KotlinNativeHostSpecificMetadataArtifactKt$KotlinNativeHostSpecificMetadataArtifact$1: loaded 2 times (x 71B)
Class org.jetbrains.kotlin.konan.target.KonanTarget$ANDROID_ARM64                     : loaded 2 times (x 75B)
Class org.jetbrains.kotlin.gradle.plugin.mpp.compilationImpl.KotlinCompilationFriendPathsResolver: loaded 2 times (x 67B)
Class com.google.common.io.Resources                                                  : loaded 2 times (x 68B)
Class org.jetbrains.kotlin.statistics.metrics.StatisticsValuesConsumer$DefaultImpls   : loaded 2 times (x 68B)
Class com.google.common.collect.MapMakerInternalMap                                   : loaded 2 times (x 158B)
Class com.google.common.collect.HashBiMap                                             : loaded 2 times (x 140B)
Class [Lorg.jetbrains.kotlin.gradle.plugin.mpp.KotlinUsageContext$MavenScope;         : loaded 2 times (x 66B)
Class org.jetbrains.kotlin.gradle.tasks.configuration.BaseKotlinCompileConfig$configureCommonParameters$2: loaded 2 times (x 72B)
Class org.jetbrains.kotlin.gradle.plugin.mpp.compilationImpl.KotlinCompilationCompilerOptionsFromTargetConfigurator: loaded 2 times (x 71B)
Class com.google.common.base.Strings                                                  : loaded 2 times (x 68B)
Class org.jetbrains.kotlin.gradle.utils.FailuresKt$ideaSyncClasspathModeUtil$1        : loaded 2 times (x 69B)
Class org.jetbrains.kotlin.gradle.plugin.diagnostics.KotlinToolingDiagnosticsCollector$Inject: loaded 2 times (x 93B)
Class org.jetbrains.kotlin.gradle.artifacts.KotlinJsKlibArtifactKt                    : loaded 2 times (x 68B)
Class org.jetbrains.kotlin.gradle.dsl.KotlinTargetContainerWithWasmPresetFunctions    : loaded 2 times (x 67B)
Class org.jetbrains.kotlin.gradle.plugin.GradleUtilsKt                                : loaded 2 times (x 68B)
Class org.jetbrains.kotlin.gradle.internal.properties.PropertiesBuildService          : loaded 2 times (x 73B)
Class org.objectweb.asm.Handler                                                       : loaded 2 times (x 69B)
Class com.google.common.base.Ticker                                                   : loaded 2 times (x 69B)
Class com.intellij.lang.PsiBuilderUtil                                                : loaded 2 times (x 68B)
Class com.intellij.lang.java.lexer.BasicJavaLexer$LiteralType                         : loaded 2 times (x 76B)
Class com.intellij.openapi.vfs.transformer.TextPresentationTransformers$Companion     : loaded 2 times (x 68B)
Class org.jetbrains.kotlin.psi.KtFunctionTypeReceiver                                 : loaded 2 times (x 443B)
Class [Lorg.jetbrains.kotlin.psi.KtNullableType;                                      : loaded 2 times (x 66B)
Class com.intellij.psi.stubs.StubTreeLoader$StubTreeAndIndexUnmatchCoarseException    : loaded 2 times (x 81B)
Class org.jetbrains.kotlin.gradle.tasks.configuration.AbstractKotlinCompileConfig$1   : loaded 2 times (x 76B)
Class org.jetbrains.kotlin.gradle.plugin.sources.KotlinDependencyScope                : loaded 2 times (x 76B)
Class org.jetbrains.kotlin.gradle.plugin.mpp.KotlinMetadataCompilation                : loaded 2 times (x 67B)
Class org.jetbrains.kotlin.gradle.utils.FutureKt$future$1                             : loaded 2 times (x 92B)
Class com.intellij.util.containers.WeakInterner                                       : loaded 2 times (x 72B)
Class com.intellij.psi.impl.source.resolve.PsiResolveHelperImpl                       : loaded 2 times (x 108B)
Class com.intellij.psi.impl.file.PsiDirectoryFactory                                  : loaded 2 times (x 73B)
Class kotlinx.coroutines.flow.FlowKt__ShareKt                                         : loaded 2 times (x 68B)
Class org.codehaus.stax2.ri.typed.ValueDecoderFactory$DecoderBase                     : loaded 2 times (x 81B)
Class com.intellij.codeInsight.folding.impl.JavaFoldingBuilderBase                    : loaded 2 times (x 95B)
Class com.intellij.ide.highlighter.ArchiveFileType                                    : loaded 2 times (x 86B)
Class com.intellij.util.ConcurrentLongObjectHashMap$ValuesView                        : loaded 2 times (x 109B)
Class com.intellij.lang.impl.PsiBuilderFactoryImpl                                    : loaded 2 times (x 74B)
Class com.intellij.psi.impl.source.tree.LeafPsiElement                                : loaded 2 times (x 337B)
Class com.intellij.util.containers.UtilKt                                             : loaded 2 times (x 68B)
Class org.jetbrains.kotlin.config.JvmTarget                                           : loaded 2 times (x 80B)
Class com.android.tools.lint.detector.api.Detector$XmlScanner                         : loaded 2 times (x 67B)
Class [Lcom.android.tools.lint.detector.api.Option;                                   : loaded 2 times (x 66B)
Class com.android.tools.lint.checks.UseKtxDetector                                    : loaded 2 times (x 176B)
Class com.android.tools.lint.checks.PowerManagerDetector                              : loaded 2 times (x 169B)
Class com.android.tools.lint.checks.MotionSceneDetector$Companion                     : loaded 2 times (x 68B)
Class com.android.tools.lint.checks.MotionLayoutDetector$Companion                    : loaded 2 times (x 68B)
Class com.android.tools.lint.checks.MotionLayoutDetector                              : loaded 2 times (x 152B)
Class com.android.tools.lint.detector.api.Severity$Companion                          : loaded 2 times (x 68B)
Class org.jetbrains.kotlin.gradle.report.GradleBuildMetricsReporter                   : loaded 2 times (x 95B)
Class org.jetbrains.kotlin.gradle.tasks.KotlinCompile$androidLayoutResources$1        : loaded 2 times (x 71B)
Class com.google.common.io.ByteArrayDataOutput                                        : loaded 2 times (x 67B)
Class com.android.tools.lint.client.api.Configuration$Companion                       : loaded 2 times (x 68B)
Class com.google.common.collect.ImmutableSortedSet$Builder                            : loaded 2 times (x 83B)
Class org.jetbrains.kotlin.gradle.tasks.KotlinCompile$javaSources$1                   : loaded 2 times (x 72B)
Class org.jetbrains.kotlin.incremental.IncrementalCompilationFeatures                 : loaded 2 times (x 68B)
Class org.jetbrains.kotlin.gradle.plugin.KotlinTarget$DefaultImpls                    : loaded 2 times (x 68B)
Class org.jetbrains.kotlin.gradle.plugin.diagnostics.KotlinToolingDiagnosticsCollector: loaded 2 times (x 73B)
Class org.jetbrains.kotlin.gradle.plugin.mpp.compilationImpl.KotlinCreateCompilationArchiveTaskKt: loaded 2 times (x 68B)
Class org.jetbrains.kotlin.tooling.core.MutableExtrasImpl                             : loaded 2 times (x 162B)
Class org.jetbrains.kotlin.gradle.plugin.statistics.KotlinBuildStatsMXBean            : loaded 2 times (x 67B)
Class org.jetbrains.kotlin.gradle.utils.FileUtilsKt                                   : loaded 2 times (x 68B)
Class [Lcom.google.common.cache.LocalCache$Segment;                                   : loaded 2 times (x 66B)
Class [Lcom.google.common.cache.LocalCache$Strength;                                  : loaded 2 times (x 66B)
Class com.google.common.cache.CacheBuilder$1                                          : loaded 2 times (x 82B)
Class org.gradle.internal.classpath.DefaultClassPath$ImmutableUniqueList$Builder      : loaded 2 times (x 72B)
Class org.jetbrains.kotlin.extensions.internal.TypeResolutionInterceptorExtension     : loaded 2 times (x 67B)
Class com.intellij.openapi.progress.WrappedProgressIndicator                          : loaded 2 times (x 67B)
Class com.intellij.psi.impl.source.tree.java.ImportListElement                        : loaded 2 times (x 232B)
Class com.intellij.lang.java.parser.BasicPrattExpressionParser$InstanceofParser       : loaded 2 times (x 72B)
Class org.jetbrains.kotlin.protobuf.Internal$EnumLite                                 : loaded 2 times (x 67B)
Class com.intellij.psi.impl.source.BasicJavaElementType$FrontBackTypeTextElementType  : loaded 2 times (x 86B)
Class [Lcom.intellij.lang.FileASTNode;                                                : loaded 2 times (x 66B)
Class org.jetbrains.kotlin.analysis.api.platform.java.KotlinJavaModuleAccessibilityChecker: loaded 2 times (x 67B)
Class com.intellij.navigation.NavigationItem                                          : loaded 2 times (x 67B)
Class org.jetbrains.kotlin.psi.KtTypeElement                                          : loaded 2 times (x 67B)
Class org.jetbrains.kotlin.psi.KtCallableDeclaration                                  : loaded 2 times (x 67B)
Class org.jetbrains.kotlin.psi.KtDeclarationWithBody                                  : loaded 2 times (x 67B)
Class kotlin.collections.GroupingKt                                                   : loaded 2 times (x 68B)
Class com.intellij.util.text.CharArrayExternalizable                                  : loaded 2 times (x 67B)
Class [Lkotlinx.serialization.SerializationStrategy;                                  : loaded 2 times (x 66B)
Class com.android.tools.lint.checks.AppLinksValidDetector$Companion                   : loaded 2 times (x 68B)
Class com.android.tools.lint.checks.ServiceCastDetector                               : loaded 2 times (x 167B)
Class com.intellij.psi.impl.file.impl.ClassicFileViewProviderCache                    : loaded 2 times (x 86B)
Class com.intellij.openapi.vfs.VirtualFileVisitor                                     : loaded 2 times (x 73B)
Class com.android.tools.lint.checks.UseCompoundDrawableDetector$Companion             : loaded 2 times (x 68B)
Class com.intellij.openapi.extensions.impl.ExtensionsAreaImplKt                       : loaded 2 times (x 68B)
Class com.fasterxml.aalto.in.InputCharTypes                                           : loaded 2 times (x 69B)
Class kotlinx.coroutines.CoroutineStart                                               : loaded 2 times (x 76B)
Class kotlinx.coroutines.scheduling.UnlimitedIoScheduler                              : loaded 2 times (x 99B)
Class [Lcom.intellij.util.ConcurrentLongObjectHashMap$Node;                           : loaded 2 times (x 66B)
Class io.opentelemetry.api.trace.TracerProvider                                       : loaded 2 times (x 67B)
Class com.intellij.lang.ASTNode                                                       : loaded 2 times (x 67B)
Class com.intellij.openapi.editor.ex.PrioritizedDocumentListener                      : loaded 2 times (x 67B)
Class com.intellij.openapi.util.Disposer$CheckedDisposableImpl                        : loaded 2 times (x 76B)
Class org.picocontainer.ComponentAdapter                                              : loaded 2 times (x 67B)
Class com.intellij.util.pico.DefaultPicoContainer                                     : loaded 2 times (x 84B)
Class com.intellij.diagnostic.LoadingState                                            : loaded 2 times (x 76B)
Class com.android.tools.lint.checks.WearMaterialThemeDetector                         : loaded 2 times (x 167B)
Class com.android.tools.lint.checks.ToastDetector$Companion                           : loaded 2 times (x 68B)
Class com.android.tools.lint.checks.StorageDetector$Companion                         : loaded 2 times (x 68B)
Class com.android.tools.lint.checks.ShortcutUsageDetector$Companion                   : loaded 2 times (x 68B)
Class com.android.tools.lint.checks.SelectedPhotoAccessDetector$Companion             : loaded 2 times (x 68B)
Class com.android.tools.lint.checks.ParcelDetector                                    : loaded 2 times (x 167B)
Class com.intellij.lang.jvm.JvmElement                                                : loaded 2 times (x 67B)
Class com.android.tools.lint.detector.api.Detector                                    : loaded 2 times (x 138B)
Class com.android.tools.lint.checks.WatchFaceForAndroidXDetector                      : loaded 2 times (x 151B)
Class com.android.tools.lint.checks.WrongThreadInterproceduralDetector                : loaded 2 times (x 167B)
Class [Lorg.jetbrains.kotlin.config.JvmTarget;                                        : loaded 2 times (x 66B)
Class com.android.tools.lint.client.api.ConfigurationHierarchy$Companion              : loaded 2 times (x 68B)
Class com.android.tools.lint.client.api.CircularDependencyException                   : loaded 2 times (x 83B)
Class com.google.common.collect.MapMakerInternalMap$WeakValueReference                : loaded 2 times (x 67B)
Class org.jetbrains.kotlin.gradle.plugin.mpp.KotlinCompilationFactory$DefaultImpls    : loaded 2 times (x 68B)
Class com.google.common.collect.AbstractRangeSet                                      : loaded 2 times (x 111B)
Class org.jetbrains.kotlin.gradle.plugin.diagnostics.checkers.InternalGradlePropertiesUsageChecker: loaded 2 times (x 71B)
Class org.jetbrains.kotlin.gradle.plugin.mpp.compilationImpl.CreateCInteropTasksSideEffectKt: loaded 2 times (x 68B)
Class org.jetbrains.kotlin.gradle.targets.metadata.KotlinMetadataTargetConfiguratorKt : loaded 2 times (x 68B)
Class org.jetbrains.kotlin.gradle.testing.internal.KotlinTestsRegistry$Companion      : loaded 2 times (x 68B)
Class org.jetbrains.kotlin.gradle.dsl.KotlinCommonCompilerToolOptions                 : loaded 2 times (x 67B)
Class org.jetbrains.kotlin.gradle.internal.properties.PropertiesBuildService$Companion$registerIfAbsent$1: loaded 2 times (x 72B)
Class org.jetbrains.kotlin.gradle.plugin.internal.DefaultConfigurationCacheStartParameterAccessorVariantFactory: loaded 2 times (x 73B)
Class com.google.common.cache.LocalCache                                              : loaded 2 times (x 184B)
Class com.google.common.cache.CacheBuilder$2                                          : loaded 2 times (x 76B)
Class com.intellij.psi.impl.source.tree.RecursiveTreeElementWalkingVisitor$1          : loaded 2 times (x 77B)
Class com.intellij.openapi.progress.impl.NonCancelableIndicator                       : loaded 2 times (x 118B)
Class com.intellij.lang.java.parser.BasicPrattExpressionParser$ConditionalExprParser  : loaded 2 times (x 72B)
Class com.intellij.lexer.FlexLexer                                                    : loaded 2 times (x 67B)
Class org.jetbrains.kotlin.cli.jvm.compiler.KotlinCoreApplicationEnvironmentMode$UnitTest: loaded 2 times (x 68B)
Class org.jetbrains.kotlin.psi.KtImportInfo                                           : loaded 2 times (x 67B)
Class [Lorg.jetbrains.kotlin.psi.KtObjectDeclaration;                                 : loaded 2 times (x 66B)
Class com.intellij.util.pico.PicoException                                            : loaded 2 times (x 79B)
Class com.intellij.openapi.application.AccessToken                                    : loaded 2 times (x 72B)
Class com.intellij.psi.presentation.java.PackagePresentationProvider                  : loaded 2 times (x 71B)
Class com.intellij.openapi.application.impl.ModalityStateEx                           : loaded 2 times (x 70B)
Class org.jetbrains.kotlin.cli.jvm.compiler.MockExternalAnnotationsManager            : loaded 2 times (x 86B)
Class kotlinx.coroutines.JobCancellationException                                     : loaded 2 times (x 82B)
Class com.intellij.openapi.roots.FileIndexFacade                                      : loaded 2 times (x 83B)
Class org.codehaus.stax2.ri.typed.ValueDecoderFactory$DecimalDecoder                  : loaded 2 times (x 82B)
Class kotlinx.coroutines.CoroutineId                                                  : loaded 2 times (x 90B)
Class kotlinx.coroutines.EventLoopImplBase                                            : loaded 2 times (x 114B)
Class com.intellij.psi.JavaRecursiveElementWalkingVisitor                             : loaded 2 times (x 207B)
Class com.intellij.psi.PsiLocalVariable                                               : loaded 2 times (x 67B)
Class com.intellij.codeInsight.JavaContainerProvider                                  : loaded 2 times (x 71B)
Class com.intellij.psi.PsiComment                                                     : loaded 2 times (x 67B)
Class org.jetbrains.kotlin.config.LanguageVersion                                     : loaded 2 times (x 88B)
Class org.jetbrains.kotlin.analysis.api.standalone.base.projectStructure.StandaloneProjectFactory: loaded 2 times (x 68B)
Class it.unimi.dsi.fastutil.objects.AbstractObject2ObjectFunction                     : loaded 2 times (x 100B)
Class com.intellij.openapi.diagnostic.ControlFlowException                            : loaded 2 times (x 67B)
Class [Lcom.android.tools.lint.detector.api.BooleanOption;                            : loaded 2 times (x 66B)
Class com.android.tools.lint.checks.StringCasingDetector$Companion                    : loaded 2 times (x 68B)
Class com.android.tools.lint.checks.RequiresFeatureDetector                           : loaded 2 times (x 167B)
Class com.android.tools.lint.checks.InefficientWeightDetector                         : loaded 2 times (x 152B)
Class com.android.tools.lint.checks.IncludeDetector                                   : loaded 2 times (x 151B)
Class com.android.tools.lint.checks.CommunicationDeviceDetector$Companion             : loaded 2 times (x 68B)
Class com.android.tools.lint.detector.api.Context                                     : loaded 2 times (x 73B)
Class com.intellij.openapi.util.NotNullLazyValue                                      : loaded 2 times (x 75B)
Class org.jetbrains.kotlin.psi.stubs.KotlinFileStub                                   : loaded 2 times (x 67B)
Class Build_gradle$inlined$sam$i$org_gradle_api_Action$0                              : loaded 2 times (x 72B)
Class org.jetbrains.kotlin.build.report.metrics.BuildPerformanceMetrics$Companion     : loaded 2 times (x 68B)
Class org.jetbrains.kotlin.cli.common.arguments.K2JVMCompilerArguments                : loaded 2 times (x 78B)
Class org.jetbrains.kotlin.gradle.plugin.mpp.compilationImpl.DefaultKotlinCompilationSourceSetsContainer$source$1: loaded 2 times (x 76B)
Class org.jetbrains.kotlin.gradle.internal.KotlinTestDependencyManagementKt           : loaded 2 times (x 68B)
Class org.jetbrains.kotlin.konan.target.KonanTarget$ANDROID_X64                       : loaded 2 times (x 75B)
Class [Lorg.jetbrains.kotlin.gradle.plugin.sources.ConsistencyCheck;                  : loaded 2 times (x 66B)
Class org.jetbrains.kotlin.gradle.report.ReportingSettings                            : loaded 2 times (x 69B)
Class org.jetbrains.kotlin.statistics.metrics.StringAnonymizationPolicy$ComponentVersionAnonymizer: loaded 2 times (x 75B)
Class com.google.common.collect.ArrayListMultimap                                     : loaded 2 times (x 169B)
Class com.google.common.cache.CacheBuilder$3                                          : loaded 2 times (x 69B)
Class [Lcom.google.common.collect.AbstractMapEntry;                                   : loaded 2 times (x 66B)
Class com.google.common.collect.ImmutableEntry                                        : loaded 2 times (x 79B)
Class org.jetbrains.kotlin.gradle.plugin.KotlinBasePluginWrapper                      : loaded 2 times (x 83B)
Class org.gradle.api.GradleException                                                  : loaded 2 times (x 79B)
Class [Lcom.intellij.psi.ResolveResult;                                               : loaded 2 times (x 66B)
Class [Lcom.intellij.lang.java.parser.BasicDeclarationParser$BaseContext;             : loaded 2 times (x 66B)
Class com.intellij.lang.impl.PsiBuilderImpl$ErrorItem                                 : loaded 2 times (x 103B)
Class org.jetbrains.kotlin.metadata.deserialization.BinaryVersion                     : loaded 2 times (x 71B)
Class org.jetbrains.kotlin.cli.jvm.modules.CliJavaModuleFinder$systemModules$1        : loaded 2 times (x 77B)
Class com.intellij.openapi.extensions.ExtensionPointPriorityListener                  : loaded 2 times (x 67B)
Class [Lorg.jetbrains.kotlin.psi.KtConstantExpression;                                : loaded 2 times (x 66B)
Class [Lorg.jetbrains.kotlin.psi.KtConstructor;                                       : loaded 2 times (x 66B)
Class org.jetbrains.kotlin.psi.stubs.elements.KtTypeAliasElementType                  : loaded 2 times (x 97B)
Class [Lorg.jetbrains.kotlin.psi.KtPropertyAccessor;                                  : loaded 2 times (x 66B)
Class [Lorg.jetbrains.kotlin.psi.KtClassOrObject;                                     : loaded 2 times (x 66B)
Class com.intellij.psi.AbstractFileViewProvider$VirtualFileContent                    : loaded 2 times (x 77B)
Class com.fasterxml.aalto.in.NsDeclaration                                            : loaded 2 times (x 69B)
Class com.intellij.util.containers.LinkedCustomHashMap$RemoveCallback                 : loaded 2 times (x 67B)
Class [Lcom.intellij.psi.impl.ElementBase;                                            : loaded 2 times (x 66B)
Class com.intellij.util.containers.ConcurrentSoftValueHashMap                         : loaded 2 times (x 146B)
Class com.intellij.psi.controlFlow.ControlFlowPolicy                                  : loaded 2 times (x 67B)
Class com.intellij.core.CoreJavaCodeStyleManager$1                                    : loaded 2 times (x 207B)
Class kotlinx.coroutines.internal.ConcurrentLinkedListKt                              : loaded 2 times (x 68B)
Class org.jetbrains.kotlin.analysis.decompiler.stub.file.DummyFileAttributeService    : loaded 2 times (x 82B)
Class org.jetbrains.kotlin.load.kotlin.KotlinBinaryClassCache$Companion               : loaded 2 times (x 68B)
Class com.fasterxml.aalto.util.DataUtil                                               : loaded 2 times (x 68B)
Class com.intellij.ide.plugins.DescriptorListLoadingContext                           : loaded 2 times (x 76B)
Class com.intellij.psi.PsiFragment                                                    : loaded 2 times (x 67B)
Class com.intellij.psi.PsiReferenceContributor                                        : loaded 2 times (x 69B)
Class com.intellij.util.messages.impl.MessageBusImpl$MessageHandlerHolder             : loaded 2 times (x 67B)
Class com.intellij.openapi.fileTypes.FileTypeRegistry                                 : loaded 2 times (x 78B)
Class com.intellij.openapi.vfs.DeprecatedVirtualFileSystem                            : loaded 2 times (x 98B)
Class com.intellij.core.CoreApplicationEnvironment$1                                  : loaded 2 times (x 446B)
Class com.intellij.util.lang.JavaVersion                                              : loaded 2 times (x 71B)
Class org.jetbrains.kotlin.psi.KtObjectDeclaration                                    : loaded 2 times (x 1100B)
Class com.android.tools.lint.checks.WatchFaceEditorDetector                           : loaded 2 times (x 151B)
Class com.android.tools.lint.checks.UnsafeImplicitIntentDetector                      : loaded 2 times (x 167B)
Class com.android.tools.lint.checks.SamDetector$Issues                                : loaded 2 times (x 68B)
Class [Lorg.jetbrains.kotlin.psi.KtTypeProjection;                                    : loaded 2 times (x 66B)
Class com.android.tools.lint.checks.CheckResultDetector$Companion                     : loaded 2 times (x 68B)
Class com.android.tools.lint.checks.CheckResultDetector                               : loaded 2 times (x 167B)
Class com.android.tools.lint.checks.BinderGetCallingInMainThreadDetector$Method       : loaded 2 times (x 69B)
Class [Lcom.android.tools.lint.detector.api.Scope;                                    : loaded 2 times (x 66B)
Class org.jetbrains.kotlin.storage.MemoizedFunctionToNotNull                          : loaded 2 times (x 67B)
Class org.jetbrains.kotlin.protobuf.GeneratedMessageLite$ExtendableMessageOrBuilder   : loaded 2 times (x 67B)
Class com.google.common.base.Suppliers$MemoizingSupplier                              : loaded 2 times (x 76B)
Class com.google.common.io.CharSource$EmptyCharSource                                 : loaded 2 times (x 83B)
Class org.jetbrains.kotlin.gradle.plugin.statistics.NonSynchronizedMetricsContainer$MetricDescriptor: loaded 2 times (x 72B)
Class org.jetbrains.kotlin.gradle.plugin.diagnostics.KotlinToolingDiagnostics$JsEnvironmentNotChosenExplicitly: loaded 2 times (x 70B)
Class org.jetbrains.kotlin.gradle.plugin.ProjectLocalConfigurations$ProjectLocalCompatibility: loaded 2 times (x 73B)
Class org.jetbrains.kotlin.gradle.dsl.KotlinJvmCompilerOptions                        : loaded 2 times (x 67B)
Class org.jetbrains.kotlin.gradle.plugin.internal.DefaultProjectIsolationStartParameterAccessor$Factory: loaded 2 times (x 73B)
Class [Lcom.intellij.lang.java.parser.DeclarationParser$Context;                      : loaded 2 times (x 66B)
Class org.jetbrains.kotlin.metadata.ProtoBuf$EnumEntry$1                              : loaded 2 times (x 141B)
Class [Lcom.intellij.psi.tree.ParentAwareTokenSet;                                    : loaded 2 times (x 66B)
Class com.intellij.psi.impl.source.BasicJavaElementType                               : loaded 2 times (x 67B)
Class org.jetbrains.kotlin.cli.jvm.index.JavaRoot$RootTypes                           : loaded 2 times (x 68B)
Class org.jetbrains.kotlin.storage.NotNullLazyValue                                   : loaded 2 times (x 67B)
Class com.intellij.util.BitUtil                                                       : loaded 2 times (x 68B)
Class org.jetbrains.kotlin.psi.KtFileAnnotationList                                   : loaded 2 times (x 505B)
Class org.jetbrains.kotlin.psi.KtProperty                                             : loaded 2 times (x 1323B)
Class com.fasterxml.aalto.util.UriCanonicalizer$CanonicalKey                          : loaded 2 times (x 69B)
Class org.jetbrains.kotlin.metadata.ProtoBuf$FunctionOrBuilder                        : loaded 2 times (x 67B)
Class com.intellij.lang.java.parser.DeclarationParser$Context                         : loaded 2 times (x 76B)
Class com.intellij.psi.impl.source.tree.java.ClassElement                             : loaded 2 times (x 241B)
Class com.intellij.psi.PsiImportHolder                                                : loaded 2 times (x 67B)
Class com.intellij.core.CoreJavaCodeStyleManager$2                                    : loaded 2 times (x 70B)
Class org.jetbrains.kotlin.cli.jvm.compiler.KotlinCoreEnvironment$Companion$getOrCreateApplicationEnvironment$1$2: loaded 2 times (x 71B)
Class com.intellij.ide.plugins.IdeaPluginDescriptorImpl                               : loaded 2 times (x 128B)
Class com.fasterxml.aalto.in.ByteBasedPName                                           : loaded 2 times (x 80B)
Class com.fasterxml.aalto.in.StreamScanner                                            : loaded 2 times (x 145B)
Class kotlinx.coroutines.DefaultExecutorKt                                            : loaded 2 times (x 68B)
Class kotlinx.coroutines.Unconfined                                                   : loaded 2 times (x 96B)
Class kotlinx.coroutines.GlobalScope                                                  : loaded 2 times (x 71B)
Class com.intellij.util.xml.dom.XmlInterner                                           : loaded 2 times (x 67B)
Class com.intellij.psi.meta.MetaDataContributor                                       : loaded 2 times (x 67B)
Class com.intellij.psi.stubs.BinaryFileStubBuilder                                    : loaded 2 times (x 67B)
Class com.intellij.util.pico.TooManySatisfiableConstructorsException                  : loaded 2 times (x 79B)
Class com.intellij.psi.stubs.StubElementRegistryService                               : loaded 2 times (x 67B)
Class com.intellij.platform.diagnostic.telemetry.NoopTelemetryManager                 : loaded 2 times (x 83B)
Class com.intellij.openapi.vfs.impl.BulkVirtualFileListenerAdapter                    : loaded 2 times (x 75B)
Class com.intellij.util.containers.ConcurrentFactoryMap$2                             : loaded 2 times (x 146B)
Class com.intellij.mock.MockComponentManager$1                                        : loaded 2 times (x 84B)
Class com.intellij.ide.plugins.PluginEnabler$Headless                                 : loaded 2 times (x 67B)
Class it.unimi.dsi.fastutil.objects.Object2ObjectMap$FastEntrySet                     : loaded 2 times (x 67B)
Class com.intellij.util.containers.ContainerUtil                                      : loaded 2 times (x 68B)
Class com.android.tools.lint.checks.ProviderPermissionDetector                        : loaded 2 times (x 167B)
Class com.android.tools.lint.checks.MotionSceneDetector                               : loaded 2 times (x 152B)
Class com.android.tools.lint.detector.api.Option$Companion                            : loaded 2 times (x 68B)
Class com.android.tools.lint.checks.IgnoreWithoutReasonDetector$Companion             : loaded 2 times (x 68B)
Class com.android.tools.lint.checks.BadHostnameVerifierDetector                       : loaded 2 times (x 167B)
Class org.jetbrains.kotlin.resolve.extensions.SyntheticResolveExtension               : loaded 2 times (x 67B)
Class kotlin.text.FlagEnum                                                            : loaded 2 times (x 67B)
Class org.jetbrains.kotlin.resolve.jvm.KotlinJavaPsiFacade                            : loaded 2 times (x 83B)
Class org.gradle.api.internal.classpath.ManifestUtil                                  : loaded 2 times (x 68B)
Class com.google.common.collect.ImmutableList$1                                       : loaded 2 times (x 94B)
Class build_ciz0d4qk47yjt517ef40wcisu$_run_closure1                                   : loaded 2 times (x 136B)
Class [Lcom.google.common.collect.MapMakerInternalMap$Strength;                       : loaded 2 times (x 66B)
Class [Lcom.google.common.io.FileWriteMode;                                           : loaded 2 times (x 66B)
Class org.jetbrains.kotlin.buildtools.api.SourcesChanges                              : loaded 2 times (x 67B)
Class org.jetbrains.kotlin.gradle.plugin.KotlinPluginLifecycleImpl$launch$1           : loaded 2 times (x 76B)
Class org.jetbrains.kotlin.konan.target.HostManager$Companion$targetAliases$2         : loaded 2 times (x 75B)
Class org.jetbrains.kotlin.gradle.utils.Completable                                   : loaded 2 times (x 69B)
Class org.jetbrains.kotlin.gradle.plugin.DefaultKotlinBasePlugin$addKotlinCompilerConfiguration$2$1: loaded 2 times (x 72B)
Class org.jetbrains.kotlin.gradle.plugin.statistics.KotlinBuildStatsServicesRegistry$Companion: loaded 2 times (x 68B)
Class org.jetbrains.kotlin.gradle.plugin.internal.DefaultCompatibilityConventionRegistrar$Factory: loaded 2 times (x 73B)
Class org.jetbrains.kotlin.resolve.diagnostics.DiagnosticSuppressor$Companion         : loaded 2 times (x 69B)
Class com.intellij.lang.LighterLazyParseableNode                                      : loaded 2 times (x 67B)
Class com.intellij.lang.impl.PsiBuilderImpl$ProductionMarker                          : loaded 2 times (x 103B)
Class com.intellij.psi.impl.source.tree.JavaDocElementTypeFactory$SingletonHelper     : loaded 2 times (x 68B)
Class com.intellij.psi.impl.java.stubs.PsiParameterStub                               : loaded 2 times (x 67B)
Class com.intellij.psi.impl.java.stubs.FunctionalExpressionElementType                : loaded 2 times (x 111B)
Class com.intellij.psi.impl.java.stubs.JavaParameterListElementType                   : loaded 2 times (x 123B)
Class org.jetbrains.kotlin.cli.jvm.index.JavaRoot                                     : loaded 2 times (x 69B)
Class org.jetbrains.kotlin.psi.stubs.elements.KtPlaceHolderWithTextStubElementType    : loaded 2 times (x 97B)
Class [Lcom.intellij.psi.ContributedReferenceHost;                                    : loaded 2 times (x 66B)
Class org.jetbrains.kotlin.psi.stubs.elements.KtNameReferenceExpressionElementType    : loaded 2 times (x 100B)
Class org.jetbrains.kotlin.psi.stubs.elements.KtFunctionElementType                   : loaded 2 times (x 101B)
Class org.jetbrains.kotlin.psi.KtModifierListOwner                                    : loaded 2 times (x 67B)
Class com.google.common.util.concurrent.ExecutionError                                : loaded 2 times (x 79B)
Class org.jetbrains.kotlin.statistics.metrics.StringAnonymizationPolicy$AllowedListAnonymizer: loaded 2 times (x 76B)
Class org.jetbrains.kotlin.gradle.report.BuildReportType                              : loaded 2 times (x 76B)
Class org.jetbrains.kotlin.gradle.targets.metadata.KotlinMetadataTargetConfiguratorKt$isNativeSourceSet$2: loaded 2 times (x 92B)
Class org.jetbrains.kotlin.gradle.dsl.KotlinHierarchyDsl                              : loaded 2 times (x 67B)
Class kotlinx.coroutines.internal.Segment                                             : loaded 2 times (x 72B)
Class com.intellij.openapi.wm.ex.ProgressIndicatorEx                                  : loaded 2 times (x 67B)
Class com.intellij.util.containers.ConcurrentFactoryMap$3                             : loaded 2 times (x 146B)
Class com.fasterxml.aalto.util.TextBuilder                                            : loaded 2 times (x 69B)
Class kotlinx.coroutines.AbstractCoroutine                                            : loaded 2 times (x 140B)
Class org.jetbrains.kotlin.cli.jvm.compiler.IdeaExtensionPoints                       : loaded 2 times (x 68B)
Class com.intellij.psi.PsiElementVisitor                                              : loaded 2 times (x 78B)
Class com.intellij.openapi.editor.RangeMarker                                         : loaded 2 times (x 67B)
Class com.intellij.openapi.extensions.ExtensionPointName                              : loaded 2 times (x 69B)
Class com.intellij.openapi.fileTypes.PlainTextLanguage                                : loaded 2 times (x 104B)
Class org.jetbrains.kotlin.gradle.utils.MutableObservableSet                          : loaded 2 times (x 67B)
Class com.android.tools.lint.checks.WrongImportDetector$ImportVisitor                 : loaded 2 times (x 124B)
Class com.intellij.psi.PsiType                                                        : loaded 2 times (x 102B)
Class com.android.tools.lint.checks.ChromeOsSourceDetector$Companion                  : loaded 2 times (x 68B)
Class com.android.AndroidXConstants                                                   : loaded 2 times (x 68B)
Class org.jetbrains.kotlin.gradle.plugin.mpp.compilationImpl.factory.KotlinCompilationImplFactory$KotlinCompilationSourceSetsContainerFactory: loaded 2 times (x 67B)
Class org.jetbrains.kotlin.gradle.report.UsesBuildMetricsService                      : loaded 2 times (x 67B)
Class org.jetbrains.kotlin.gradle.plugin.hierarchy.KotlinSourceSetTreeClassifierKt    : loaded 2 times (x 68B)
Class com.android.tools.lint.checks.BuiltinIssueRegistry                              : loaded 2 times (x 79B)
Class com.google.common.collect.AbstractMapBasedMultimap$WrappedCollection            : loaded 2 times (x 121B)
Class build_cl15ik6ueg67tnardlg47lsg1$_run_closure1$_closure3                         : loaded 2 times (x 136B)
Class com.google.common.collect.Iterables$4                                           : loaded 2 times (x 78B)
Class com.google.common.collect.MapMakerInternalMap$StrongKeyDummyValueSegment        : loaded 2 times (x 139B)
Class com.google.common.cache.LocalCache$WriteThroughEntry                            : loaded 2 times (x 76B)
Class com.google.common.cache.LocalCache$HashIterator                                 : loaded 2 times (x 83B)
Class org.jetbrains.kotlin.gradle.tasks.DefaultKotlinJavaToolchain$DefaultJdkSetter   : loaded 2 times (x 73B)
Class org.jetbrains.kotlin.cli.common.arguments.CommonCompilerArguments               : loaded 2 times (x 77B)
Class org.jetbrains.kotlin.gradle.plugin.diagnostics.checkers.IncorrectCompileOnlyDependenciesChecker$runChecks$1: loaded 2 times (x 85B)
Class org.jetbrains.kotlin.gradle.plugin.mpp.KotlinOnlyTarget                         : loaded 2 times (x 156B)
Class org.jetbrains.kotlin.gradle.targets.js.npm.BaseNpmDependencyExtension           : loaded 2 times (x 67B)
Class org.jetbrains.kotlin.gradle.dsl.KotlinVersion$Companion                         : loaded 2 times (x 68B)
Class org.jetbrains.kotlin.gradle.InternalKotlinGradlePluginApi                       : loaded 2 times (x 67B)
Class org.jetbrains.kotlin.gradle.dsl.DefaultToolchainSupport                         : loaded 2 times (x 73B)
Class org.jetbrains.kotlin.gradle.plugin.internal.CustomPropertiesFileValueSource     : loaded 2 times (x 79B)
Class com.google.common.cache.LocalCache$EntryFactory                                 : loaded 2 times (x 80B)
Class org.jetbrains.kotlin.analysis.api.platform.projectStructure.KaResolutionScopeProvider$Companion: loaded 2 times (x 68B)
Class org.jetbrains.kotlin.extensions.StorageComponentContainerContributor$Companion  : loaded 2 times (x 69B)
Class com.intellij.psi.impl.source.ClassReferencePointer                              : loaded 2 times (x 67B)
Class com.android.utils.StdLogger$Level                                               : loaded 2 times (x 76B)
Class org.jetbrains.kotlin.metadata.ProtoBuf$Contract                                 : loaded 2 times (x 104B)
Class com.intellij.psi.JavaDocTokenType                                               : loaded 2 times (x 67B)
Class org.jetbrains.kotlin.metadata.ProtoBuf$VersionRequirementTable$1                : loaded 2 times (x 141B)
Class com.intellij.psi.PsiTypeParameter                                               : loaded 2 times (x 67B)
Class com.intellij.psi.PsiParameterList                                               : loaded 2 times (x 67B)
Class [Lorg.jetbrains.kotlin.psi.KtAnnotationEntry;                                   : loaded 2 times (x 66B)
Class org.jetbrains.kotlin.psi.stubs.KotlinClassOrObjectStub                          : loaded 2 times (x 67B)
Class com.intellij.psi.tree.TokenSet                                                  : loaded 2 times (x 69B)
Class com.intellij.util.text.UnsyncCharArrayReader                                    : loaded 2 times (x 90B)
Class kotlinx.serialization.internal.StringSerializer                                 : loaded 2 times (x 79B)
Class com.android.tools.lint.detector.api.Implementation                              : loaded 2 times (x 73B)
Class com.android.tools.lint.checks.AccessibilityForceFocusDetector                   : loaded 2 times (x 167B)
Class com.intellij.psi.NavigatablePsiElement                                          : loaded 2 times (x 67B)
Class com.intellij.psi.impl.source.JavaDummyHolder                                    : loaded 2 times (x 797B)
Class com.intellij.psi.PsiReferenceExpression                                         : loaded 2 times (x 67B)
Class kotlinx.coroutines.CancellableContinuation                                      : loaded 2 times (x 67B)
Class org.jetbrains.kotlin.parsing.KotlinCommonParserDefinition                       : loaded 2 times (x 92B)
Class org.objectweb.asm.tree.FieldInsnNode                                            : loaded 2 times (x 76B)
Class com.intellij.util.lang.ZipFilePool                                              : loaded 2 times (x 70B)
Class com.intellij.psi.augment.PsiAugmentProvider                                     : loaded 2 times (x 80B)
Class com.intellij.openapi.util.registry.Registry$Companion$EMPTY_VALUE_LISTENER$1    : loaded 2 times (x 74B)
Class com.intellij.openapi.fileTypes.PlainTextLikeFileType                            : loaded 2 times (x 67B)
Class com.intellij.lang.Language$1                                                    : loaded 2 times (x 104B)
Class com.intellij.psi.stubs.UpToDateStubIndexMismatch                                : loaded 2 times (x 84B)
Class com.intellij.psi.impl.source.DummyHolderElement                                 : loaded 2 times (x 278B)
Class com.intellij.openapi.editor.impl.PersistentRangeMarker                          : loaded 2 times (x 158B)
Class com.intellij.openapi.extensions.BaseExtensionPointName                          : loaded 2 times (x 69B)
Class it.unimi.dsi.fastutil.objects.Reference2ObjectMap$FastEntrySet                  : loaded 2 times (x 67B)
Class com.android.tools.lint.checks.WatchFaceForAndroidXDetector$Issues               : loaded 2 times (x 68B)
Class com.android.tools.lint.checks.SyntheticAccessorDetector                         : loaded 2 times (x 167B)
Class com.android.tools.lint.checks.StringFormatDetector$Companion$TypeTest           : loaded 2 times (x 72B)
Class com.android.tools.lint.checks.IteratorDetector$Issues                           : loaded 2 times (x 68B)
Class com.android.tools.lint.checks.IndentationDetector$Issues                        : loaded 2 times (x 68B)
Class com.android.tools.lint.checks.SdkIntDetector$Companion                          : loaded 2 times (x 68B)
Class com.android.tools.lint.checks.UnsafeFilenameDetector$Companion                  : loaded 2 times (x 68B)
Class com.android.tools.lint.LintCliClient$addCancellationChecker$1                   : loaded 2 times (x 71B)
Class com.android.tools.lint.LintCliClient$initializeProjects$allProjects$1           : loaded 2 times (x 75B)
Class com.intellij.openapi.diagnostic.DefaultLogger                                   : loaded 2 times (x 97B)
Class com.android.tools.lint.Main$MainLintClient$1                                    : loaded 2 times (x 104B)
Class com.intellij.openapi.diagnostic.Attachment                                      : loaded 2 times (x 69B)
Class com.google.common.reflect.TypeParameter                                         : loaded 2 times (x 69B)
Class [Lcom.google.common.collect.MapMaker$Dummy;                                     : loaded 2 times (x 66B)
Class com.google.common.collect.NullsLastOrdering                                     : loaded 2 times (x 112B)
Class org.jetbrains.kotlin.gradle.tasks.TaskOutputsBackup                             : loaded 2 times (x 69B)
Class org.jetbrains.kotlin.gradle.plugin.cocoapods.KotlinCocoapodsPlugin              : loaded 2 times (x 73B)
Class org.jetbrains.kotlin.gradle.internal.CompilerOptionsDslHelpersKt                : loaded 2 times (x 68B)
Class org.jetbrains.kotlin.gradle.internal.StdlibDependencyManagementKt$configureStdlibVersionAlignment$1$1: loaded 2 times (x 72B)
Class org.jetbrains.kotlin.gradle.dsl.KotlinProjectExtension$awaitSourceSets$1        : loaded 2 times (x 85B)
Class org.jetbrains.kotlin.gradle.plugin.KotlinPluginLifecycle$CoroutineStart         : loaded 2 times (x 76B)
Class org.jetbrains.kotlin.konan.target.Family                                        : loaded 2 times (x 76B)
Class org.jetbrains.kotlin.gradle.tasks.TasksProviderKt$sam$org_gradle_api_Action$0   : loaded 2 times (x 72B)
Class org.jetbrains.kotlin.gradle.tooling.BuildKotlinToolingMetadataTask$FromKotlinExtension: loaded 2 times (x 314B)
Class org.jetbrains.kotlin.gradle.utils.FailuresKt                                    : loaded 2 times (x 68B)
Class org.jetbrains.kotlin.gradle.targets.native.internal.CInteropConfigurationsKt$special$$inlined$KotlinTargetSideEffect$1: loaded 2 times (x 71B)
Class org.jetbrains.kotlin.gradle.internal.properties.NativePropertiesLoader$konanDataDirProperty$1: loaded 2 times (x 72B)
Class org.jetbrains.kotlin.gradle.plugin.statistics.BuildFusService$Parameters_Decorated: loaded 2 times (x 140B)
Class org.jetbrains.kotlin.gradle.internal.properties.PropertiesBuildService$Params$Inject: loaded 2 times (x 103B)
Class org.jetbrains.kotlin.tooling.core.HasMutableExtras                              : loaded 2 times (x 67B)
Class com.google.common.cache.LocalCache$AbstractReferenceEntry                       : loaded 2 times (x 104B)
Class org.gradle.internal.IoActions                                                   : loaded 2 times (x 68B)
Class org.jetbrains.kotlin.resolve.jvm.NotFoundPackagesCachingStrategy                : loaded 2 times (x 67B)
Class com.intellij.openapi.progress.Cancellation                                      : loaded 2 times (x 68B)
Class com.intellij.psi.impl.source.tree.injected.CommentLiteralEscaper                : loaded 2 times (x 73B)
Class com.intellij.lang.java.parser.BasicDeclarationParser$ListType                   : loaded 2 times (x 76B)
Class org.jetbrains.kotlin.protobuf.WireFormat                                        : loaded 2 times (x 68B)
Class it.unimi.dsi.fastutil.ints.IntStack                                             : loaded 2 times (x 67B)
Class org.jetbrains.kotlin.metadata.ProtoBuf$QualifiedNameTable                       : loaded 2 times (x 104B)
Class org.jetbrains.kotlin.metadata.ProtoBuf$QualifiedNameTableOrBuilder              : loaded 2 times (x 67B)
Class com.intellij.psi.impl.java.stubs.PsiParameterListStub                           : loaded 2 times (x 67B)
Class com.intellij.openapi.util.registry.EarlyAccessRegistryManager                   : loaded 2 times (x 68B)
Class org.jetbrains.kotlin.psi.stubs.elements.KtValueArgumentElementType              : loaded 2 times (x 97B)
Class org.jetbrains.kotlin.psi.KtFunction                                             : loaded 2 times (x 67B)
Class org.jetbrains.kotlin.psi.KtDeclarationStub                                      : loaded 2 times (x 712B)
Class kotlin.io.path.PathsKt__PathReadWriteKt                                         : loaded 2 times (x 68B)
Class com.intellij.util.containers.ConcurrentSoftKeySoftValueHashMap$SoftKey          : loaded 2 times (x 87B)
Class com.intellij.util.Function                                                      : loaded 2 times (x 67B)
Class com.intellij.openapi.diagnostic.ExceptionWithAttachments                        : loaded 2 times (x 67B)
Class com.intellij.openapi.editor.impl.DocumentImpl$PersistentRangeMarkerTree         : loaded 2 times (x 150B)
Class com.intellij.psi.compiled.ClassFileDecompilers                                  : loaded 2 times (x 69B)
Class com.intellij.ide.plugins.XmlReader                                              : loaded 2 times (x 68B)
Class org.codehaus.stax2.XMLStreamLocation2                                           : loaded 2 times (x 67B)
Class [Lcom.intellij.openapi.util.LowMemoryWatcher$LowMemoryWatcherType;              : loaded 2 times (x 66B)
Class com.intellij.psi.scope.PsiScopeProcessor                                        : loaded 2 times (x 67B)
Class com.intellij.psi.impl.source.PsiClassReferenceType                              : loaded 2 times (x 128B)
Class [Lcom.intellij.psi.search.SearchScope;                                          : loaded 2 times (x 66B)
Class kotlinx.coroutines.CancellableContinuationKt                                    : loaded 2 times (x 68B)
Class com.intellij.openapi.vfs.InvalidVirtualFileAccessException                      : loaded 2 times (x 79B)
Class kotlinx.coroutines.flow.CancellableFlow                                         : loaded 2 times (x 67B)
Class kotlinx.coroutines.scheduling.TaskContext                                       : loaded 2 times (x 67B)
Class com.intellij.util.ConcurrentLongObjectHashMap$CounterCell                       : loaded 2 times (x 68B)
Class com.intellij.lang.SyntaxTreeBuilder                                             : loaded 2 times (x 67B)
Class com.intellij.core.CoreEncodingRegistry                                          : loaded 2 times (x 82B)
Class com.android.tools.lint.UastEnvironment$Configuration                            : loaded 2 times (x 67B)
Class com.intellij.util.containers.ContainerUtil$KeyOrderedMultiMap                   : loaded 2 times (x 73B)
Class com.intellij.util.containers.ConcurrentRefHashMap                               : loaded 2 times (x 151B)
Class kotlinx.coroutines.flow.internal.AbstractSharedFlow                             : loaded 2 times (x 71B)
Class [Lorg.jetbrains.kotlin.platform.TargetPlatformVersion;                          : loaded 2 times (x 66B)
Class com.android.tools.lint.checks.UnsafeImplicitIntentDetector$Companion            : loaded 2 times (x 68B)
Class com.android.tools.lint.checks.WearDetector$Companion                            : loaded 2 times (x 68B)
Class com.android.tools.lint.checks.SplashScreenDetector$Companion                    : loaded 2 times (x 68B)
Class com.intellij.util.containers.SoftHashMap                                        : loaded 2 times (x 124B)
Class com.android.tools.lint.checks.MotionLayoutIdDetector$Companion                  : loaded 2 times (x 68B)
Class com.android.tools.lint.checks.GradleDetector$Companion                          : loaded 2 times (x 68B)
Class com.android.tools.lint.checks.ConstraintLayoutDetector$Companion                : loaded 2 times (x 68B)
Class com.android.tools.lint.checks.AnnotationDetector$Companion                      : loaded 2 times (x 68B)
Class org.jetbrains.kotlin.statistics.BuildSession                                    : loaded 2 times (x 69B)
Class com.google.common.collect.ImmutableMapKeySet                                    : loaded 2 times (x 149B)
Class org.jetbrains.kotlin.gradle.internal.Kapt3KotlinGradleSubpluginKt               : loaded 2 times (x 68B)
Class org.jetbrains.kotlin.gradle.dsl.KotlinJvmCompile                                : loaded 2 times (x 67B)
Class com.google.common.collect.ImmutableRangeSet$ComplementRanges                    : loaded 2 times (x 204B)
Class org.jetbrains.kotlin.konan.target.KonanTarget$LINUX_ARM32_HFP                   : loaded 2 times (x 75B)
Class org.jetbrains.kotlin.gradle.internal.Kapt3GradleSubplugin                       : loaded 2 times (x 80B)
Class org.jetbrains.kotlin.gradle.plugin.diagnostics.checkers.CInteropInputChecker    : loaded 2 times (x 71B)
Class org.jetbrains.kotlin.gradle.plugin.statistics.FinalizeConfigurationFusMetricActionKt$FinalizeConfigurationFusMetricAction$1: loaded 2 times (x 92B)
Class org.jetbrains.kotlin.gradle.internal.KotlinDependenciesManagementKt$CustomizeKotlinDependenciesSetupAction$1: loaded 2 times (x 71B)
Class org.jetbrains.kotlin.gradle.plugin.KotlinGradlePluginExtensionPointInternal$registeredExtensions$2: loaded 2 times (x 75B)
Class org.jetbrains.kotlin.statistics.metrics.BooleanOverridePolicy$OR                : loaded 2 times (x 82B)
Class org.jetbrains.kotlin.gradle.plugin.UsesVariantImplementationFactories           : loaded 2 times (x 67B)
Class org.objectweb.asm.SymbolTable                                                   : loaded 2 times (x 69B)
Class com.google.common.cache.CacheLoader$InvalidCacheLoadException                   : loaded 2 times (x 79B)
Class org.gradle.internal.classloader.SystemClassLoaderSpec                           : loaded 2 times (x 68B)
Class org.jetbrains.kotlin.load.java.structure.JavaClassifier                         : loaded 2 times (x 67B)
Class org.jetbrains.kotlin.analysis.api.platform.projectStructure.KotlinContentScopeRefiner$Companion: loaded 2 times (x 68B)
Class com.intellij.psi.impl.source.tree.JavaSourceUtil$1                              : loaded 2 times (x 74B)
Class com.intellij.lang.java.parser.BasicOldExpressionParser                          : loaded 2 times (x 78B)
Class com.intellij.psi.impl.source.AbstractBasicJavaDocElementTypeFactory             : loaded 2 times (x 69B)
Class kotlin.jvm.internal.PropertyReference0Impl                                      : loaded 2 times (x 124B)
Class com.intellij.psi.stubs.StubElementRegistryService$Companion                     : loaded 2 times (x 68B)
Class com.intellij.openapi.vfs.VirtualFileSetEx                                       : loaded 2 times (x 67B)
Class com.intellij.psi.tree.IReparseableLeafElementType                               : loaded 2 times (x 67B)
Class [Lorg.jetbrains.kotlin.psi.KtContractEffect;                                    : loaded 2 times (x 66B)
Class com.intellij.util.CachedValueBase$DefaultData                                   : loaded 2 times (x 78B)
Class org.jetbrains.kotlin.psi.KtNamed                                                : loaded 2 times (x 67B)
Class com.android.tools.lint.UastEnvironmentVirtualFileUtilsKt$getSourceFilePaths$1   : loaded 2 times (x 122B)
Class kotlinx.serialization.internal.AbstractCollectionSerializer                     : loaded 2 times (x 91B)
Class com.intellij.injected.editor.VirtualFileWindow                                  : loaded 2 times (x 67B)
Class com.intellij.psi.impl.JavaPsiFacadeEx                                           : loaded 2 times (x 85B)
Class kotlinx.coroutines.flow.ReadonlySharedFlow                                      : loaded 2 times (x 81B)
Class kotlinx.coroutines.internal.LockFreeLinkedListNode                              : loaded 2 times (x 72B)
Class [Lorg.jetbrains.kotlin.psi.KtElement;                                           : loaded 2 times (x 66B)
Class com.fasterxml.aalto.in.PNameC                                                   : loaded 2 times (x 76B)
Class com.fasterxml.aalto.stax.StreamReaderImpl                                       : loaded 2 times (x 215B)
Class [Lorg.jetbrains.kotlin.psi.KtDeclarationStub;                                   : loaded 2 times (x 66B)
Class kotlin.coroutines.CoroutineContext$DefaultImpls                                 : loaded 2 times (x 68B)
Class com.intellij.psi.stubs.EmptyStubSerializer                                      : loaded 2 times (x 67B)
Class com.intellij.util.containers.FreezableArrayList                                 : loaded 2 times (x 208B)
Class kotlinx.collections.immutable.implementations.immutableSet.TrieNode$Companion   : loaded 2 times (x 68B)
Class com.intellij.ide.highlighter.JavaClassFileType                                  : loaded 2 times (x 80B)
Class com.intellij.openapi.vfs.local.CoreLocalFileSystem                              : loaded 2 times (x 100B)
Class [Lcom.intellij.openapi.util.Key;                                                : loaded 2 times (x 66B)
Class com.android.tools.lint.checks.TileServiceActivityDetector$Issues                : loaded 2 times (x 68B)
Class com.android.tools.lint.checks.SecurityDetector                                  : loaded 2 times (x 176B)
Class com.android.tools.lint.checks.SecretDetector$Companion                          : loaded 2 times (x 68B)
Class com.android.tools.lint.detector.api.JavaContext                                 : loaded 2 times (x 74B)
Class com.android.tools.lint.checks.JavaPerformanceDetector                           : loaded 2 times (x 167B)
Class com.android.tools.lint.checks.IgnoreWithoutReasonDetector                       : loaded 2 times (x 169B)
Class com.android.tools.lint.client.api.TomlScanner                                   : loaded 2 times (x 67B)
Class com.android.tools.lint.checks.FragmentDetector                                  : loaded 2 times (x 167B)
Class com.android.tools.lint.detector.api.Severity                                    : loaded 2 times (x 76B)
Class com.android.tools.lint.Reporter                                                 : loaded 2 times (x 71B)
Class com.intellij.openapi.vfs.CharsetToolkit$GuessedEncoding                         : loaded 2 times (x 76B)
Class kotlin.reflect.jvm.internal.KProperty0Impl$$Lambda$1                            : loaded 2 times (x 73B)
Class com.intellij.psi.PsiJavaModule                                                  : loaded 2 times (x 67B)
Class com.intellij.psi.PsiCapturedWildcardType                                        : loaded 2 times (x 102B)
Class com.google.common.collect.FluentIterable                                        : loaded 2 times (x 78B)
Class org.jetbrains.kotlin.gradle.tasks.CacheableTasksKt$cacheOnlyIfEnabledForKotlin$1$1: loaded 2 times (x 71B)
Class org.jetbrains.kotlin.gradle.tasks.configuration.BaseKotlinCompileConfig$1$1     : loaded 2 times (x 71B)
Class org.jetbrains.kotlin.gradle.plugin.mpp.compilationImpl.factory.KotlinCompilationImplFactory$PostConfigure: loaded 2 times (x 67B)
Class org.jetbrains.kotlin.gradle.utils.KotlinExtensionUtilsKt                        : loaded 2 times (x 68B)
Class [Lorg.jetbrains.kotlin.konan.util.Named;                                        : loaded 2 times (x 66B)
Class org.jetbrains.kotlin.gradle.plugin.diagnostics.checkers.NoKotlinTargetsDeclaredChecker$runChecks$1: loaded 2 times (x 85B)
Class org.jetbrains.kotlin.gradle.plugin.mpp.AbstractKotlinTarget$kotlinComponents$2  : loaded 2 times (x 76B)
Class org.jetbrains.kotlin.gradle.plugin.KotlinPlatformType$CompatibilityRule         : loaded 2 times (x 73B)
Class org.jetbrains.kotlin.gradle.internal.properties.NativePropertiesLoader$actualNativeHomeDirectory$1: loaded 2 times (x 72B)
Class org.jetbrains.kotlin.gradle.internal.properties.NativePropertiesKt              : loaded 2 times (x 68B)
Class org.jetbrains.kotlin.gradle.plugin.BuildEventsListenerRegistryHolder            : loaded 2 times (x 69B)
Class [Lorg.jetbrains.kotlin.statistics.metrics.BooleanOverridePolicy;                : loaded 2 times (x 66B)
Class org.jetbrains.kotlin.gradle.plugin.internal.CustomPropertiesFileValueSource$Parameters$Inject: loaded 2 times (x 103B)
Class com.google.common.cache.LocalCache$StrongEntry                                  : loaded 2 times (x 105B)
Class com.google.common.util.concurrent.AbstractFuture$TrustedFuture                  : loaded 2 times (x 111B)
Class com.google.common.cache.LoadingCache                                            : loaded 2 times (x 67B)
Class com.intellij.lang.WhitespacesAndCommentsBinder$TokenTextGetter                  : loaded 2 times (x 67B)
Class org.jetbrains.kotlin.psi.KotlinReferenceProvidersService$Companion              : loaded 2 times (x 68B)
Class com.intellij.lang.impl.PsiBuilderImpl$Token                                     : loaded 2 times (x 88B)
Class com.intellij.openapi.util.UnprotectedUserDataHolder                             : loaded 2 times (x 77B)
Class com.intellij.lang.impl.TokenSequence                                            : loaded 2 times (x 100B)
Class com.intellij.psi.PsiRecordHeader                                                : loaded 2 times (x 67B)
Class com.intellij.psi.impl.java.stubs.JavaUsesStatementElementType                   : loaded 2 times (x 112B)
Class com.intellij.psi.impl.java.stubs.LambdaExpressionElementType                    : loaded 2 times (x 113B)
Class com.intellij.psi.impl.java.stubs.JavaModifierListElementType                    : loaded 2 times (x 112B)
Class com.intellij.openapi.fileEditor.impl.LoadTextUtil$ConvertResult                 : loaded 2 times (x 71B)
Class org.jetbrains.kotlin.psi.KtImportDirective                                      : loaded 2 times (x 458B)
Class [Lorg.jetbrains.kotlin.psi.KtModifierListOwnerStub;                             : loaded 2 times (x 66B)
Class org.jetbrains.kotlin.psi.stubs.elements.KtTokenSets                             : loaded 2 times (x 67B)
Class com.intellij.util.xml.dom.XmlElement$Companion                                  : loaded 2 times (x 68B)
Class com.intellij.psi.impl.source.tree.java.ReferenceListElement                     : loaded 2 times (x 232B)
Class com.intellij.psi.impl.source.tree.java.ParameterElement                         : loaded 2 times (x 232B)
Class kotlinx.coroutines.Active                                                       : loaded 2 times (x 68B)
Class com.intellij.psi.PsiFileFactory                                                 : loaded 2 times (x 79B)
Class kotlinx.coroutines.flow.internal.ChannelFlowTransformLatest$flowCollect$3       : loaded 2 times (x 92B)
Class org.jetbrains.kotlin.extensions.internal.CallResolutionInterceptorExtension     : loaded 2 times (x 67B)
Class com.intellij.openapi.util.registry.Registry                                     : loaded 2 times (x 69B)
Class com.intellij.core.JavaCoreApplicationEnvironment$1                              : loaded 2 times (x 95B)
Class org.picocontainer.MutablePicoContainer                                          : loaded 2 times (x 67B)
Class com.intellij.lang.folding.LanguageFolding                                       : loaded 2 times (x 93B)
Class org.jetbrains.kotlin.load.java.structure.JavaTypeParameterListOwner             : loaded 2 times (x 67B)
Class com.intellij.openapi.diagnostic.Logger$DefaultFactory                           : loaded 2 times (x 71B)
Class com.intellij.psi.PsiClassInitializer                                            : loaded 2 times (x 67B)
Class [Lcom.intellij.lang.jvm.types.JvmPrimitiveTypeKind;                             : loaded 2 times (x 66B)
Class com.android.tools.lint.checks.RelativeOverlapDetector                           : loaded 2 times (x 151B)
Class com.android.tools.lint.checks.SelectedPhotoAccessDetector                       : loaded 2 times (x 151B)
Class com.android.tools.lint.checks.CommentDetector                                   : loaded 2 times (x 184B)
Class com.android.tools.lint.checks.BottomAppBarDetector                              : loaded 2 times (x 151B)
Class org.gradle.internal.classloader.ClassLoaderHierarchy                            : loaded 2 times (x 67B)
Class org.jetbrains.kotlin.gradle.plugin.internal.ConfigurationCacheStartParameterAccessorKt: loaded 2 times (x 68B)
Class org.jetbrains.kotlin.gradle.plugin.KotlinPlatformType$Companion                 : loaded 2 times (x 68B)
Class org.jetbrains.kotlin.gradle.plugin.KotlinPlatformType$DisambiguationRule        : loaded 2 times (x 73B)
Class com.google.common.base.Suppliers$NonSerializableMemoizingSupplier               : loaded 2 times (x 76B)
Class org.jetbrains.kotlin.statistics.metrics.ConcatMetricContainer                   : loaded 2 times (x 74B)
Class com.google.common.io.ByteStreams$LimitedInputStream                             : loaded 2 times (x 89B)
Class org.jetbrains.kotlin.gradle.tasks.GradleCompileTaskProvider                     : loaded 2 times (x 69B)
Class org.jetbrains.kotlin.gradle.plugin.mpp.KotlinTargetSoftwareComponentImplKt$KotlinTargetSoftwareComponent$1: loaded 2 times (x 92B)
Class org.jetbrains.kotlin.gradle.tasks.configuration.BaseKotlinCompileConfig$registerBuildToolsApiTransformations$1: loaded 2 times (x 72B)
Class org.jetbrains.kotlin.gradle.plugin.internal.BuildIdService                      : loaded 2 times (x 73B)
Class org.jetbrains.kotlin.gradle.plugin.mpp.compilationImpl.factory.KotlinCompilationDependencyConfigurationsFactoriesKt: loaded 2 times (x 68B)
Class org.jetbrains.kotlin.gradle.plugin.mpp.compilationImpl.DefaultKotlinCompilationFriendPathsResolver: loaded 2 times (x 72B)
Class org.jetbrains.kotlin.gradle.plugin.diagnostics.checkers.WasmSourceSetsNotFoundChecker$runChecks$1: loaded 2 times (x 85B)
Class org.jetbrains.kotlin.konan.target.KonanTarget$IOS_SIMULATOR_ARM64               : loaded 2 times (x 75B)
Class org.jetbrains.kotlin.gradle.plugin.mpp.compilationImpl.KotlinCreateCompilationArchiveTaskKt$KotlinCreateCompilationArchivesTask$1: loaded 2 times (x 71B)
Class org.jetbrains.kotlin.gradle.dsl.KotlinVersion                                   : loaded 2 times (x 76B)
Class org.jetbrains.kotlin.gradle.internal.properties.NativePropertiesLoader$actualNativeHomeDirectory$2: loaded 2 times (x 71B)
Class org.jetbrains.kotlin.gradle.utils.StoredPropertyKt                              : loaded 2 times (x 68B)
Class org.objectweb.asm.MethodWriter                                                  : loaded 2 times (x 103B)
Class [Lcom.google.common.cache.Weigher;                                              : loaded 2 times (x 66B)
Class com.google.common.collect.RegularImmutableMap$BucketOverflowException           : loaded 2 times (x 79B)
Class org.jetbrains.kotlin.resolve.extensions.ExtraImportsProviderExtension           : loaded 2 times (x 67B)
Class com.intellij.psi.impl.source.BasicJavaElementType$FrontBackTypeTextElementType$1: loaded 2 times (x 73B)
Class com.intellij.psi.PsiPackageAccessibilityStatement                               : loaded 2 times (x 67B)
Class [Lit.unimi.dsi.fastutil.objects.Object2ObjectFunction;                          : loaded 2 times (x 66B)
Class com.intellij.psi.stubs.LightLanguageStubDefinitionAdapter                       : loaded 2 times (x 79B)
Class org.jetbrains.kotlin.psi.stubs.KotlinPlaceHolderWithTextStub                    : loaded 2 times (x 67B)
Class com.intellij.openapi.vfs.VirtualFileVisitor$VisitorException                    : loaded 2 times (x 79B)
Class org.jetbrains.kotlin.gradle.targets.native.KotilnNativeConfigureBinariesSideEffectKt: loaded 2 times (x 68B)
Class com.intellij.util.xml.dom.NoOpXmlInterner                                       : loaded 2 times (x 72B)
Class org.jetbrains.kotlin.gradle.plugin.diagnostics.checkers.MissingNativeStdlibChecker: loaded 2 times (x 71B)
Class org.jetbrains.kotlin.gradle.targets.js.npm.NpmDependencyExtensionKt$defaultNpmDependencyDelegate$1: loaded 2 times (x 164B)
Class org.jetbrains.kotlin.cli.jvm.compiler.JavaLanguageLevelKt$EntriesMappings       : loaded 2 times (x 68B)
Class com.intellij.util.containers.ConcurrentSoftKeySoftValueHashMap                  : loaded 2 times (x 146B)
Class [Lcom.intellij.psi.search.GlobalSearchScope;                                    : loaded 2 times (x 66B)
Class com.intellij.openapi.project.DumbService$DumbModeListener                       : loaded 2 times (x 67B)
Class com.fasterxml.aalto.in.ByteSourceBootstrapper                                   : loaded 2 times (x 82B)
Class kotlinx.coroutines.internal.LockFreeTaskQueueCore$Companion                     : loaded 2 times (x 68B)
Class org.jetbrains.kotlin.gradle.plugin.KotlinPluginLifecycleImpl$launch$coroutine$1 : loaded 2 times (x 73B)
Class com.intellij.psi.PsiJavaToken                                                   : loaded 2 times (x 67B)
Class kotlinx.collections.immutable.implementations.immutableSet.TrieNodeIterator     : loaded 2 times (x 69B)
Class kotlinx.collections.immutable.PersistentSet                                     : loaded 2 times (x 67B)
Class com.intellij.psi.PsiLanguageInjectionHost                                       : loaded 2 times (x 67B)
Class com.intellij.psi.tree.IElementType                                              : loaded 2 times (x 72B)
Class com.intellij.openapi.vfs.pointers.VirtualFilePointer                            : loaded 2 times (x 67B)
Class com.intellij.util.messages.Topic                                                : loaded 2 times (x 73B)
Class com.intellij.psi.impl.LanguageConstantExpressionEvaluator                       : loaded 2 times (x 93B)
Class org.jetbrains.kotlin.gradle.internal.KotlinDomApiDependencyManagementKt         : loaded 2 times (x 68B)
Class com.intellij.openapi.diagnostic.LogLevel                                        : loaded 2 times (x 76B)
Class com.android.tools.lint.checks.TrimDetector                                      : loaded 2 times (x 167B)
Class com.intellij.psi.PsiAnnotation                                                  : loaded 2 times (x 67B)
Class com.android.tools.lint.checks.SetJavaScriptEnabledDetector                      : loaded 2 times (x 167B)
Class com.android.tools.lint.checks.ReturnThisDetector$Companion                      : loaded 2 times (x 68B)
Class com.android.tools.lint.checks.LayoutInflationDetector$Companion                 : loaded 2 times (x 68B)
Class com.android.tools.lint.checks.JobSchedulerDetector                              : loaded 2 times (x 167B)
Class org.jetbrains.kotlin.gradle.tasks.CInteropProcess                               : loaded 2 times (x 344B)
Class org.jetbrains.kotlin.gradle.plugin.mpp.KotlinVariantWithCoordinates             : loaded 2 times (x 105B)
Class kotlin.text.StringsKt___StringsKt$asSequence$$inlined$Sequence$1                : loaded 2 times (x 72B)
Class com.google.common.collect.SortedSetMultimap                                     : loaded 2 times (x 67B)
Class com.google.common.collect.ImmutableMultimap$1                                   : loaded 2 times (x 79B)
Class com.google.common.collect.AbstractMapBasedMultimap$RandomAccessWrappedList      : loaded 2 times (x 202B)
Class org.jetbrains.kotlin.gradle.plugin.sources.KotlinDependencyScope$Companion      : loaded 2 times (x 68B)
Class org.jetbrains.kotlin.gradle.tasks.configuration.BaseKotlinCompileConfig$1$3     : loaded 2 times (x 72B)
Class org.jetbrains.kotlin.gradle.tasks.configuration.BaseKotlinCompileConfig$registerBuildToolsApiTransformations$2: loaded 2 times (x 72B)
Class org.jetbrains.kotlin.gradle.tasks.KotlinJvmCompile                              : loaded 2 times (x 67B)
Class org.jetbrains.kotlin.gradle.plugin.mpp.compilationImpl.KotlinCompilationSourceSetsContainerKt: loaded 2 times (x 68B)
Class org.jetbrains.kotlin.gradle.plugin.KotlinPluginLifecycleKt$launchInStage$1      : loaded 2 times (x 92B)
Class org.jetbrains.kotlin.gradle.targets.NativeForwardImplementationToApiElementsSideEffectKt: loaded 2 times (x 68B)
Class org.jetbrains.kotlin.gradle.internal.properties.NativePropertiesLoader$actualNativeHomeDirectory$3: loaded 2 times (x 72B)
Class org.jetbrains.kotlin.gradle.report.BuildReportMode                              : loaded 2 times (x 76B)
Class org.jetbrains.kotlin.statistics.metrics.StringAnonymizationPolicy$RegexControlled: loaded 2 times (x 76B)
Class org.jetbrains.kotlin.statistics.ValueAnonymizer                                 : loaded 2 times (x 67B)
Class org.jetbrains.kotlin.gradle.plugin.VariantImplementationFactories$Companion$getProvider$2$1$1: loaded 2 times (x 72B)
Class org.jetbrains.kotlin.gradle.plugin.internal.ProjectIsolationStartParameterAccessor$Factory: loaded 2 times (x 67B)
Class com.intellij.lang.java.parser.BasicExpressionParser                             : loaded 2 times (x 76B)
Class org.jetbrains.kotlin.analysis.api.standalone.base.java.KotlinStandaloneJavaModuleAccessibilityChecker: loaded 2 times (x 72B)
Class org.jetbrains.kotlin.storage.LockBasedStorageManager                            : loaded 2 times (x 105B)
Class org.jetbrains.kotlin.psi.KtLambdaArgument                                       : loaded 2 times (x 470B)
Class [Lorg.jetbrains.kotlin.psi.KtExpression;                                        : loaded 2 times (x 66B)
Class com.google.common.io.FileWriteMode                                              : loaded 2 times (x 76B)
Class [Lcom.google.common.collect.MapMakerInternalMap$Segment;                        : loaded 2 times (x 66B)
Class com.intellij.psi.util.ParameterizedCachedValue                                  : loaded 2 times (x 67B)
Class com.intellij.psi.impl.source.resolve.ResolveCache$1                             : loaded 2 times (x 75B)
Class com.intellij.ide.plugins.ImmutableZipFileDataLoader                             : loaded 2 times (x 76B)
Class com.intellij.psi.impl.compiled.ClsCustomNavigationPolicy                        : loaded 2 times (x 67B)
Class com.intellij.psi.PsiSubstitutorFactory                                          : loaded 2 times (x 71B)
Class com.intellij.lang.LanguageUtil                                                  : loaded 2 times (x 68B)
Class [Lcom.intellij.util.ConcurrentLongObjectHashMap$CounterCell;                    : loaded 2 times (x 66B)
Class com.intellij.openapi.editor.Document                                            : loaded 2 times (x 67B)
Class com.intellij.openapi.vfs.impl.jar.CoreJarHandler                                : loaded 2 times (x 85B)
Class com.intellij.openapi.util.ObjectNode$NodeChildren                               : loaded 2 times (x 67B)
Class com.android.tools.lint.checks.TooManyViewsDetector                              : loaded 2 times (x 151B)
Class com.android.tools.lint.checks.RestrictionsDetector                              : loaded 2 times (x 151B)
Class com.google.common.cache.LocalCache$ValueIterator                                : loaded 2 times (x 83B)
Class com.android.tools.lint.checks.MotionLayoutIdDetector                            : loaded 2 times (x 151B)
Class com.android.tools.lint.checks.LeakDetector$Companion                            : loaded 2 times (x 68B)
Class com.android.tools.lint.checks.IndentationDetector                               : loaded 2 times (x 167B)
Class com.android.tools.lint.checks.HardwareIdDetector                                : loaded 2 times (x 167B)
Class com.android.tools.lint.detector.api.XmlScannerConstants                         : loaded 2 times (x 67B)
Class com.android.tools.lint.checks.ChildInNonViewGroupDetector$Issues                : loaded 2 times (x 68B)
Class com.android.tools.lint.detector.api.NotLibraryProject                           : loaded 2 times (x 69B)
Class com.android.tools.lint.checks.InternalInsetResourceDetector                     : loaded 2 times (x 167B)
Class com.google.common.collect.ImmutableMultimap$2                                   : loaded 2 times (x 78B)
Class com.google.common.collect.AbstractIterator$State                                : loaded 2 times (x 76B)
Class org.jetbrains.kotlin.gradle.plugin.statistics.KotlinBuildStatsLoggerService$reportBuildFinished$1: loaded 2 times (x 76B)
Class org.jetbrains.kotlin.gradle.tasks.KotlinCompile$disableMultiModuleIC$2$1        : loaded 2 times (x 72B)
Class org.jetbrains.kotlin.gradle.tasks.DefaultKotlinJavaToolchain$javaExecutable$1   : loaded 2 times (x 72B)
Class org.jetbrains.kotlin.build.report.metrics.BuildAttribute                        : loaded 2 times (x 76B)
Class org.jetbrains.kotlin.gradle.internal.transforms.BuildToolsApiClasspathEntrySnapshotTransform$Inject1: loaded 2 times (x 110B)
Class org.jetbrains.kotlin.gradle.plugin.mpp.compilationImpl.KotlinCompilationRegisterInSourceSetsConfigurator: loaded 2 times (x 71B)
Class org.jetbrains.kotlin.gradle.plugin.mpp.compilationImpl.factory.DefaultKotlinCompilationTaskNamesContainerFactory: loaded 2 times (x 71B)
Class org.jetbrains.kotlin.gradle.targets.native.internal.CommonizerTasksKt           : loaded 2 times (x 68B)
Class [Lorg.jetbrains.kotlin.gradle.targets.js.npm.NpmDependency$Scope;               : loaded 2 times (x 66B)
Class org.jetbrains.kotlin.gradle.plugin.KotlinCompilerPluginSupportPlugin            : loaded 2 times (x 67B)
Class org.jetbrains.kotlin.gradle.plugin.mpp.AbstractKotlinTarget$components$2        : loaded 2 times (x 76B)
Class org.jetbrains.kotlin.gradle.plugin.mpp.KotlinUsages$setupAttributesMatchingStrategy$1: loaded 2 times (x 71B)
Class org.jetbrains.kotlin.gradle.utils.AndroidPluginIdsKt                            : loaded 2 times (x 68B)
Class com.google.common.collect.RegularImmutableBiMap                                 : loaded 2 times (x 146B)
Class com.google.common.cache.LocalCache$ValueReference                               : loaded 2 times (x 67B)
Class org.jetbrains.kotlin.gradle.plugin.KotlinBasePlugin                             : loaded 2 times (x 67B)
Class com.intellij.lang.impl.TokenSequence$Builder                                    : loaded 2 times (x 70B)
Class com.android.tools.lint.checks.LocaleConfigDetector$Companion                    : loaded 2 times (x 68B)
Class com.android.tools.lint.checks.SQLiteDetector                                    : loaded 2 times (x 167B)
Class com.intellij.lang.jvm.types.JvmWildcardType                                     : loaded 2 times (x 67B)
Class com.intellij.psi.impl.java.stubs.PsiClassInitializerStub                        : loaded 2 times (x 67B)
Class com.intellij.psi.SmartTypePointerManager                                        : loaded 2 times (x 69B)
Class org.jetbrains.kotlin.psi.KtStringTemplateEntryWithExpression                    : loaded 2 times (x 444B)
Class org.jetbrains.kotlin.psi.stubs.impl.KotlinTypeBean                              : loaded 2 times (x 67B)
Class [Lorg.jetbrains.kotlin.psi.KtDeclarationContainer;                              : loaded 2 times (x 66B)
Class com.intellij.psi.StubBasedPsiElement                                            : loaded 2 times (x 67B)
Class org.jetbrains.kotlin.cli.common.localfs.KotlinLocalVirtualFile                  : loaded 2 times (x 151B)
Class kotlinx.serialization.descriptors.PrimitiveKind$STRING                          : loaded 2 times (x 68B)
Class org.jetbrains.kotlin.config.CompilerConfigurationKey                            : loaded 2 times (x 69B)
Class it.unimi.dsi.fastutil.objects.Reference2ObjectMap                               : loaded 2 times (x 67B)
Class com.intellij.openapi.util.NotNullLazyKey                                        : loaded 2 times (x 74B)
Class com.intellij.util.containers.ConcurrentWeakKeySoftValueHashMap                  : loaded 2 times (x 146B)
Class com.intellij.psi.scope.processor.MethodCandidatesProcessor                      : loaded 2 times (x 111B)
Class com.intellij.openapi.project.DumbUtil                                           : loaded 2 times (x 67B)
Class com.intellij.openapi.extensions.ExtensionPointAndAreaListener                   : loaded 2 times (x 67B)
Class com.intellij.codeInsight.folding.CodeFoldingSettings                            : loaded 2 times (x 68B)
Class com.intellij.ide.plugins.DisabledPluginsState$Companion                         : loaded 2 times (x 68B)
Class it.unimi.dsi.fastutil.ints.AbstractInt2ObjectMap                                : loaded 2 times (x 212B)
Class com.intellij.util.containers.MultiMap                                           : loaded 2 times (x 73B)
Class org.jetbrains.kotlin.platform.TargetPlatformKt                                  : loaded 2 times (x 68B)
Class org.jetbrains.kotlin.platform.SimplePlatform                                    : loaded 2 times (x 72B)
Class com.android.tools.lint.checks.UseKtxDetector$Issues                             : loaded 2 times (x 68B)
Class com.android.tools.lint.checks.RtlDetector                                       : loaded 2 times (x 177B)
Class com.android.tools.lint.checks.RecyclerViewDetector                              : loaded 2 times (x 167B)
Class com.intellij.util.containers.FastUtilHashingStrategies                          : loaded 2 times (x 68B)
Class com.android.tools.lint.checks.ManifestPermissionAttributeDetector               : loaded 2 times (x 151B)
Class com.android.tools.lint.checks.DeletedProviderDetector                           : loaded 2 times (x 167B)
Class com.android.tools.lint.checks.ChildInNonViewGroupDetector                       : loaded 2 times (x 151B)
Class com.android.tools.lint.detector.api.Location$Companion                          : loaded 2 times (x 68B)
Class com.intellij.openapi.vfs.VirtualFilePropertyEvent                               : loaded 2 times (x 82B)
Class com.intellij.psi.impl.source.CharTableImpl                                      : loaded 2 times (x 73B)
Class com.intellij.ide.plugins.ReadModuleContext                                      : loaded 2 times (x 67B)
Class kotlinx.coroutines.BuildersKt                                                   : loaded 2 times (x 68B)
Class com.android.tools.lint.client.api.LintClient$Companion                          : loaded 2 times (x 68B)
Class com.google.common.hash.PrimitiveSink                                            : loaded 2 times (x 67B)
Class org.jetbrains.kotlin.gradle.tasks.internal.KotlinJvmOptionsCompat               : loaded 2 times (x 100B)
Class org.jetbrains.kotlin.cli.common.arguments.CommonToolArguments                   : loaded 2 times (x 70B)
Class com.google.common.base.PatternCompiler                                          : loaded 2 times (x 67B)
Class org.jetbrains.kotlin.gradle.utils.FutureKt                                      : loaded 2 times (x 68B)
Class org.jetbrains.kotlin.gradle.logging.GradleLoggingUtilsKt                        : loaded 2 times (x 68B)
Class com.google.common.util.concurrent.AbstractFuture$Failure                        : loaded 2 times (x 69B)
Class com.google.common.base.Equivalence$Equals                                       : loaded 2 times (x 79B)
Class org.jetbrains.kotlin.gradle.plugin.KotlinAndroidPluginWrapper                   : loaded 2 times (x 83B)
Class org.jetbrains.kotlin.analysis.api.impl.base.projectStructure.KotlinOptimizingGlobalSearchScopeMerger: loaded 2 times (x 72B)
Class kotlin.reflect.jvm.internal.KProperty0Impl                                      : loaded 2 times (x 125B)
Class com.intellij.psi.impl.java.stubs.JavaLiteralExpressionElementType               : loaded 2 times (x 112B)
Class org.jetbrains.kotlin.psi.stubs.elements.KtConstantExpressionElementType         : loaded 2 times (x 97B)
Class [Lcom.intellij.openapi.util.io.FileAttributes$CaseSensitivity;                  : loaded 2 times (x 66B)
Class kotlinx.coroutines.CoroutineContextKt$hasCopyableElements$1                     : loaded 2 times (x 75B)
Class kotlinx.coroutines.internal.ThreadContextKt                                     : loaded 2 times (x 68B)
Class com.intellij.openapi.vfs.VirtualFileWithAssignedFileType                        : loaded 2 times (x 67B)
Class kotlinx.coroutines.flow.FlowKt__MergeKt                                         : loaded 2 times (x 68B)
Class kotlinx.coroutines.BuildersKt__Builders_commonKt                                : loaded 2 times (x 68B)
Class kotlinx.coroutines.CoroutineName$Key                                            : loaded 2 times (x 68B)
Class kotlinx.coroutines.CoroutineScopeKt                                             : loaded 2 times (x 68B)
Class com.intellij.openapi.command.CommandEvent                                       : loaded 2 times (x 79B)
Class com.intellij.psi.PsiReferenceServiceImpl                                        : loaded 2 times (x 70B)
Class com.intellij.openapi.vfs.VirtualFileEvent                                       : loaded 2 times (x 79B)
Class com.intellij.serviceContainer.AlreadyDisposedException                          : loaded 2 times (x 79B)
Class com.intellij.util.concurrency.SynchronizedClearableLazy                         : loaded 2 times (x 72B)
Class com.android.tools.lint.checks.ViewHolderDetector$ViewAdapterVisitor             : loaded 2 times (x 124B)
Class com.android.tools.lint.checks.MergeRootFrameLayoutDetector$Companion            : loaded 2 times (x 68B)
Class com.android.tools.lint.checks.IconDetector                                      : loaded 2 times (x 177B)
Class com.android.tools.lint.checks.CutPasteDetector                                  : loaded 2 times (x 168B)
Class com.android.tools.lint.checks.ActivityIconColorDetector$Companion               : loaded 2 times (x 68B)
Class kotlinx.coroutines.internal.ScopeCoroutine                                      : loaded 2 times (x 144B)
Class com.intellij.psi.impl.PsiDocumentManagerBase                                    : loaded 2 times (x 134B)
Class com.intellij.psi.search.NotScope                                                : loaded 2 times (x 102B)
Class com.google.common.collect.ImmutableSetMultimap                                  : loaded 2 times (x 177B)
Class com.google.common.io.CharSink                                                   : loaded 2 times (x 76B)
Class com.google.common.collect.ByFunctionOrdering                                    : loaded 2 times (x 112B)
Class org.jetbrains.kotlin.compilerRunner.GradleCompilerRunner$Companion              : loaded 2 times (x 68B)
Class [Lorg.jetbrains.kotlin.gradle.dsl.PlatformSourceSetConventionsChecker$CheckedPlatformInfo;: loaded 2 times (x 66B)
Class org.jetbrains.kotlin.gradle.plugin.diagnostics.KotlinGradleProjectCheckerContext: loaded 2 times (x 69B)
Class org.jetbrains.kotlin.gradle.plugin.diagnostics.checkers.DuplicateSourceSetChecker: loaded 2 times (x 71B)
Class org.jetbrains.kotlin.gradle.plugin.diagnostics.ToolingDiagnosticFactory         : loaded 2 times (x 70B)
Class org.jetbrains.kotlin.gradle.targets.KotlinTargetSideEffect                      : loaded 2 times (x 67B)
Class org.jetbrains.kotlin.gradle.dsl.KotlinTargetContainerWithNativeShortcuts        : loaded 2 times (x 67B)
Class org.jetbrains.kotlin.gradle.plugin.DefaultKotlinBasePlugin$setupAttributeMatchingStrategy$1$1: loaded 2 times (x 76B)
Class org.jetbrains.kotlin.statistics.metrics.NumericalMetrics$Companion              : loaded 2 times (x 68B)
Class [Lorg.jetbrains.kotlin.statistics.metrics.NumberAnonymizationPolicy;            : loaded 2 times (x 66B)
Class org.jetbrains.kotlin.statistics.metrics.NumberOverridePolicy$OVERRIDE           : loaded 2 times (x 82B)
Class org.jetbrains.kotlin.gradle.internal.properties.PropertiesBuildService$property$1: loaded 2 times (x 76B)
Class com.google.common.base.Joiner$1                                                 : loaded 2 times (x 77B)
Class org.objectweb.asm.Label                                                         : loaded 2 times (x 70B)
Class org.objectweb.asm.CurrentFrame                                                  : loaded 2 times (x 70B)
Class org.objectweb.asm.ClassTooLargeException                                        : loaded 2 times (x 80B)
Class com.google.common.collect.PeekingIterator                                       : loaded 2 times (x 67B)
Class [Lcom.intellij.lang.jvm.JvmModifiersOwner;                                      : loaded 2 times (x 66B)
Class com.intellij.psi.impl.source.tree.JavaElementTypeFactory                        : loaded 2 times (x 69B)
Class com.intellij.psi.impl.PsiElementFactoryImpl$1                                   : loaded 2 times (x 75B)
Class com.intellij.psi.impl.source.BasicJavaElementType$MemberThinCodeFragmentElementType: loaded 2 times (x 85B)
Class com.intellij.psi.tree.IReparseableElementType                                   : loaded 2 times (x 91B)
Class [Lit.unimi.dsi.fastutil.Function;                                               : loaded 2 times (x 66B)
Class [Lorg.jetbrains.kotlin.psi.KtStatementExpression;                               : loaded 2 times (x 66B)
Class org.jetbrains.kotlin.psi.stubs.KotlinStubWithFqName                             : loaded 2 times (x 67B)
Class [Lcom.intellij.psi.tree.TokenSet;                                               : loaded 2 times (x 66B)
Class com.intellij.psi.AbstractFileViewProvider$Content                               : loaded 2 times (x 67B)
Class com.intellij.util.io.UnsyncByteArrayInputStream                                 : loaded 2 times (x 90B)
Class org.jetbrains.kotlin.analysis.api.permissions.KaAnalysisPermissionRegistry      : loaded 2 times (x 67B)
Class com.intellij.core.CoreJavaCodeStyleManager$1CancelException                     : loaded 2 times (x 79B)
Class com.intellij.mock.MockDumbService                                               : loaded 2 times (x 92B)
Class kotlinx.coroutines.flow.SharedFlow                                              : loaded 2 times (x 67B)
Class com.intellij.pom.java.InternalPersistentJavaLanguageLevelReaderService$DefaultImpl: loaded 2 times (x 71B)
Class org.jetbrains.kotlin.load.kotlin.KotlinBinaryClassCache$cache$1                 : loaded 2 times (x 80B)
Class com.fasterxml.aalto.in.FixedNsContext                                           : loaded 2 times (x 74B)
Class com.intellij.lexer.DelegateLexer                                                : loaded 2 times (x 81B)
Class com.intellij.psi.impl.source.tree.java.PsiFragmentImpl                          : loaded 2 times (x 624B)
Class com.intellij.util.pico.CachingConstructorInjectionComponentAdapter              : loaded 2 times (x 74B)
Class com.intellij.util.messages.MessageBusConnection                                 : loaded 2 times (x 67B)
Class org.jetbrains.kotlin.config.MavenComparableVersion$Item                         : loaded 2 times (x 67B)
Class com.intellij.openapi.util.Condition                                             : loaded 2 times (x 67B)
Class com.android.tools.lint.checks.ThreadDetector$Companion                          : loaded 2 times (x 68B)
Class com.intellij.lang.jvm.types.JvmType                                             : loaded 2 times (x 67B)
Class com.android.tools.lint.checks.SslCertificateSocketFactoryDetector               : loaded 2 times (x 167B)
Class com.android.tools.lint.checks.ResourceCycleDetector$Companion                   : loaded 2 times (x 68B)
Class com.android.tools.lint.checks.RegisterReceiverFlagDetector$Companion            : loaded 2 times (x 68B)
Class com.android.tools.lint.checks.MonochromeLauncherIconDetector$Companion          : loaded 2 times (x 68B)
Class com.android.tools.lint.checks.LayoutInflationDetector                           : loaded 2 times (x 177B)
Class com.android.tools.lint.checks.IconDetector$NotificationFinder                   : loaded 2 times (x 124B)
Class com.android.tools.lint.checks.DiscouragedDetector$Companion                     : loaded 2 times (x 68B)
Class org.jetbrains.kotlin.psi.KtEnumEntry                                            : loaded 2 times (x 1102B)
Class com.android.tools.lint.detector.api.Detector$UastScanner                        : loaded 2 times (x 67B)
Class com.android.tools.lint.checks.AppLinksValidDetector                             : loaded 2 times (x 151B)
Class com.android.tools.lint.checks.AlwaysShowActionDetector                          : loaded 2 times (x 177B)
Class com.android.tools.lint.checks.ActionsXmlDetector$Companion                      : loaded 2 times (x 68B)
Class com.android.tools.lint.detector.api.Platform                                    : loaded 2 times (x 76B)
Class org.jetbrains.kotlin.psi.KtDynamicType                                          : loaded 2 times (x 505B)
Class org.jetbrains.kotlin.analyzer.CompilationErrorException                         : loaded 2 times (x 79B)
Class org.jetbrains.kotlin.load.kotlin.VirtualFileFinder                              : loaded 2 times (x 87B)
Class kotlin.reflect.jvm.internal.KProperty0Impl$$Lambda$0                            : loaded 2 times (x 73B)
Class com.intellij.psi.impl.java.stubs.PsiNameValuePairStub                           : loaded 2 times (x 67B)
Class org.jetbrains.kotlin.metadata.ProtoBuf$ContractOrBuilder                        : loaded 2 times (x 67B)
Class build_eytmn3igv5w0cibthy6j170$_run_closure1$_closure2                           : loaded 2 times (x 136B)
Class com.google.common.io.ByteSource$AsCharSource                                    : loaded 2 times (x 83B)
Class com.google.common.collect.MapMakerInternalMap$InternalEntryHelper               : loaded 2 times (x 67B)
Class com.google.common.collect.Table                                                 : loaded 2 times (x 67B)
Class com.google.common.collect.Maps$IteratorBasedAbstractMap                         : loaded 2 times (x 122B)
Class org.jetbrains.kotlin.gradle.tasks.configuration.AbstractKotlinCompileConfig$2$2$1: loaded 2 times (x 72B)
Class org.jetbrains.kotlin.build.report.metrics.BuildAttributes$Companion             : loaded 2 times (x 68B)
Class org.jetbrains.kotlin.gradle.tasks.KotlinCompilationTask                         : loaded 2 times (x 67B)
Class org.jetbrains.kotlin.gradle.plugin.mpp.compilationImpl.factory.KotlinCompilationImplFactory$ProcessResourcesTaskNameFactory: loaded 2 times (x 67B)
Class com.google.common.collect.RangeGwtSerializationDependencies                     : loaded 2 times (x 68B)
Class org.jetbrains.kotlin.gradle.internal.properties.PropertiesBuildService$property$2: loaded 2 times (x 76B)
Class org.jetbrains.kotlin.gradle.internal.KotlinDependenciesManagementKt             : loaded 2 times (x 68B)
Class org.jetbrains.kotlin.gradle.plugin.DefaultKotlinBasePlugin$setupAttributeMatchingStrategy$1$2: loaded 2 times (x 76B)
Class org.jetbrains.kotlin.gradle.plugin.statistics.KotlinBuildStatsLoggerService     : loaded 2 times (x 69B)
Class org.jetbrains.kotlin.gradle.plugin.internal.CustomPropertiesFileValueSource$Inject: loaded 2 times (x 110B)
Class com.google.common.base.Joiner$2                                                 : loaded 2 times (x 76B)
Class org.objectweb.asm.Frame                                                         : loaded 2 times (x 70B)
Class org.objectweb.asm.MethodVisitor                                                 : loaded 2 times (x 102B)
Class com.google.common.cache.LocalCache$EntryFactory$1                               : loaded 2 times (x 80B)
Class [Lcom.google.common.cache.RemovalListener;                                      : loaded 2 times (x 66B)
Class com.intellij.psi.impl.source.tree.java.ModifierListElement                      : loaded 2 times (x 232B)
Class com.intellij.util.io.UnsyncByteArrayOutputStream                                : loaded 2 times (x 94B)
Class org.jetbrains.kotlin.metadata.ProtoBuf$EnumEntryOrBuilder                       : loaded 2 times (x 67B)
Class com.intellij.psi.impl.DebugUtil$IncorrectTreeStructureException                 : loaded 2 times (x 80B)
Class [Lorg.jetbrains.kotlin.psi.KtSimpleNameStringTemplateEntry;                     : loaded 2 times (x 66B)
Class com.intellij.openapi.vfs.impl.ZipEntryMap                                       : loaded 2 times (x 120B)
Class com.intellij.lang.LighterASTSyntaxTreeBuilderBackedNode                         : loaded 2 times (x 67B)
Class com.intellij.util.diff.DiffTreeChangeBuilder                                    : loaded 2 times (x 67B)
Class kotlinx.coroutines.flow.FlowKt__ChannelsKt$emitAllInternal$1                    : loaded 2 times (x 85B)
Class com.intellij.psi.PsiTreeChangeEvent                                             : loaded 2 times (x 82B)
Class com.intellij.util.CachedValuesFactory                                           : loaded 2 times (x 67B)
Class kotlinx.coroutines.scheduling.TaskContextImpl                                   : loaded 2 times (x 72B)
Class com.intellij.util.graph.GraphAlgorithms                                         : loaded 2 times (x 79B)
Class com.intellij.openapi.util.text.StringUtil                                       : loaded 2 times (x 68B)
Class com.intellij.psi.impl.source.tree.LazyParseableElement                          : loaded 2 times (x 235B)
Class com.intellij.openapi.editor.impl.RangeMarkerTree                                : loaded 2 times (x 150B)
Class com.intellij.openapi.editor.event.DocumentListener                              : loaded 2 times (x 67B)
Class com.intellij.openapi.extensions.AreaInstance                                    : loaded 2 times (x 67B)
Class com.android.tools.lint.checks.WearableConfigurationActionDetector$Issues        : loaded 2 times (x 68B)
Class org.jetbrains.uast.UClassInitializer                                            : loaded 2 times (x 67B)
Class com.android.tools.lint.checks.RangeDetector                                     : loaded 2 times (x 167B)
Class com.android.tools.lint.checks.DiffUtilDetector$Companion                        : loaded 2 times (x 68B)
Class com.android.tools.lint.checks.AppCompatResourceDetector                         : loaded 2 times (x 151B)
Class org.jetbrains.kotlin.resolve.jvm.extensions.AnalysisHandlerExtension$Companion  : loaded 2 times (x 69B)
Class org.jetbrains.kotlin.types.extensions.TypeAttributeTranslators                  : loaded 2 times (x 69B)
Class build_bk8c5qtwyw6vmcu990napi6w4$_run_closure1$_closure3                         : loaded 2 times (x 136B)
Class org.jetbrains.kotlin.gradle.plugin.mpp.InternalKotlinTargetKt$special$$inlined$extrasStoredFuture$1: loaded 2 times (x 76B)
Class org.jetbrains.kotlin.compilerRunner.UsesCompilerSystemPropertiesService         : loaded 2 times (x 67B)
Class org.jetbrains.kotlin.gradle.plugin.mpp.compilationImpl.KotlinCompilationSourceSetInclusion$Companion: loaded 2 times (x 68B)
Class com.google.common.collect.RangeSet                                              : loaded 2 times (x 67B)
Class org.jetbrains.kotlin.konan.target.KonanTarget$WATCHOS_DEVICE_ARM64              : loaded 2 times (x 75B)
Class org.jetbrains.kotlin.gradle.plugin.diagnostics.checkers.MissingNativeStdlibChecker$runChecks$1: loaded 2 times (x 85B)
Class [Lorg.jetbrains.kotlin.gradle.plugin.sources.android.AndroidVariantType;        : loaded 2 times (x 66B)
Class org.jetbrains.kotlin.gradle.plugin.sources.android.AndroidVariantType           : loaded 2 times (x 76B)
Class org.jetbrains.kotlin.gradle.plugin.mpp.KotlinTargetSoftwareComponent            : loaded 2 times (x 86B)
Class org.jetbrains.kotlin.gradle.plugin.mpp.KotlinVariant                            : loaded 2 times (x 98B)
Class org.jetbrains.kotlin.gradle.targets.native.ConfigureFrameworkExportSideEffectKt : loaded 2 times (x 68B)
Class org.jetbrains.kotlin.gradle.utils.WhenPluginEnabledKt                           : loaded 2 times (x 68B)
Class org.jetbrains.kotlin.tooling.core.ExtrasProperty                                : loaded 2 times (x 67B)
Class org.jetbrains.kotlin.gradle.plugin.VariantImplementationFactories               : loaded 2 times (x 72B)
Class com.google.common.cache.LocalCache$EntryFactory$2                               : loaded 2 times (x 80B)
Class org.gradle.api.internal.classpath.GlobalCacheRootsProvider                      : loaded 2 times (x 67B)
Class com.intellij.lang.java.parser.DeclarationParser$1                               : loaded 2 times (x 68B)
Class com.intellij.lang.WhitespacesBinders                                            : loaded 2 times (x 68B)
Class org.jetbrains.kotlin.codegen.extensions.ClassBuilderInterceptorExtension        : loaded 2 times (x 67B)
Class com.intellij.psi.impl.java.stubs.JavaRecordComponentElementType                 : loaded 2 times (x 112B)
Class com.intellij.psi.impl.java.stubs.JavaFieldStubElementType                       : loaded 2 times (x 112B)
Class com.intellij.openapi.editor.impl.RedBlackTree$Node                              : loaded 2 times (x 84B)
Class [Lcom.intellij.psi.PsiLanguageInjectionHost;                                    : loaded 2 times (x 66B)
Class com.intellij.psi.impl.source.tree.ICodeFragmentElementType                      : loaded 2 times (x 81B)
Class [Lorg.jetbrains.kotlin.psi.KtClassLikeDeclaration;                              : loaded 2 times (x 66B)
Class org.jetbrains.kotlin.analysis.api.platform.KotlinOptionalPlatformComponent      : loaded 2 times (x 67B)
Class org.jetbrains.kotlin.analysis.decompiled.light.classes.origin.KotlinDeclarationInCompiledFileSearcher$Companion: loaded 2 times (x 68B)
Class org.jetbrains.kotlin.analysis.decompiled.light.classes.origin.KotlinDeclarationInCompiledFileSearcher: loaded 2 times (x 68B)
Class org.gradle.internal.classloader.FilteringClassLoader                            : loaded 2 times (x 102B)
Class com.intellij.psi.controlFlow.ControlFlowFactory$1                               : loaded 2 times (x 75B)
Class com.intellij.psi.impl.source.resolve.JavaResolveCache                           : loaded 2 times (x 71B)
Class com.intellij.psi.JVMElementFactory                                              : loaded 2 times (x 67B)
Class com.intellij.testFramework.LightVirtualFile                                     : loaded 2 times (x 169B)
Class com.intellij.openapi.roots.PackageIndex                                         : loaded 2 times (x 72B)
Class com.intellij.psi.impl.smartPointers.PsiClassReferenceTypePointerFactory         : loaded 2 times (x 71B)
Class com.intellij.ide.plugins.KotlinK2ModeCompatibilityCheckerKt                     : loaded 2 times (x 68B)
Class kotlinx.coroutines.internal.SoftLimitedParallelism                              : loaded 2 times (x 67B)
Class com.intellij.psi.search.searches.ExtensibleQueryFactory                         : loaded 2 times (x 74B)
Class com.intellij.openapi.extensions.SortingException                                : loaded 2 times (x 79B)
Class com.intellij.openapi.progress.ProgressIndicator                                 : loaded 2 times (x 67B)
Class com.intellij.psi.impl.source.CharTableImpl$StringHashToCharSequencesMap         : loaded 2 times (x 219B)
Class com.intellij.psi.impl.source.tree.TreeElement                                   : loaded 2 times (x 208B)
Class com.intellij.util.KeyedLazyInstance                                             : loaded 2 times (x 67B)
Class com.intellij.util.messages.MessageBusFactory                                    : loaded 2 times (x 69B)
Class com.android.tools.lint.checks.WrongCommentTypeDetector                          : loaded 2 times (x 167B)
Class com.intellij.psi.PsiPrimitiveType                                               : loaded 2 times (x 107B)
Class org.objectweb.asm.tree.MethodInsnNode                                           : loaded 2 times (x 77B)
Class com.android.tools.lint.checks.ScrollViewChildDetector                           : loaded 2 times (x 151B)
Class com.android.tools.lint.checks.NotificationTrampolineDetector$Issues             : loaded 2 times (x 68B)
Class com.android.ide.common.gradle.Component$Companion                               : loaded 2 times (x 68B)
Class com.android.tools.lint.detector.api.Constraint                                  : loaded 2 times (x 69B)
Class com.android.tools.lint.checks.BinderGetCallingInMainThreadDetector              : loaded 2 times (x 169B)
Class com.google.common.collect.RegularImmutableMap$KeySet                            : loaded 2 times (x 149B)
Class com.google.common.base.Equivalence$Identity                                     : loaded 2 times (x 79B)
Class com.google.common.base.PairwiseEquivalence                                      : loaded 2 times (x 80B)
Class org.jetbrains.kotlin.gradle.plugin.KotlinGradleBuildServices$Inject             : loaded 2 times (x 97B)
Class org.jetbrains.kotlin.tooling.core.Extras$Entry$Companion                        : loaded 2 times (x 68B)
Class com.google.common.collect.CollectCollectors                                     : loaded 2 times (x 68B)
Class org.jetbrains.kotlin.gradle.targets.js.dsl.KotlinWasmWasiTargetDsl              : loaded 2 times (x 67B)
Class org.jetbrains.kotlin.gradle.plugin.diagnostics.checkers.DisabledNativeTargetsChecker: loaded 2 times (x 71B)
Class org.jetbrains.kotlin.gradle.plugin.mpp.compilationImpl.KotlinCreateSourcesJarTaskSideEffectKt$KotlinCreateSourcesJarTaskSideEffect$1: loaded 2 times (x 71B)
Class org.jetbrains.kotlin.gradle.internal.CompilerArgumentAware                      : loaded 2 times (x 67B)
Class org.jetbrains.kotlin.gradle.utils.ReportUtilsKt                                 : loaded 2 times (x 68B)
Class org.jetbrains.kotlin.gradle.utils.StoredLazyProperty                            : loaded 2 times (x 72B)
Class org.objectweb.asm.ModuleWriter                                                  : loaded 2 times (x 79B)
Class com.google.common.cache.LocalCache$EntryFactory$3                               : loaded 2 times (x 80B)
Class com.google.common.base.Ticker$1                                                 : loaded 2 times (x 69B)
Class com.google.common.collect.ImmutableMapEntrySet$RegularEntrySet                  : loaded 2 times (x 149B)
Class org.jetbrains.kotlin.resolve.diagnostics.DiagnosticSuppressor                   : loaded 2 times (x 67B)
Class com.intellij.psi.impl.source.BasicJavaDocElementType$DocReferenceHolderElementType: loaded 2 times (x 85B)
Class com.intellij.psi.PsiMethodReferenceExpression                                   : loaded 2 times (x 67B)
Class com.intellij.lang.java.parser.BasicJavaParser                                   : loaded 2 times (x 76B)
Class org.jetbrains.kotlin.psi.KtDoubleColonExpression                                : loaded 2 times (x 67B)
Class [Lorg.jetbrains.kotlin.psi.KtFunctionType;                                      : loaded 2 times (x 66B)
Class org.jetbrains.kotlin.psi.stubs.KotlinBackingFieldStub                           : loaded 2 times (x 67B)
Class org.jetbrains.kotlin.psi.stubs.elements.KtPropertyAccessorElementType           : loaded 2 times (x 100B)
Class org.jetbrains.kotlin.cli.jvm.compiler.JavaLanguageLevelKt                       : loaded 2 times (x 68B)
Class com.intellij.psi.controlFlow.ControlFlow                                        : loaded 2 times (x 67B)
Class kotlinx.coroutines.channels.BufferedChannel                                     : loaded 2 times (x 123B)
Class com.intellij.testFramework.LightVirtualFileBase                                 : loaded 2 times (x 162B)
Class com.intellij.openapi.util.Factory                                               : loaded 2 times (x 67B)
Class com.intellij.openapi.project.DumbService$Companion                              : loaded 2 times (x 68B)
Class org.jetbrains.kotlin.cli.common.PropertiesKt                                    : loaded 2 times (x 68B)
Class kotlinx.coroutines.Incomplete                                                   : loaded 2 times (x 67B)
Class com.intellij.util.graph.OutboundSemiGraph                                       : loaded 2 times (x 67B)
Class com.intellij.openapi.command.impl.CoreCommandProcessor$1                        : loaded 2 times (x 83B)
Class com.intellij.psi.stubs.ObjectStubTree                                           : loaded 2 times (x 76B)
Class com.intellij.psi.impl.source.resolve.reference.ReferenceProvidersRegistryImpl$2 : loaded 2 times (x 72B)
Class com.intellij.codeInsight.multiverse.MultiverseEnabler                           : loaded 2 times (x 67B)
Class org.jetbrains.kotlin.gradle.utils.Completable$await$1                           : loaded 2 times (x 85B)
Class [Lcom.intellij.pom.java.LanguageLevel;                                          : loaded 2 times (x 66B)
Class com.android.tools.lint.checks.RequiredFeatureDetector$Companion                 : loaded 2 times (x 68B)
Class com.android.tools.lint.checks.NfcTechListDetector                               : loaded 2 times (x 151B)
Class com.android.tools.lint.checks.MemberExtensionConflictDetector                   : loaded 2 times (x 167B)
Class com.android.tools.lint.checks.LeanbackWifiUsageDetector$Companion               : loaded 2 times (x 68B)
Class com.android.tools.lint.checks.DosLineEndingDetector                             : loaded 2 times (x 151B)
Class com.android.tools.lint.checks.ChromeOsSourceDetector                            : loaded 2 times (x 167B)
Class com.android.tools.lint.checks.AlarmDetector$Issues                              : loaded 2 times (x 68B)
Class com.android.tools.lint.checks.AccessibilityViewScrollActionsDetector$Companion  : loaded 2 times (x 68B)
Class com.android.tools.lint.checks.AccessibilityForceFocusDetector$Companion         : loaded 2 times (x 68B)
Class com.android.tools.lint.checks.BuiltinIssueRegistry$Companion                    : loaded 2 times (x 68B)
Class com.android.tools.lint.detector.api.ApiConstraint$SdkApiConstraint$Companion    : loaded 2 times (x 68B)
Class org.jetbrains.kotlin.compilerRunner.CompilerSystemPropertiesService$Companion   : loaded 2 times (x 68B)
Class org.jetbrains.kotlin.statistics.AnonymizerUtilsKt                               : loaded 2 times (x 68B)
Class com.google.common.io.LineReader                                                 : loaded 2 times (x 69B)
Class Native_plugin_loader_gradle$NativePluginLoader                                  : loaded 2 times (x 69B)
Class com.google.common.collect.CollectSpliterators$1                                 : loaded 2 times (x 87B)
Class org.jetbrains.kotlin.gradle.tasks.K2MultiplatformStructure_Decorated            : loaded 2 times (x 132B)
Class org.jetbrains.kotlin.compilerRunner.GradleCompilerRunner                        : loaded 2 times (x 70B)
Class com.google.common.collect.SetMultimap                                           : loaded 2 times (x 67B)
Class org.jetbrains.kotlin.gradle.dsl.AndroidMainSourceSetConventionsChecker$runChecks$1: loaded 2 times (x 85B)
Class org.jetbrains.kotlin.gradle.plugin.sources.FragmentConsistencyChecks            : loaded 2 times (x 69B)
Class org.jetbrains.kotlin.gradle.plugin.mpp.InternalKotlinTargetComponent            : loaded 2 times (x 90B)
Class org.jetbrains.kotlin.gradle.targets.CreateDefaultTestRunSideEffectKt$special$$inlined$KotlinTargetSideEffect$1: loaded 2 times (x 71B)
Class org.jetbrains.kotlin.gradle.utils.ProviderApiUtilsKt                            : loaded 2 times (x 68B)
Class org.jetbrains.kotlin.gradle.internal.properties.NativePropertiesLoader$forceDisableRunningInProcess$1: loaded 2 times (x 72B)
Class org.jetbrains.kotlin.gradle.utils.PersistentCachesKt                            : loaded 2 times (x 68B)
Class org.jetbrains.kotlin.gradle.internal.tasks.TaskWithLocalState                   : loaded 2 times (x 67B)
Class org.jetbrains.kotlin.gradle.plugin.statistics.KotlinBuildStatisticsUtilsKt      : loaded 2 times (x 68B)
Class org.jetbrains.kotlin.statistics.metrics.BooleanMetrics                          : loaded 2 times (x 77B)
Class org.jetbrains.kotlin.gradle.internal.properties.PropertiesBuildService$Params   : loaded 2 times (x 67B)
Class com.google.common.cache.LocalCache$EntryFactory$4                               : loaded 2 times (x 80B)
Class org.jetbrains.kotlin.resolve.extensions.SyntheticResolveExtension$Companion     : loaded 2 times (x 69B)
Class com.intellij.psi.ParsingDiagnostics$ParserDiagnosticsHandler                    : loaded 2 times (x 67B)
Class [Lcom.intellij.psi.PsiQualifiedReferenceElement;                                : loaded 2 times (x 66B)
Class org.jetbrains.kotlin.protobuf.CodedInputStream                                  : loaded 2 times (x 69B)
Class com.intellij.psi.PsiLiteralExpression                                           : loaded 2 times (x 67B)
Class com.intellij.psi.impl.java.stubs.JavaModuleElementType                          : loaded 2 times (x 112B)
Class org.jetbrains.kotlin.analysis.api.projectStructure.KaNotUnderContentRootModule  : loaded 2 times (x 67B)
Class org.jetbrains.kotlin.psi.stubs.elements.KtAnnotationEntryElementType            : loaded 2 times (x 101B)
Class com.intellij.psi.JvmPsiConversionHelper                                         : loaded 2 times (x 67B)
Class com.intellij.psi.codeStyle.JavaCodeStyleManager                                 : loaded 2 times (x 96B)
Class com.intellij.psi.PsiJavaParserFacade                                            : loaded 2 times (x 67B)
Class com.intellij.psi.SmartPointerManager                                            : loaded 2 times (x 74B)
Class kotlinx.coroutines.flow.internal.FusibleFlow$DefaultImpls                       : loaded 2 times (x 68B)
Class kotlinx.coroutines.flow.SharedFlowImpl                                          : loaded 2 times (x 101B)
Class com.intellij.psi.impl.source.resolve.ResolveCache                               : loaded 2 times (x 81B)
Class kotlinx.coroutines.CoroutineName                                                : loaded 2 times (x 86B)
Class org.jetbrains.kotlin.analysis.api.standalone.base.declarations.KotlinFakeClsStubsCache: loaded 2 times (x 69B)
Class com.android.tools.lint.checks.AccessibilityWindowStateChangedDetector$Companion : loaded 2 times (x 68B)
Class org.codehaus.stax2.ri.typed.ValueDecoderFactory$DoubleDecoder                   : loaded 2 times (x 81B)
Class kotlinx.coroutines.AbstractTimeSourceKt                                         : loaded 2 times (x 68B)
Class com.intellij.openapi.util.registry.RegistryValueListener                        : loaded 2 times (x 67B)
Class com.intellij.lang.java.lexer.JavaTypeEscapeLexer                                : loaded 2 times (x 84B)
Class com.intellij.psi.impl.source.tree.JavaASTFactory                                : loaded 2 times (x 72B)
Class com.intellij.openapi.command.impl.CoreCommandProcessor$2                        : loaded 2 times (x 73B)
Class it.unimi.dsi.fastutil.objects.Reference2ObjectFunction                          : loaded 2 times (x 67B)
Class it.unimi.dsi.fastutil.ints.AbstractInt2ObjectFunction                           : loaded 2 times (x 118B)
Class com.android.tools.lint.UastEnvironmentKt                                        : loaded 2 times (x 68B)
Class com.android.tools.lint.checks.WearSplashScreenDetector$Issues                   : loaded 2 times (x 68B)
Class com.android.tools.lint.checks.ResourceCycleDetector                             : loaded 2 times (x 152B)
Class com.android.tools.lint.checks.PreferenceActivityDetector$Companion              : loaded 2 times (x 68B)
Class com.android.tools.lint.checks.PageAlignmentDetector                             : loaded 2 times (x 154B)
Class com.android.tools.lint.checks.NoOpDetector                                      : loaded 2 times (x 167B)
Class com.android.tools.lint.checks.NonInternationalizedSmsDetector                   : loaded 2 times (x 167B)
Class com.android.tools.lint.checks.NetworkSecurityConfigDetector                     : loaded 2 times (x 152B)
Class com.android.tools.lint.checks.MissingClassDetector$Companion                    : loaded 2 times (x 68B)
Class com.android.tools.lint.checks.CipherGetInstanceDetector$Companion               : loaded 2 times (x 68B)
Class com.android.tools.lint.checks.CipherGetInstanceDetector                         : loaded 2 times (x 167B)
Class com.intellij.openapi.util.Iconable                                              : loaded 2 times (x 67B)
Class com.google.common.io.ByteStreams$1                                              : loaded 2 times (x 82B)
Class com.google.common.collect.ReverseOrdering                                       : loaded 2 times (x 112B)
Class org.jetbrains.kotlin.gradle.plugin.sources.KotlinDependencyScopeKt$WhenMappings : loaded 2 times (x 68B)
Class org.jetbrains.kotlin.gradle.tasks.K2MultiplatformCompilationTask                : loaded 2 times (x 67B)
Class org.jetbrains.kotlin.gradle.plugin.diagnostics.checkers.OverriddenKotlinNativeHomeChecker$StdlibExistenceCheckerValueSource$Inject: loaded 2 times (x 106B)
Class org.jetbrains.kotlin.gradle.utils.ConfigurationsKt$maybeCreateDependencyScope$1 : loaded 2 times (x 75B)
Class org.jetbrains.kotlin.gradle.plugin.sources.FragmentConsistencyChecks$languageVersionCheck$1: loaded 2 times (x 76B)
Class org.jetbrains.kotlin.gradle.plugin.mpp.DecoratedKotlinCompilation               : loaded 2 times (x 188B)
Class org.jetbrains.kotlin.gradle.plugin.diagnostics.checkers.ExperimentalTryNextUsageChecker: loaded 2 times (x 71B)
Class [Lorg.jetbrains.kotlin.gradle.plugin.diagnostics.ToolingDiagnostic$Severity;    : loaded 2 times (x 66B)
Class [Lorg.jetbrains.kotlin.gradle.plugin.KotlinPlatformType;                        : loaded 2 times (x 66B)
Class org.jetbrains.kotlin.gradle.plugin.statistics.UsesBuildFusService               : loaded 2 times (x 67B)
Class org.jetbrains.kotlin.gradle.plugin.statistics.old.Pre232IdeaKotlinBuildStatsBeanService: loaded 2 times (x 92B)
Class org.jetbrains.kotlin.statistics.metrics.NumberOverridePolicy$AVERAGE            : loaded 2 times (x 82B)
Class org.jetbrains.kotlin.gradle.plugin.VariantImplementationFactories$Parameters$Inject: loaded 2 times (x 103B)
Class com.google.common.cache.LocalCache$EntryFactory$5                               : loaded 2 times (x 80B)
Class org.jetbrains.kotlin.analysis.api.platform.lifetime.KaLifetimeTracker           : loaded 2 times (x 67B)
Class org.jetbrains.kotlin.analysis.api.projectStructure.KaModuleProvider             : loaded 2 times (x 67B)
Class org.jetbrains.kotlin.resolve.extensions.AssignResolutionAltererExtension$Companion: loaded 2 times (x 69B)
Class com.intellij.psi.impl.source.tree.JavaDocElementType$JavaDocParentProviderElementType: loaded 2 times (x 75B)
Class com.intellij.psi.tree.java.IKeywordElementType                                  : loaded 2 times (x 72B)
Class org.jetbrains.kotlin.protobuf.MessageLite$Builder                               : loaded 2 times (x 67B)
Class org.jetbrains.kotlin.psi.stubs.KotlinPlaceHolderStub                            : loaded 2 times (x 67B)
Class org.jetbrains.kotlin.psi.stubs.KotlinCallableStubBase                           : loaded 2 times (x 67B)
Class com.intellij.extapi.psi.PsiFileBase                                             : loaded 2 times (x 724B)
Class com.intellij.util.containers.ConcurrentWeakKeySoftValueHashMap$SoftValue        : loaded 2 times (x 84B)
Class com.android.tools.lint.checks.DeprecatedSinceApiDetector                        : loaded 2 times (x 167B)
Class com.intellij.ide.plugins.UntilBuildDeprecation                                  : loaded 2 times (x 68B)
Class com.fasterxml.aalto.in.PNameN                                                   : loaded 2 times (x 81B)
Class com.fasterxml.aalto.in.Utf32Reader                                              : loaded 2 times (x 92B)
Class com.intellij.psi.PsiRecursiveVisitor                                            : loaded 2 times (x 67B)
Class com.intellij.openapi.extensions.LoadingOrder$Orderable                          : loaded 2 times (x 67B)
Class com.intellij.psi.impl.source.javadoc.PsiDocTokenImpl                            : loaded 2 times (x 393B)
Class com.intellij.openapi.diagnostic.RuntimeExceptionWithAttachments                 : loaded 2 times (x 84B)
Class com.intellij.psi.tree.ILazyParseableElementType                                 : loaded 2 times (x 81B)
Class com.intellij.openapi.util.TextRange                                             : loaded 2 times (x 94B)
Class com.android.tools.lint.detector.api.LintModelModuleProjectKt                    : loaded 2 times (x 68B)
Class com.android.tools.lint.checks.WebViewDetector                                   : loaded 2 times (x 151B)
Class com.android.tools.lint.checks.LeakDetector                                      : loaded 2 times (x 167B)
Class com.android.tools.lint.checks.AppCompatCallDetector                             : loaded 2 times (x 167B)
Class com.android.tools.lint.checks.AnnotationDetector                                : loaded 2 times (x 168B)
Class com.android.tools.lint.checks.AddJavascriptInterfaceDetector                    : loaded 2 times (x 167B)
Class com.intellij.psi.PsiJavaDocumentedElement                                       : loaded 2 times (x 67B)
Class com.android.tools.lint.checks.WakelockDetector$Companion                        : loaded 2 times (x 68B)
Class com.google.common.collect.HashMultimap                                          : loaded 2 times (x 171B)
Class org.jetbrains.kotlin.gradle.plugin.mpp.MppSourcesJarKt$sourcesJarTaskNamed$result$1: loaded 2 times (x 76B)
Class org.jetbrains.kotlin.gradle.tasks.configuration.BaseKotlinCompileConfig$1       : loaded 2 times (x 76B)
Class org.jetbrains.kotlin.gradle.plugin.UsesBuildFinishedListenerService             : loaded 2 times (x 67B)
Class org.jetbrains.kotlin.gradle.plugin.mpp.compilationImpl.factory.ConfigurationNaming$Default: loaded 2 times (x 72B)
Class org.jetbrains.kotlin.gradle.plugin.mpp.compilationImpl.KotlinCompilationSourceSetInclusion: loaded 2 times (x 69B)
Class org.jetbrains.kotlin.gradle.plugin.KotlinBaseApiPlugin                          : loaded 2 times (x 115B)
Class org.jetbrains.kotlin.gradle.targets.jvm.KotlinJvmTarget                         : loaded 2 times (x 169B)
Class org.jetbrains.kotlin.gradle.targets.js.dsl.KotlinWasmJsTargetDsl                : loaded 2 times (x 67B)
Class org.jetbrains.kotlin.gradle.plugin.diagnostics.checkers.DisabledNativeTargetsChecker$runChecks$1: loaded 2 times (x 85B)
Class org.jetbrains.kotlin.gradle.plugin.KotlinPluginLifecycleImpl$await$2$1          : loaded 2 times (x 76B)
Class org.jetbrains.kotlin.gradle.plugin.sources.DefaultLanguageSettingsBuilder       : loaded 2 times (x 97B)
Class org.jetbrains.kotlin.gradle.plugin.sources.FragmentConsistencyChecks$languageVersionCheck$2: loaded 2 times (x 75B)
Class org.jetbrains.kotlin.gradle.targets.CreateTargetConfigurationsSideEffectKt$CreateTargetConfigurationsSideEffect$1: loaded 2 times (x 71B)
Class org.jetbrains.kotlin.gradle.dsl.KotlinTargetContainerWithPresetFunctions        : loaded 2 times (x 67B)
Class org.jetbrains.kotlin.gradle.utils.GradleConfigurationUtilsKt                    : loaded 2 times (x 68B)
Class org.jetbrains.kotlin.gradle.plugin.internal.CustomPropertiesFileValueSource$Parameters: loaded 2 times (x 67B)
Class com.google.common.cache.LocalCache$EntryFactory$6                               : loaded 2 times (x 80B)
Class org.gradle.internal.installation.CurrentGradleInstallationLocator               : loaded 2 times (x 68B)
Class org.jetbrains.kotlin.metadata.builtins.BuiltInsProtoBuf                         : loaded 2 times (x 68B)
Class com.intellij.psi.impl.java.stubs.JavaStubElementTypes$10                        : loaded 2 times (x 112B)
Class [Lit.unimi.dsi.fastutil.Hash;                                                   : loaded 2 times (x 66B)
Class com.intellij.openapi.vfs.VirtualFileWithId                                      : loaded 2 times (x 67B)
Class [Lorg.jetbrains.kotlin.psi.KtCollectionLiteralExpression;                       : loaded 2 times (x 66B)
Class [Lorg.jetbrains.kotlin.psi.KtValueArgumentName;                                 : loaded 2 times (x 66B)
Class [Lorg.jetbrains.kotlin.psi.KtIntersectionType;                                  : loaded 2 times (x 66B)
Class org.jetbrains.kotlin.psi.stubs.KotlinAnnotationUseSiteTargetStub                : loaded 2 times (x 67B)
Class org.jetbrains.kotlin.psi.stubs.elements.KtParameterElementType                  : loaded 2 times (x 101B)
Class org.jetbrains.kotlin.psi.stubs.elements.KtModifierListElementType               : loaded 2 times (x 100B)
Class com.intellij.util.text.CharSequenceReader                                       : loaded 2 times (x 90B)
Class org.jetbrains.kotlin.analysis.project.structure.builder.KtSourceModuleBuilder   : loaded 2 times (x 70B)
Class org.jetbrains.kotlin.cli.jvm.compiler.KotlinCliJavaFileManagerImpl$Companion    : loaded 2 times (x 68B)
Class org.jetbrains.kotlin.analysis.decompiler.psi.BuiltinsVirtualFileProvider        : loaded 2 times (x 70B)
Class kotlinx.coroutines.internal.OpDescriptor                                        : loaded 2 times (x 70B)
Class kotlinx.coroutines.Empty                                                        : loaded 2 times (x 72B)
Class com.intellij.psi.util.MethodSignature                                           : loaded 2 times (x 67B)
Class com.intellij.openapi.fileTypes.PlainTextParserDefinition$1                      : loaded 2 times (x 81B)
Class com.intellij.psi.PsiWhiteSpace                                                  : loaded 2 times (x 67B)
Class com.intellij.util.messages.impl.MessageBusConnectionImpl                        : loaded 2 times (x 95B)
Class com.intellij.openapi.vfs.impl.VirtualFileManagerImpl                            : loaded 2 times (x 103B)
Class com.intellij.openapi.vfs.VirtualFileManager                                     : loaded 2 times (x 92B)
Class it.unimi.dsi.fastutil.ints.Int2IntFunction                                      : loaded 2 times (x 67B)
Class com.intellij.openapi.fileTypes.FileTypeRegistry$1                               : loaded 2 times (x 81B)
Class com.intellij.util.pico.DefaultPicoContainer$InstanceComponentAdapter            : loaded 2 times (x 74B)
Class com.intellij.openapi.util.text.CharSequenceWithStringHash                       : loaded 2 times (x 67B)
Class com.intellij.util.containers.ConcurrentRefHashMap$1                             : loaded 2 times (x 74B)
Class com.android.tools.lint.detector.api.LintModelModuleProject$getGeneratedSourceFolders$1: loaded 2 times (x 75B)
Class com.android.tools.lint.LintCliClient$analyzeOnly$1                              : loaded 2 times (x 76B)
Class com.android.tools.lint.checks.WrongLocationDetector$Issues                      : loaded 2 times (x 68B)
Class com.android.tools.lint.checks.WindowExtensionsDetector$Issues                   : loaded 2 times (x 68B)
Class com.android.tools.lint.checks.WindowExtensionsDetector                          : loaded 2 times (x 167B)
Class com.android.tools.lint.checks.TypoDetector                                      : loaded 2 times (x 152B)
Class com.intellij.psi.PsiMethod                                                      : loaded 2 times (x 67B)
Class com.intellij.pom.PomTarget                                                      : loaded 2 times (x 67B)
Class com.android.tools.lint.checks.CredentialManagerMisuseDetector                   : loaded 2 times (x 167B)
Class com.android.tools.lint.checks.WearRecentsDetector                               : loaded 2 times (x 176B)
Class com.intellij.util.containers.ContainerUtil$ImmutableListBackedByList            : loaded 2 times (x 196B)
Class com.intellij.openapi.editor.ex.DocumentEx                                       : loaded 2 times (x 67B)
Class com.intellij.openapi.vfs.impl.VirtualFileManagerImpl$LoggingListener            : loaded 2 times (x 90B)
Class com.google.common.collect.ImmutableMultimap$Builder                             : loaded 2 times (x 83B)
Class com.google.common.io.ByteSource$SlicedByteSource                                : loaded 2 times (x 82B)
Class org.jetbrains.kotlin.statistics.metrics.SumMetricContainer                      : loaded 2 times (x 77B)
Class org.jetbrains.kotlin.gradle.tasks.DefaultKotlinJavaToolchain$getToolsJarFromJvm$1: loaded 2 times (x 72B)
Class org.jetbrains.kotlin.build.report.metrics.GcMetrics                             : loaded 2 times (x 69B)
Class org.jetbrains.kotlin.gradle.plugin.diagnostics.UsesKotlinToolingDiagnosticsKt   : loaded 2 times (x 68B)
Class org.jetbrains.kotlin.gradle.tasks.configuration.BaseKotlinCompileConfig$2       : loaded 2 times (x 76B)
Class org.jetbrains.kotlin.gradle.plugin.BuildFinishedListenerService$Companion$registerIfAbsent$2$1$1: loaded 2 times (x 72B)
Class com.google.common.collect.Maps$KeySet                                           : loaded 2 times (x 134B)
Class org.jetbrains.kotlin.gradle.plugin.KotlinJvmFactory                             : loaded 2 times (x 67B)
Class org.jetbrains.kotlin.konan.target.KonanTarget$IOS_X64                           : loaded 2 times (x 75B)
Class org.jetbrains.kotlin.gradle.plugin.mpp.InternalKotlinCompilation                : loaded 2 times (x 67B)
Class org.jetbrains.kotlin.gradle.utils.WhenEvaluatedKt                               : loaded 2 times (x 68B)
Class org.jetbrains.kotlin.gradle.targets.native.internal.AddKotlinPlatformIntegersSupportLibraryKt: loaded 2 times (x 68B)
Class org.jetbrains.kotlin.gradle.plugin.AbstractKotlinJsPluginWrapper                : loaded 2 times (x 83B)
Class org.jetbrains.kotlin.gradle.plugin.KotlinPluginWrapperKt                        : loaded 2 times (x 68B)
Class com.google.common.cache.LocalCache$EntryFactory$7                               : loaded 2 times (x 80B)
Class org.gradle.internal.service.DefaultServiceLocator                               : loaded 2 times (x 80B)
Class com.intellij.openapi.extensions.LoadingOrder                                    : loaded 2 times (x 69B)
Class org.jetbrains.kotlin.extensions.TypeAttributeTranslatorExtension$Companion      : loaded 2 times (x 69B)
Class org.jetbrains.kotlin.extensions.TypeAttributeTranslatorExtension                : loaded 2 times (x 67B)
Class com.intellij.psi.ParsingDiagnostics                                             : loaded 2 times (x 68B)
Class org.jetbrains.kotlin.metadata.ProtoBuf$Package$1                                : loaded 2 times (x 141B)
Class com.intellij.psi.impl.java.stubs.JavaStubElementTypes$11                        : loaded 2 times (x 112B)
Class [Lorg.jetbrains.kotlin.psi.KtNameReferenceExpression;                           : loaded 2 times (x 66B)
Class org.jetbrains.kotlin.psi.KtSecondaryConstructor                                 : loaded 2 times (x 1273B)
Class com.intellij.psi.PsiJavaFile                                                    : loaded 2 times (x 67B)
Class [Lorg.jetbrains.kotlin.psi.KtTypeParameterListOwner;                            : loaded 2 times (x 66B)
Class [Lcom.intellij.openapi.util.ModificationTracker;                                : loaded 2 times (x 66B)
Class com.intellij.psi.JavaDirectoryService                                           : loaded 2 times (x 83B)
Class com.intellij.lang.jvm.facade.JvmFacade                                          : loaded 2 times (x 67B)
Class com.intellij.psi.impl.smartPointers.SmartPointerManagerImpl                     : loaded 2 times (x 78B)
Class com.intellij.openapi.vfs.VirtualFileSet                                         : loaded 2 times (x 67B)
Class org.jetbrains.kotlin.psi.stubs.elements.KtFileElementType                       : loaded 2 times (x 108B)
Class com.intellij.ide.plugins.EssentialPluginMissingException                        : loaded 2 times (x 79B)
Class com.intellij.ide.plugins.RawPluginDescriptor                                    : loaded 2 times (x 69B)
Class kotlinx.coroutines.internal.ResizableAtomicArray                                : loaded 2 times (x 69B)
Class com.intellij.lang.ASTFactory                                                    : loaded 2 times (x 71B)
Class com.intellij.openapi.extensions.ExtensionPointName$Companion                    : loaded 2 times (x 68B)
Class com.intellij.util.messages.MessageBusOwner                                      : loaded 2 times (x 67B)
Class org.jetbrains.kotlin.cli.jvm.compiler.KotlinCoreApplicationEnvironmentMode$Production: loaded 2 times (x 68B)
Class com.android.tools.lint.client.api.LintDriver$Companion                          : loaded 2 times (x 68B)
Class com.android.tools.lint.LintCliClient$analyzeOnly$2                              : loaded 2 times (x 76B)
Class com.android.tools.lint.checks.ToastDetector                                     : loaded 2 times (x 167B)
Class [Lcom.intellij.lang.jvm.types.JvmPrimitiveType;                                 : loaded 2 times (x 66B)
Class com.android.tools.lint.checks.PrivateApiDetector$Issues                         : loaded 2 times (x 68B)
Class com.android.tools.lint.checks.PluralsDetector$Companion                         : loaded 2 times (x 68B)
Class org.jetbrains.kotlin.name.FqName$Companion                                      : loaded 2 times (x 68B)
Class com.fasterxml.aalto.in.XmlScanner                                               : loaded 2 times (x 134B)
Class com.android.tools.lint.checks.ExtraTextDetector$Issues                          : loaded 2 times (x 68B)
Class com.android.tools.lint.checks.DataBindingDetector$Companion                     : loaded 2 times (x 68B)
Class com.android.tools.lint.checks.CanvasSizeDetector$Companion                      : loaded 2 times (x 68B)
Class com.android.tools.lint.checks.BatteryDetector$Issues                            : loaded 2 times (x 68B)
Class com.android.tools.lint.checks.ArrayInitDetector$Issues                          : loaded 2 times (x 68B)
Class com.intellij.psi.PsiMember                                                      : loaded 2 times (x 67B)
Class com.google.common.cache.LocalCache$SoftValueReference                           : loaded 2 times (x 94B)
Class com.google.common.collect.ImmutableMultimap$EntryCollection                     : loaded 2 times (x 125B)
Class com.google.common.collect.Maps$EntrySet                                         : loaded 2 times (x 133B)
Class org.jetbrains.kotlin.gradle.tasks.KotlinCompile$scriptExtensions$1              : loaded 2 times (x 76B)
Class org.jetbrains.kotlin.gradle.tasks.K2MultiplatformStructure$Fragment             : loaded 2 times (x 69B)
Class org.jetbrains.kotlin.compilerRunner.CompilerSystemPropertiesService$Companion$registerIfAbsent$1: loaded 2 times (x 72B)
Class org.jetbrains.kotlin.util.capitalizeDecapitalize.CapitalizeDecapitalizeKt       : loaded 2 times (x 68B)
Class org.jetbrains.kotlin.gradle.plugin.diagnostics.checkers.WasmJsEnvironmentChecker: loaded 2 times (x 73B)
Class org.jetbrains.kotlin.gradle.plugin.diagnostics.checkers.AndroidPluginWithoutAndroidTargetChecker: loaded 2 times (x 71B)
Class org.jetbrains.kotlin.statistics.metrics.NumberOverridePolicy                    : loaded 2 times (x 82B)
Class org.jetbrains.kotlin.statistics.metrics.StringAnonymizationPolicy$AllowedListAnonymizer$Companion: loaded 2 times (x 68B)
Class org.jetbrains.kotlin.gradle.plugin.internal.DefaultProjectIsolationStartParameterAccessor_Decorated: loaded 2 times (x 122B)
Class org.jetbrains.kotlin.gradle.plugin.internal.ProjectIsolationStartParameterAccessorKt: loaded 2 times (x 68B)
Class org.jetbrains.kotlin.gradle.testing.internal.KotlinTestsRegistry                : loaded 2 times (x 69B)
Class com.google.common.cache.LocalCache$EntryFactory$8                               : loaded 2 times (x 80B)
Class org.gradle.internal.installation.CurrentGradleInstallation                      : loaded 2 times (x 70B)
Class org.jetbrains.kotlin.load.java.structure.JavaNamedElement                       : loaded 2 times (x 67B)
Class org.jetbrains.kotlin.analysis.api.platform.projectStructure.KotlinGlobalSearchScopeMergeStrategy$Companion: loaded 2 times (x 68B)
Class com.intellij.lang.java.parser.BasicPrattExpressionParser$AssignmentParser       : loaded 2 times (x 72B)
Class org.jetbrains.kotlin.protobuf.FieldSet$FieldDescriptorLite                      : loaded 2 times (x 67B)
Class org.jetbrains.kotlin.protobuf.AbstractMessageLite                               : loaded 2 times (x 95B)
Class com.intellij.psi.impl.java.stubs.JavaStubElementTypes$12                        : loaded 2 times (x 112B)
Class [Lorg.jetbrains.kotlin.psi.KtFunctionTypeReceiver;                              : loaded 2 times (x 66B)
Class org.jetbrains.kotlin.psi.KtNullableType                                         : loaded 2 times (x 509B)
Class org.jetbrains.kotlin.psi.stubs.KotlinTypeAliasStub                              : loaded 2 times (x 67B)
Class [Lorg.jetbrains.kotlin.psi.KtProperty;                                          : loaded 2 times (x 66B)
Class [Lcom.intellij.psi.impl.PsiElementBase;                                         : loaded 2 times (x 66B)
Class com.intellij.openapi.vfs.limits.FileSizeLimit$Companion                         : loaded 2 times (x 68B)
Class com.android.tools.lint.detector.api.GraphUtils                                  : loaded 2 times (x 68B)
Class org.codehaus.stax2.typed.TypedXMLStreamReader                                   : loaded 2 times (x 67B)
Class com.intellij.openapi.util.RecursionManager                                      : loaded 2 times (x 68B)
Class com.intellij.psi.search.IntersectionScope                                       : loaded 2 times (x 102B)
Class kotlinx.coroutines.scheduling.Task                                              : loaded 2 times (x 73B)
Class com.intellij.psi.util.JavaClassSupers                                           : loaded 2 times (x 70B)
Class kotlinx.coroutines.BlockingCoroutine                                            : loaded 2 times (x 141B)
Class kotlinx.coroutines.channels.BufferedChannel$BufferedChannelIterator             : loaded 2 times (x 77B)
Class com.intellij.platform.diagnostic.telemetry.IJNoopTracer                         : loaded 2 times (x 74B)
Class it.unimi.dsi.fastutil.ints.Int2IntMap                                           : loaded 2 times (x 67B)
Class com.intellij.openapi.vfs.impl.ArchiveHandler                                    : loaded 2 times (x 81B)
Class com.android.tools.lint.LintCliClient$pickBuildTarget$1                          : loaded 2 times (x 75B)
Class com.android.tools.lint.client.api.LintDriver$LintClientWrapper                  : loaded 2 times (x 154B)
Class [Lcom.intellij.psi.PsiPrimitiveType;                                            : loaded 2 times (x 66B)
Class com.android.tools.lint.checks.SecureRandomDetector                              : loaded 2 times (x 167B)
Class com.android.tools.lint.checks.RestrictedEnvironmentBlockedCallDetector          : loaded 2 times (x 168B)
Class com.android.tools.lint.checks.RequiresFeatureDetector$Companion                 : loaded 2 times (x 68B)
Class com.android.tools.lint.checks.MissingResourcesPropertiesDetector$Companion      : loaded 2 times (x 68B)
Class com.android.tools.lint.checks.MissingPrefixDetector$Issues                      : loaded 2 times (x 68B)
Class com.android.tools.lint.checks.LogDetector$Issues                                : loaded 2 times (x 68B)
Class com.android.tools.lint.checks.BuildListDetector                                 : loaded 2 times (x 167B)
Class com.android.tools.lint.detector.api.BinaryResourceScanner                       : loaded 2 times (x 67B)
Class com.intellij.psi.search.impl.VirtualFileEnumerationAware                        : loaded 2 times (x 67B)
Class com.intellij.openapi.util.RecursionManager$CalculationStack                     : loaded 2 times (x 69B)
Class kotlin.jvm.internal.Ref$BooleanRef                                              : loaded 2 times (x 68B)
Class com.google.common.collect.ForwardingObject                                      : loaded 2 times (x 69B)
Class org.jetbrains.kotlin.gradle.tasks.KotlinCompilerExecutionStrategy               : loaded 2 times (x 76B)
Class org.jetbrains.kotlin.gradle.plugin.mpp.InternalKotlinCompilationKt$awaitAllKotlinSourceSets$1: loaded 2 times (x 85B)
Class org.jetbrains.kotlin.gradle.plugin.statistics.FusMetrics                        : loaded 2 times (x 67B)
Class org.jetbrains.kotlin.gradle.plugin.sources.DefaultKotlinSourceSet$special$$inlined$Iterable$1: loaded 2 times (x 76B)
Class org.jetbrains.kotlin.gradle.plugin.mpp.compilationImpl.factory.KotlinCompilationImplFactory$KotlinCompilerOptionsFactory$Options: loaded 2 times (x 69B)
Class org.jetbrains.kotlin.gradle.plugin.KotlinCompilation                            : loaded 2 times (x 67B)
Class org.jetbrains.kotlin.gradle.plugin.KotlinTargetConfiguratorKt                   : loaded 2 times (x 68B)
Class org.jetbrains.kotlin.tooling.core.Extras$Type$Companion                         : loaded 2 times (x 68B)
Class com.google.common.cache.CacheLoader$1                                           : loaded 2 times (x 72B)
Class com.google.common.collect.ImmutableList$SubList                                 : loaded 2 times (x 206B)
Class org.gradle.util.internal.GUtil                                                  : loaded 2 times (x 68B)
Class org.jetbrains.kotlin.analysis.api.impl.base.projectStructure.KaBaseResolutionScopeProvider: loaded 2 times (x 71B)
Class com.intellij.openapi.progress.StandardProgressIndicator                         : loaded 2 times (x 67B)
Class kotlinx.coroutines.internal.intellij.IntellijCoroutines                         : loaded 2 times (x 68B)
Class com.intellij.concurrency.ThreadContext                                          : loaded 2 times (x 68B)
Class com.intellij.psi.impl.source.tree.java.MethodElement                            : loaded 2 times (x 238B)
Class com.intellij.psi.impl.source.tree.JavaElementTypeFactory$SingletonHelper        : loaded 2 times (x 68B)
Class com.intellij.lang.java.parser.FileParser                                        : loaded 2 times (x 74B)
Class it.unimi.dsi.fastutil.ints.AbstractIntList                                      : loaded 2 times (x 403B)
Class com.intellij.psi.controlFlow.ControlFlowFactory                                 : loaded 2 times (x 72B)
Class com.intellij.psi.impl.source.BasicJavaDocElementType$JavaDocCompositeElementType: loaded 2 times (x 80B)
Class org.jetbrains.kotlin.protobuf.FieldSet                                          : loaded 2 times (x 69B)
Class com.intellij.psi.impl.java.stubs.PsiPackageAccessibilityStatementStub           : loaded 2 times (x 67B)
Class com.intellij.psi.impl.java.stubs.JavaStubElementTypes$13                        : loaded 2 times (x 112B)
Class [Lorg.jetbrains.kotlin.cli.jvm.index.JavaRoot$RootType;                         : loaded 2 times (x 66B)
Class org.jetbrains.kotlin.storage.LockBasedStorageManager$ExceptionHandlingStrategy$1: loaded 2 times (x 71B)
Class org.jetbrains.kotlin.storage.MemoizedFunctionToNullable                         : loaded 2 times (x 67B)
Class com.intellij.util.Processor                                                     : loaded 2 times (x 67B)
Class org.jetbrains.kotlin.psi.KtModifierListOwnerStub                                : loaded 2 times (x 580B)
Class org.jetbrains.kotlin.psi.KtFile                                                 : loaded 2 times (x 943B)
Class org.jetbrains.kotlin.analysis.project.structure.builder.KtModuleBuilder         : loaded 2 times (x 70B)
Class com.intellij.openapi.vfs.impl.ZipHandlerBase$InputStreamWrapper                 : loaded 2 times (x 89B)
Class com.intellij.psi.impl.source.PsiFileWithStubSupport                             : loaded 2 times (x 67B)
Class kotlinx.coroutines.NotCompleted                                                 : loaded 2 times (x 67B)
Class kotlinx.coroutines.internal.LockFreeTaskQueue                                   : loaded 2 times (x 69B)
Class kotlinx.coroutines.scheduling.DefaultScheduler                                  : loaded 2 times (x 109B)
Class kotlinx.coroutines.Dispatchers                                                  : loaded 2 times (x 68B)
Class com.intellij.openapi.vfs.encoding.EncodingRegistry                              : loaded 2 times (x 75B)
Class com.intellij.openapi.extensions.PluginId                                        : loaded 2 times (x 72B)
Class com.intellij.util.ObjectUtils                                                   : loaded 2 times (x 68B)
Class com.intellij.util.containers.IntObjectMap                                       : loaded 2 times (x 67B)
Class org.jetbrains.kotlin.platform.TargetPlatformVersion                             : loaded 2 times (x 67B)
Class com.android.tools.lint.LintCliClient$pickBuildTarget$2                          : loaded 2 times (x 75B)
Class com.android.tools.lint.checks.ViewTypeDetector                                  : loaded 2 times (x 178B)
Class com.android.tools.lint.checks.UElementAsPsiDetector                             : loaded 2 times (x 168B)
Class com.android.tools.lint.checks.PermissionDetector                                : loaded 2 times (x 168B)
Class com.android.tools.lint.checks.ForegroundServiceTypesDetector$Companion          : loaded 2 times (x 68B)
Class com.android.tools.lint.checks.DiffUtilDetector                                  : loaded 2 times (x 167B)
Class com.android.tools.lint.client.api.UElementHandler                               : loaded 2 times (x 123B)
Class com.android.tools.lint.detector.api.Intervals$Span                              : loaded 2 times (x 81B)
Class com.intellij.util.text.ImmutableText                                            : loaded 2 times (x 101B)
Class com.intellij.util.CachedValueBase$Data                                          : loaded 2 times (x 78B)
Class org.jetbrains.kotlin.psi.stubs.elements.KtImportDirectiveElementType            : loaded 2 times (x 100B)
Class org.jetbrains.kotlin.gradle.plugin.mpp.InternalKotlinTargetKt$isSourcesPublishableFuture$2: loaded 2 times (x 92B)
Class org.jetbrains.kotlin.gradle.plugin.mpp.KotlinCompilationFactory                 : loaded 2 times (x 67B)
Class org.jetbrains.kotlin.gradle.dsl.IosSourceSetConventionChecker$runChecks$1       : loaded 2 times (x 85B)
Class org.jetbrains.kotlin.gradle.plugin.mpp.AbstractKotlinCompilation                : loaded 2 times (x 188B)
Class org.jetbrains.kotlin.gradle.plugin.diagnostics.checkers.UnusedSourceSetsChecker : loaded 2 times (x 71B)
Class org.jetbrains.kotlin.gradle.utils.Future                                        : loaded 2 times (x 67B)
Class org.jetbrains.kotlin.gradle.plugin.statistics.KotlinBuildStatsConfiguration$Companion: loaded 2 times (x 68B)
Class com.google.common.cache.AbstractCache$StatsCounter                              : loaded 2 times (x 67B)
Class org.jetbrains.kotlin.resolve.jvm.KotlinJavaPsiFacade$KotlinPsiElementFinderWrapperImpl: loaded 2 times (x 79B)
Class org.jetbrains.kotlin.load.kotlin.MetadataFinderFactory                          : loaded 2 times (x 67B)
Class com.intellij.util.diff.ShallowNodeComparator                                    : loaded 2 times (x 67B)
Class org.jetbrains.kotlin.metadata.ProtoBuf$Annotation$Argument$Value$Type$1         : loaded 2 times (x 71B)
Class org.jetbrains.kotlin.metadata.ProtoBuf$TypeOrBuilder                            : loaded 2 times (x 67B)
Class com.intellij.psi.impl.source.tree.TreeUtil                                      : loaded 2 times (x 68B)
Class com.intellij.psi.impl.DebugUtil                                                 : loaded 2 times (x 68B)
Class org.jetbrains.kotlin.metadata.ProtoBuf$TypeTableOrBuilder                       : loaded 2 times (x 67B)
Class org.jetbrains.kotlin.metadata.ProtoBuf$Package                                  : loaded 2 times (x 126B)
Class com.intellij.psi.impl.java.stubs.JavaStubElementTypes$14                        : loaded 2 times (x 112B)
Class [Lorg.jetbrains.kotlin.psi.KtStringTemplateExpression;                          : loaded 2 times (x 66B)
Class org.jetbrains.kotlin.psi.KtTypeCodeFragmentType                                 : loaded 2 times (x 81B)
Class org.jetbrains.kotlin.psi.KtNamedFunction                                        : loaded 2 times (x 1344B)
Class org.jetbrains.kotlin.psi.KtNamedDeclaration                                     : loaded 2 times (x 67B)
Class kotlin.collections.GroupingKt__GroupingJVMKt                                    : loaded 2 times (x 68B)
Class com.intellij.util.xml.dom.XmlElementBuilder                                     : loaded 2 times (x 69B)
Class org.jetbrains.kotlin.psi.stubs.KotlinImportAliasStub                            : loaded 2 times (x 67B)
Class com.intellij.psi.impl.source.BasicJavaDummyElement                              : loaded 2 times (x 282B)
Class com.intellij.psi.search.LazyFilesScope                                          : loaded 2 times (x 105B)
Class com.intellij.codeInsight.multiverse.CodeInsightContextManagerImpl$subscribeToChanges$1$2: loaded 2 times (x 92B)
Class kotlin.random.Random                                                            : loaded 2 times (x 83B)
Class kotlinx.coroutines.internal.ThreadContext_commonKt$findOne$1                    : loaded 2 times (x 75B)
Class org.jetbrains.kotlin.psi.stubs.KotlinEnumEntrySuperclassReferenceExpressionStub : loaded 2 times (x 67B)
Class kotlinx.coroutines.intrinsics.CancellableKt                                     : loaded 2 times (x 68B)
Class com.intellij.navigation.ItemPresentation                                        : loaded 2 times (x 67B)
Class com.intellij.openapi.extensions.impl.ExtensionComponentAdapter                  : loaded 2 times (x 77B)
Class com.intellij.lexer.MergingLexerAdapterBase                                      : loaded 2 times (x 84B)
Class com.intellij.psi.PsiKeyword                                                     : loaded 2 times (x 67B)
Class com.intellij.util.ConcurrentLongObjectHashMap$CollectionView                    : loaded 2 times (x 109B)
Class kotlinx.collections.immutable.PersistentCollection                              : loaded 2 times (x 67B)
Class com.intellij.openapi.vfs.local.CoreLocalVirtualFile                             : loaded 2 times (x 153B)
Class com.intellij.util.messages.SimpleMessageBusConnection                           : loaded 2 times (x 67B)
Class org.jetbrains.kotlin.psi.KtLiteralStringTemplateEntry                           : loaded 2 times (x 443B)
Class com.android.tools.lint.checks.UnusedResourceDetector$Companion                  : loaded 2 times (x 68B)
Class com.android.tools.lint.checks.TileServiceActivityDetector                       : loaded 2 times (x 167B)
Class com.android.tools.lint.checks.ScrollViewChildDetector$Companion                 : loaded 2 times (x 68B)
Class com.android.tools.lint.checks.NonConstantResourceIdDetector                     : loaded 2 times (x 167B)
Class [Lorg.jetbrains.kotlin.psi.KtLiteralStringTemplateEntry;                        : loaded 2 times (x 66B)
Class com.android.tools.lint.checks.NestedScrollingWidgetDetector                     : loaded 2 times (x 151B)
Class org.jetbrains.kotlin.cli.jvm.index.JvmDependenciesDynamicCompoundIndex          : loaded 2 times (x 74B)
Class com.intellij.psi.impl.source.tree.FileElement$1                                 : loaded 2 times (x 74B)
Class com.intellij.psi.impl.java.stubs.JavaStubElementTypes$17                        : loaded 2 times (x 112B)
Class com.android.tools.lint.Main                                                     : loaded 2 times (x 72B)
Class kotlin.ranges.IntProgressionIterator                                            : loaded 2 times (x 79B)
Class com.google.common.io.LineBuffer                                                 : loaded 2 times (x 72B)
Class com.google.common.collect.MapMakerInternalMap$1                                 : loaded 2 times (x 80B)
Class org.jetbrains.kotlin.gradle.plugin.mpp.KotlinTargetSoftwareComponentImplKt      : loaded 2 times (x 68B)
Class org.jetbrains.kotlin.gradle.targets.js.dsl.KotlinJsSubTargetContainerDsl        : loaded 2 times (x 67B)
Class org.jetbrains.kotlin.tooling.core.MutableExtrasImpl$Companion                   : loaded 2 times (x 68B)
Class org.jetbrains.kotlin.gradle.plugin.KotlinGradleBuildServices$Companion$registerIfAbsent$1: loaded 2 times (x 72B)
Class org.jetbrains.kotlin.statistics.fileloggers.MetricsContainer                    : loaded 2 times (x 74B)
Class org.jetbrains.kotlin.gradle.plugin.internal.ProjectIsolationStartParameterAccessor: loaded 2 times (x 67B)
Class org.jetbrains.kotlin.gradle.utils.StoredProperty                                : loaded 2 times (x 67B)
Class com.google.common.collect.Iterators$MergingIterator                             : loaded 2 times (x 78B)
Class org.gradle.internal.installation.GradleInstallation                             : loaded 2 times (x 72B)
Class com.intellij.lang.WhitespacesBinders$1                                          : loaded 2 times (x 74B)
Class com.intellij.psi.impl.java.stubs.PsiImportListStub                              : loaded 2 times (x 67B)
Class com.intellij.psi.impl.java.stubs.JavaStubElementTypes$15                        : loaded 2 times (x 112B)
Class [Lcom.intellij.psi.impl.source.tree.LazyParseableElement;                       : loaded 2 times (x 66B)
Class org.jetbrains.kotlin.cli.jvm.modules.JavaModuleGraph$module$1                   : loaded 2 times (x 122B)
Class org.jetbrains.kotlin.psi.KtBlockStringTemplateEntry                             : loaded 2 times (x 444B)
Class org.jetbrains.kotlin.psi.stubs.KotlinClassLiteralExpressionStub                 : loaded 2 times (x 67B)
Class [Lcom.intellij.util.containers.LinkedCustomHashMap$Entry;                       : loaded 2 times (x 66B)
Class com.intellij.psi.impl.java.stubs.PsiUsesStatementStub                           : loaded 2 times (x 67B)
Class com.intellij.util.CachedValueBase                                               : loaded 2 times (x 83B)
Class com.fasterxml.aalto.in.ReaderConfig                                             : loaded 2 times (x 75B)
Class com.intellij.psi.codeStyle.JavaFileCodeStyleFacadeFactory                       : loaded 2 times (x 67B)
Class com.intellij.psi.stubs.StubOutputStream                                         : loaded 2 times (x 105B)
Class com.intellij.psi.javadoc.PsiSnippetAttributeValue                               : loaded 2 times (x 67B)
Class io.opentelemetry.api.trace.DefaultTracer                                        : loaded 2 times (x 71B)
Class com.intellij.openapi.editor.impl.event.DocumentEventImpl                        : loaded 2 times (x 85B)
Class com.intellij.util.pico.DefaultPicoContainer$LinkedHashSetWrapper                : loaded 2 times (x 69B)
Class com.android.tools.lint.checks.UnsafeIntentLaunchDetector$Companion              : loaded 2 times (x 68B)
Class com.intellij.lang.jvm.JvmTypeDeclaration                                        : loaded 2 times (x 67B)
Class com.android.tools.lint.checks.LintDetectorDetector$Companion                    : loaded 2 times (x 68B)
Class com.android.tools.lint.detector.api.ResourceFolderScanner                       : loaded 2 times (x 67B)
Class com.android.tools.lint.detector.api.Category$Companion                          : loaded 2 times (x 68B)
Class [Lcom.android.utils.StdLogger$Level;                                            : loaded 2 times (x 66B)
Class org.jetbrains.kotlin.metadata.ProtoBuf$Annotation$Argument$Value$Type           : loaded 2 times (x 79B)
Class org.jetbrains.kotlin.metadata.ProtoBuf$TypeParameter$Variance$1                 : loaded 2 times (x 71B)
Class com.android.tools.lint.detector.api.LintModelModuleJavaLibraryProject           : loaded 2 times (x 153B)
Class com.google.common.collect.ForwardingCollection                                  : loaded 2 times (x 127B)
Class com.google.common.collect.LexicographicalOrdering                               : loaded 2 times (x 112B)
Class org.jetbrains.kotlin.gradle.dsl.KotlinJvmCompile$DefaultImpls                   : loaded 2 times (x 68B)
Class org.jetbrains.kotlin.gradle.plugin.mpp.compilationImpl.factory.KotlinCompilationImplFactory$create$1: loaded 2 times (x 72B)
Class org.jetbrains.kotlin.gradle.tasks.KotlinJavaToolchain                           : loaded 2 times (x 67B)
Class org.jetbrains.kotlin.statistics.metrics.BooleanMetrics$Companion                : loaded 2 times (x 68B)
Class org.jetbrains.kotlin.gradle.plugin.internal.CompatibilityConventionRegistrar    : loaded 2 times (x 67B)
Class com.google.common.collect.Iterables                                             : loaded 2 times (x 68B)
Class [Lcom.intellij.lang.jvm.JvmNamedElement;                                        : loaded 2 times (x 66B)
Class com.intellij.psi.impl.source.tree.java.PsiReferenceParameterListImpl            : loaded 2 times (x 464B)
Class com.intellij.psi.filters.ElementFilter                                          : loaded 2 times (x 67B)
Class com.intellij.lang.WhitespacesBinders$2                                          : loaded 2 times (x 74B)
Class com.intellij.lang.java.parser.BasicPrattExpressionParser$PolyExprParser         : loaded 2 times (x 72B)
Class com.intellij.psi.impl.java.stubs.JavaStubElementTypes$16                        : loaded 2 times (x 112B)
Class org.jetbrains.kotlin.cli.jvm.modules.CliJavaModuleFinder                        : loaded 2 times (x 72B)
Class com.intellij.testFramework.ReadOnlyLightVirtualFile                             : loaded 2 times (x 169B)
Class com.intellij.psi.util.CachedValueProvider$Result                                : loaded 2 times (x 69B)
Class com.intellij.psi.PsiClassOwner                                                  : loaded 2 times (x 67B)
Class org.jetbrains.kotlin.analysis.api.platform.projectStructure.KaModuleBase        : loaded 2 times (x 91B)
Class com.intellij.psi.PsiAnnotatedJavaCodeReferenceElement                           : loaded 2 times (x 67B)
Class com.intellij.psi.PsiInferenceHelper                                             : loaded 2 times (x 67B)
Class kotlinx.coroutines.channels.Channel$Factory                                     : loaded 2 times (x 68B)
Class com.fasterxml.aalto.util.NameTable                                              : loaded 2 times (x 70B)
Class kotlinx.coroutines.JobSupportKt                                                 : loaded 2 times (x 68B)
Class kotlinx.coroutines.ExecutorCoroutineDispatcher$Key                              : loaded 2 times (x 69B)
Class com.intellij.ide.plugins.PluginXmlPathResolver$Companion                        : loaded 2 times (x 68B)
Class com.intellij.ide.plugins.PluginXmlPathResolver                                  : loaded 2 times (x 78B)
Class com.intellij.psi.search.searches.SuperMethodsSearch                             : loaded 2 times (x 74B)
Class com.intellij.lang.jvm.JvmParameter                                              : loaded 2 times (x 67B)
Class com.intellij.psi.presentation.java.FieldPresentationProvider                    : loaded 2 times (x 71B)
Class org.jetbrains.kotlin.analysis.api.impl.base.java.KaBaseKotlinJavaPsiFacade      : loaded 2 times (x 83B)
Class com.intellij.psi.stubs.StubElement                                              : loaded 2 times (x 67B)
Class com.intellij.ide.highlighter.JavaFileType                                       : loaded 2 times (x 90B)
Class com.intellij.lang.MetaLanguage                                                  : loaded 2 times (x 106B)
Class com.intellij.util.EventDispatcher                                               : loaded 2 times (x 69B)
Class com.android.tools.lint.checks.WearPasswordInputDetector$Issues                  : loaded 2 times (x 68B)
Class org.jetbrains.uast.UMethod                                                      : loaded 2 times (x 67B)
Class com.android.tools.lint.checks.ReturnThisDetector                                : loaded 2 times (x 167B)
Class com.android.tools.lint.checks.RestrictedEnvironmentBlockedCallDetector$Companion: loaded 2 times (x 68B)
Class com.android.tools.lint.checks.MissingPrefixDetector                             : loaded 2 times (x 151B)
Class com.android.tools.lint.checks.LogDetector                                       : loaded 2 times (x 167B)
Class com.android.tools.lint.checks.HardcodedDebugModeDetector                        : loaded 2 times (x 151B)
Class org.jetbrains.kotlin.psi.stubs.KotlinNameReferenceExpressionStub                : loaded 2 times (x 67B)
Class com.android.tools.lint.detector.api.XmlScanner                                  : loaded 2 times (x 67B)
Class com.android.tools.lint.LintCliClient$syncConfigOptions$configs$1                : loaded 2 times (x 76B)
Class org.jetbrains.kotlin.load.java.structure.JavaAnnotationOwner                    : loaded 2 times (x 67B)
Class org.jetbrains.kotlin.gradle.plugin.mpp.KotlinJvmCompilation                     : loaded 2 times (x 197B)
Class org.jetbrains.kotlin.gradle.plugin.KotlinCompilation$Companion                  : loaded 2 times (x 68B)
Class com.google.common.collect.Lists$RandomAccessReverseList                         : loaded 2 times (x 197B)
Class org.jetbrains.kotlin.konan.target.KonanTarget$WATCHOS_ARM64                     : loaded 2 times (x 75B)
Class org.jetbrains.kotlin.konan.target.KonanTarget$MACOS_ARM64                       : loaded 2 times (x 75B)
Class org.jetbrains.kotlin.gradle.plugin.diagnostics.checkers.OverriddenKotlinNativeHomeChecker: loaded 2 times (x 71B)
Class org.jetbrains.kotlin.gradle.artifacts.KotlinJvmJarArtifactKt$KotlinJvmJarArtifact$1: loaded 2 times (x 71B)
Class org.jetbrains.kotlin.gradle.artifacts.KotlinLegacyCompatibilityMetadataArtifactKt: loaded 2 times (x 68B)
Class org.jetbrains.kotlin.gradle.targets.native.SetupEmbedAndSignAppleFrameworkTaskSideEffectKt: loaded 2 times (x 68B)
Class org.jetbrains.kotlin.gradle.plugin.KotlinProjectSetupActionKt$KotlinProjectSetupCoroutine$1: loaded 2 times (x 72B)
Class org.jetbrains.kotlin.gradle.dsl.ToolchainSupport$Companion                      : loaded 2 times (x 68B)
Class org.jetbrains.kotlin.gradle.plugin.KotlinSourceSet                              : loaded 2 times (x 67B)

---------------  S Y S T E M  ---------------

OS:
 Windows 11 , 64 bit Build 22621 (10.0.22621.5415)
OS uptime: 0 days 1:38 hours
Hyper-V role detected

CPU: total 12 (initial active 12) (6 cores per cpu, 2 threads per core) family 6 model 154 stepping 3 microcode 0x432, cx8, cmov, fxsr, ht, mmx, 3dnowpref, sse, sse2, sse3, ssse3, sse4.1, sse4.2, popcnt, lzcnt, tsc, tscinvbit, avx, avx2, aes, erms, clmul, bmi1, bmi2, adx, sha, fma, vzeroupper, clflush, clflushopt, clwb, hv, serialize, rdtscp, rdpid, fsrm, f16c, cet_ibt, cet_ss
Processor Information for processor 0
  Max Mhz: 2000, Current Mhz: 2000, Mhz Limit: 2000
Processor Information for processor 1
  Max Mhz: 2000, Current Mhz: 2000, Mhz Limit: 2000
Processor Information for processor 2
  Max Mhz: 2000, Current Mhz: 2000, Mhz Limit: 2000
Processor Information for processor 3
  Max Mhz: 2000, Current Mhz: 2000, Mhz Limit: 2000
Processor Information for processor 4
  Max Mhz: 2000, Current Mhz: 2000, Mhz Limit: 2000
Processor Information for processor 5
  Max Mhz: 2000, Current Mhz: 2000, Mhz Limit: 2000
Processor Information for processor 6
  Max Mhz: 2000, Current Mhz: 2000, Mhz Limit: 2000
Processor Information for processor 7
  Max Mhz: 2000, Current Mhz: 2000, Mhz Limit: 2000
Processor Information for processor 8
  Max Mhz: 2000, Current Mhz: 1466, Mhz Limit: 2000
Processor Information for processor 9
  Max Mhz: 2000, Current Mhz: 1466, Mhz Limit: 2000
Processor Information for processor 10
  Max Mhz: 2000, Current Mhz: 1466, Mhz Limit: 2000
Processor Information for processor 11
  Max Mhz: 2000, Current Mhz: 1466, Mhz Limit: 2000

Memory: 4k page, system-wide physical 7832M (666M free)
TotalPageFile size 20392M (AvailPageFile size 1M)
current process WorkingSet (physical memory assigned to process): 879M, peak: 982M
current process commit charge ("private bytes"): 2769M, peak: 2818M

vm_info: OpenJDK 64-Bit Server VM (21.0.3+-12282718-b509.11) for windows-amd64 JRE (21.0.3+-12282718-b509.11), built on 2024-08-27T17:34:15Z by "builder" with MS VC++ 16.10 / 16.11 (VS2019)

END.
