#
# There is insufficient memory for the Java Runtime Environment to continue.
# Native memory allocation (malloc) failed to allocate 1099456 bytes. Error detail: Chunk::new
# Possible reasons:
#   The system is out of physical RAM or swap space
#   This process is running with CompressedOops enabled, and the Java Heap may be blocking the growth of the native heap
# Possible solutions:
#   Reduce memory load on the system
#   Increase physical memory or swap space
#   Check if swap backing store is full
#   Decrease Java heap size (-Xmx/-Xms)
#   Decrease number of Java threads
#   Decrease Java thread stack sizes (-Xss)
#   Set larger code cache with -XX:ReservedCodeCacheSize=
#   JVM is running with Zero Based Compressed Oops mode in which the Java heap is
#     placed in the first 32GB address space. The Java Heap base address is the
#     maximum limit for the native heap growth. Please use -XX:HeapBaseMinAddress
#     to set the Java Heap base and to place the Java Heap above 32GB virtual address.
# This output file may be truncated or incomplete.
#
#  Out of Memory Error (arena.cpp:168), pid=16252, tid=9832
#
# JRE version: OpenJDK Runtime Environment (21.0.3) (build 21.0.3+-12282718-b509.11)
# Java VM: OpenJDK 64-Bit Server VM (21.0.3+-12282718-b509.11, mixed mode, tiered, compressed oops, compressed class ptrs, g1 gc, windows-amd64)
# No core dump will be written. Minidumps are not enabled by default on client versions of Windows
#

---------------  S U M M A R Y ------------

Command Line: --add-opens=java.base/java.lang=ALL-UNNAMED --add-opens=java.base/java.lang.invoke=ALL-UNNAMED --add-opens=java.base/java.util=ALL-UNNAMED --add-opens=java.prefs/java.util.prefs=ALL-UNNAMED --add-exports=jdk.compiler/com.sun.tools.javac.api=ALL-UNNAMED --add-exports=jdk.compiler/com.sun.tools.javac.util=ALL-UNNAMED --add-opens=java.base/java.util=ALL-UNNAMED --add-opens=java.prefs/java.util.prefs=ALL-UNNAMED --add-opens=java.base/java.nio.charset=ALL-UNNAMED --add-opens=java.base/java.net=ALL-UNNAMED --add-opens=java.base/java.util.concurrent.atomic=ALL-UNNAMED --add-opens=java.xml/javax.xml.namespace=ALL-UNNAMED -XX:MaxMetaspaceSize=4G -XX:ReservedCodeCacheSize=512m -XX:+HeapDumpOnOutOfMemoryError -Xmx8G -Dfile.encoding=UTF-8 -Duser.country=IN -Duser.language=en -Duser.variant -javaagent:C:\Users\jyoti\.gradle\wrapper\dists\gradle-8.14-all\c2qonpi39x1mddn7hk5gh9iqj\gradle-8.14\lib\agents\gradle-instrumentation-agent-8.14.jar org.gradle.launcher.daemon.bootstrap.GradleDaemon 8.14

Host: 12th Gen Intel(R) Core(TM) i5-12450H, 12 cores, 7G,  Windows 11 , 64 bit Build 22621 (10.0.22621.5415)
Time: Thu Aug 27 23:55:03 2026 India Standard Time elapsed time: 187.235868 seconds (0d 0h 3m 7s)

---------------  T H R E A D  ---------------

Current thread (0x000001b08c0b3a90):  JavaThread "C2 CompilerThread0" daemon [_thread_in_native, id=9832, stack(0x0000003c97200000,0x0000003c97300000) (1024K)]


Current CompileTask:
C2: 187235 44881   !   4       com.android.tools.r8.shaking.O::a (310 bytes)

Stack: [0x0000003c97200000,0x0000003c97300000]
Native frames: (J=compiled Java code, j=interpreted, Vv=VM code, C=native code)
V  [jvm.dll+0x6cafb9]
V  [jvm.dll+0x858523]
V  [jvm.dll+0x85aa7e]
V  [jvm.dll+0x85b163]
V  [jvm.dll+0x27d356]
V  [jvm.dll+0xbf93d]
V  [jvm.dll+0xbfe73]
V  [jvm.dll+0x2f0eb1]
V  [jvm.dll+0x5f5a39]
V  [jvm.dll+0x24fad2]
V  [jvm.dll+0x2484ba]
V  [jvm.dll+0x245fce]
V  [jvm.dll+0x1c5804]
V  [jvm.dll+0x25575c]
V  [jvm.dll+0x253c36]
V  [jvm.dll+0x3ec996]
V  [jvm.dll+0x800d78]
V  [jvm.dll+0x6c98cd]
C  [ucrtbase.dll+0x29333]
C  [KERNEL32.DLL+0x1259d]
C  [ntdll.dll+0x5af78]


---------------  P R O C E S S  ---------------

Threads class SMR info:
_java_thread_list=0x000001b0a2302930, length=265, elements={
0x000001b0d373dc60, 0x000001b08c0a35c0, 0x000001b08c0a42e0, 0x000001b08c091060,
0x000001b08c092c30, 0x000001b08c0b0660, 0x000001b08c0b2ce0, 0x000001b08c0b3a90,
0x000001b08c0b6150, 0x000001b08c1e4690, 0x000001b08c54c8e0, 0x000001b08dec31f0,
0x000001b08d2d6150, 0x000001b08d396c00, 0x000001b08dfbe480, 0x000001b08dfb3d10,
0x000001b08e0c2010, 0x000001b08df18720, 0x000001b08dee7c10, 0x000001b08dee7580,
0x000001b08dee4790, 0x000001b08dee6ef0, 0x000001b08dee4e20, 0x000001b08dee6860,
0x000001b08dee54b0, 0x000001b08dee61d0, 0x000001b09050e200, 0x000001b09050d4e0,
0x000001b0905102d0, 0x000001b09050fc40, 0x000001b090510960, 0x000001b0903b6310,
0x000001b0903b69a0, 0x000001b0903b76c0, 0x000001b0903b83e0, 0x000001b0903b8a70,
0x000001b08fbefe50, 0x000001b08fbf3960, 0x000001b08fbf5a30, 0x000001b08fbf04e0,
0x000001b08fbf3ff0, 0x000001b08fbf60c0, 0x000001b08fbf4680, 0x000001b08fbf4d10,
0x000001b08fbf0b70, 0x000001b08fbef7c0, 0x000001b08fbf53a0, 0x000001b08fbf2c40,
0x000001b08fbf32d0, 0x000001b08fbf6750, 0x000001b08fbf25b0, 0x000001b08fbf6de0,
0x000001b08fbf1200, 0x000001b08fbf1f20, 0x000001b08fbf1890, 0x000001b08d2b4790,
0x000001b08d2b7580, 0x000001b08d2b82a0, 0x000001b08d2b54b0, 0x000001b08d2b4e20,
0x000001b08d2b2d50, 0x000001b08d2b5b40, 0x000001b08d2b6ef0, 0x000001b08d2b61d0,
0x000001b08d2b33e0, 0x000001b08d2b6860, 0x000001b08d2b2030, 0x000001b08d2b4100,
0x000001b09247c2b0, 0x000001b09247a870, 0x000001b09247bc20, 0x000001b0924759b0,
0x000001b0924794c0, 0x000001b092475320, 0x000001b092476040, 0x000001b09247b590,
0x000001b092476d60, 0x000001b09247c940, 0x000001b0924773f0, 0x000001b092477a80,
0x000001b092478110, 0x000001b092478e30, 0x000001b0924787a0, 0x000001b092479b50,
0x000001b09247a1e0, 0x000001b09247af00, 0x000001b08fb63880, 0x000001b08fb617b0,
0x000001b08fb61120, 0x000001b08fb66d00, 0x000001b08fb652c0, 0x000001b08fb65950,
0x000001b08fb63f10, 0x000001b08fb65fe0, 0x000001b08fb631f0, 0x000001b08fb60400,
0x000001b08fb61e40, 0x000001b08fb66670, 0x000001b08fb645a0, 0x000001b08fb624d0,
0x000001b08fb67a20, 0x000001b08fb67390, 0x000001b08fb60a90, 0x000001b08fb64c30,
0x000001b08fb62b60, 0x000001b08f5ecda0, 0x000001b08f5ec080, 0x000001b08f5eacd0,
0x000001b08f5e8c00, 0x000001b08f5e9290, 0x000001b08f5e9920, 0x000001b08f5eee70,
0x000001b08f5ee7e0, 0x000001b08f5ec710, 0x000001b08f5e7ee0, 0x000001b08f5ea640,
0x000001b08f5edac0, 0x000001b08f5e8570, 0x000001b08f5ef500, 0x000001b08f5ee150,
0x000001b08f5eb360, 0x000001b08f5eb9f0, 0x000001b0916bfcd0, 0x000001b0916c4b90,
0x000001b0916c09f0, 0x000001b0916c0360, 0x000001b0916c3e70, 0x000001b0916c1da0,
0x000001b0916c2430, 0x000001b0916c5220, 0x000001b0916c2ac0, 0x000001b0916c4500,
0x000001b0916c5f40, 0x000001b0916c37e0, 0x000001b0916c3150, 0x000001b0916befb0,
0x000001b0916c1710, 0x000001b0916c1080, 0x000001b0916c65d0, 0x000001b0916bf640,
0x000001b091472a40, 0x000001b091470970, 0x000001b0914751a0, 0x000001b091475830,
0x000001b091473df0, 0x000001b091475ec0, 0x000001b0914730d0, 0x000001b091471d20,
0x000001b091474b10, 0x000001b091476550, 0x000001b091473760, 0x000001b0914723b0,
0x000001b091474480, 0x000001b09146f5c0, 0x000001b0914702e0, 0x000001b091471000,
0x000001b091476be0, 0x000001b09146fc50, 0x000001b091471690, 0x000001b08f768020,
0x000001b08f769a60, 0x000001b08f76ae10, 0x000001b08f7693d0, 0x000001b08f76a0f0,
0x000001b08f7665e0, 0x000001b08f76b4a0, 0x000001b08f76a780, 0x000001b08f766c70,
0x000001b08f764510, 0x000001b092ff1e30, 0x000001b092ff6660, 0x000001b092ff80a0,
0x000001b092ffc240, 0x000001b092ff8730, 0x000001b092ff9ae0, 0x000001b092ff8dc0,
0x000001b092ffb520, 0x000001b092ffbbb0, 0x000001b092ff9450, 0x000001b092ffa170,
0x000001b092ffa800, 0x000001b092ffae90, 0x000001b099023e40, 0x000001b09901ceb0,
0x000001b099027950, 0x000001b099024b60, 0x000001b0990209c0, 0x000001b0990272c0,
0x000001b099025f10, 0x000001b0990265a0, 0x000001b099020330, 0x000001b099028670,
0x000001b099028d00, 0x000001b09902add0, 0x000001b092ff1110, 0x000001b098379570,
0x000001b09837a920, 0x000001b09837bcd0, 0x000001b098376780, 0x000001b0983760f0,
0x000001b098376e10, 0x000001b09a8636a0, 0x000001b09a85cda0, 0x000001b09a85dac0,
0x000001b09a85e150, 0x000001b09a85d430, 0x000001b09a8615d0, 0x000001b09a85fb90,
0x000001b09a85c710, 0x000001b09a8622f0, 0x000001b09a862980, 0x000001b09a863010,
0x000001b09a863d30, 0x000001b09a8643c0, 0x000001b09a865770, 0x000001b09a85ee70,
0x000001b09a866490, 0x000001b09a868bf0, 0x000001b09a868560, 0x000001b09a869910,
0x000001b09a869fa0, 0x000001b09a86b9e0, 0x000001b09a86a630, 0x000001b09bc820b0,
0x000001b09bc82740, 0x000001b09bc7d1f0, 0x000001b09bc86250, 0x000001b09bc87c90,
0x000001b09bc868e0, 0x000001b09bc87600, 0x000001b09bc80670, 0x000001b09bc8f940,
0x000001b09bc8ffd0, 0x000001b09bc8be30, 0x000001b09bc896d0, 0x000001b09bc90cf0,
0x000001b09bc89d60, 0x000001b09bc91380, 0x000001b09bc8c4c0, 0x000001b09bc8a3f0,
0x000001b09bc91a10, 0x000001b09bc920a0, 0x000001b09bc92730, 0x000001b09bc92dc0,
0x000001b09bc93450, 0x000001b09bc8d1e0, 0x000001b09901d540, 0x000001b09bc84ea0,
0x000001b09bc82dd0, 0x000001b09bc8cb50, 0x000001b09bc8d870, 0x000001b09bc8df00,
0x000001b09bc95bb0, 0x000001b09bc8ec20, 0x000001b09bc968d0, 0x000001b09bc96240,
0x000001b09bc97c80, 0x000001b09bc98310, 0x000001b09bc99030, 0x000001b09bc9aa70,
0x000001b09a861c60, 0x000001b09a8608b0, 0x000001b08f5e9fb0, 0x000001b098378ee0,
0x000001b0903b9100
}

Java Threads: ( => current thread )
  0x000001b0d373dc60 JavaThread "main"                              [_thread_blocked, id=23080, stack(0x0000003c96400000,0x0000003c96500000) (1024K)]
  0x000001b08c0a35c0 JavaThread "Reference Handler"          daemon [_thread_blocked, id=5252, stack(0x0000003c96c00000,0x0000003c96d00000) (1024K)]
  0x000001b08c0a42e0 JavaThread "Finalizer"                  daemon [_thread_blocked, id=13264, stack(0x0000003c96d00000,0x0000003c96e00000) (1024K)]
  0x000001b08c091060 JavaThread "Signal Dispatcher"          daemon [_thread_blocked, id=5260, stack(0x0000003c96e00000,0x0000003c96f00000) (1024K)]
  0x000001b08c092c30 JavaThread "Attach Listener"            daemon [_thread_blocked, id=12880, stack(0x0000003c96f00000,0x0000003c97000000) (1024K)]
  0x000001b08c0b0660 JavaThread "Service Thread"             daemon [_thread_blocked, id=12732, stack(0x0000003c97000000,0x0000003c97100000) (1024K)]
  0x000001b08c0b2ce0 JavaThread "Monitor Deflation Thread"   daemon [_thread_blocked, id=11272, stack(0x0000003c97100000,0x0000003c97200000) (1024K)]
=>0x000001b08c0b3a90 JavaThread "C2 CompilerThread0"         daemon [_thread_in_native, id=9832, stack(0x0000003c97200000,0x0000003c97300000) (1024K)]
  0x000001b08c0b6150 JavaThread "C1 CompilerThread0"         daemon [_thread_blocked, id=16528, stack(0x0000003c97300000,0x0000003c97400000) (1024K)]
  0x000001b08c1e4690 JavaThread "Common-Cleaner"             daemon [_thread_blocked, id=20776, stack(0x0000003c97400000,0x0000003c97500000) (1024K)]
  0x000001b08c54c8e0 JavaThread "Notification Thread"        daemon [_thread_blocked, id=18080, stack(0x0000003c97500000,0x0000003c97600000) (1024K)]
  0x000001b08dec31f0 JavaThread "Daemon health stats"               [_thread_blocked, id=17756, stack(0x0000003c97c00000,0x0000003c97d00000) (1024K)]
  0x000001b08d2d6150 JavaThread "Incoming local TCP Connector on port 49674"        [_thread_in_native, id=20836, stack(0x0000003c97d00000,0x0000003c97e00000) (1024K)]
  0x000001b08d396c00 JavaThread "Daemon periodic checks"            [_thread_blocked, id=21484, stack(0x0000003c97e00000,0x0000003c97f00000) (1024K)]
  0x000001b08dfbe480 JavaThread "Daemon"                            [_thread_blocked, id=16700, stack(0x0000003c98400000,0x0000003c98500000) (1024K)]
  0x000001b08dfb3d10 JavaThread "Handler for socket connection from /127.0.0.1:49674 to /127.0.0.1:49677"        [_thread_in_native, id=13636, stack(0x0000003c98500000,0x0000003c98600000) (1024K)]
  0x000001b08e0c2010 JavaThread "Cancel handler"                    [_thread_blocked, id=5028, stack(0x0000003c98600000,0x0000003c98700000) (1024K)]
  0x000001b08df18720 JavaThread "Daemon worker"                     [_thread_blocked, id=7440, stack(0x0000003c98700000,0x0000003c98800000) (1024K)]
  0x000001b08dee7c10 JavaThread "Asynchronous log dispatcher for DefaultDaemonConnection: socket connection from /127.0.0.1:49674 to /127.0.0.1:49677"        [_thread_blocked, id=4552, stack(0x0000003c98800000,0x0000003c98900000) (1024K)]
  0x000001b08dee7580 JavaThread "Stdin handler"                     [_thread_blocked, id=13068, stack(0x0000003c98900000,0x0000003c98a00000) (1024K)]
  0x000001b08dee4790 JavaThread "Daemon client event forwarder"        [_thread_blocked, id=16772, stack(0x0000003c98a00000,0x0000003c98b00000) (1024K)]
  0x000001b08dee6ef0 JavaThread "Cache worker for journal cache (C:\Users\jyoti\.gradle\caches\journal-1)"        [_thread_blocked, id=24932, stack(0x0000003c98d00000,0x0000003c98e00000) (1024K)]
  0x000001b08dee4e20 JavaThread "File lock request listener"        [_thread_in_native, id=4892, stack(0x0000003c98e00000,0x0000003c98f00000) (1024K)]
  0x000001b08dee6860 JavaThread "Cache worker for file hash cache (C:\Users\jyoti\.gradle\caches\8.14\fileHashes)"        [_thread_blocked, id=7064, stack(0x0000003c97600000,0x0000003c97700000) (1024K)]
  0x000001b08dee54b0 JavaThread "Cache worker for file hash cache (C:\gps\android\.gradle\8.14\fileHashes)"        [_thread_blocked, id=23044, stack(0x0000003c98f00000,0x0000003c99000000) (1024K)]
  0x000001b08dee61d0 JavaThread "Cache worker for Build Output Cleanup Cache (C:\gps\android\.gradle\buildOutputCleanup)"        [_thread_blocked, id=1936, stack(0x0000003c99000000,0x0000003c99100000) (1024K)]
  0x000001b09050e200 JavaThread "File watcher server"        daemon [_thread_in_native, id=14556, stack(0x0000003c99100000,0x0000003c99200000) (1024K)]
  0x000001b09050d4e0 JavaThread "File watcher consumer"      daemon [_thread_blocked, id=25064, stack(0x0000003c99200000,0x0000003c99300000) (1024K)]
  0x000001b0905102d0 JavaThread "Cache worker for checksums cache (C:\gps\android\.gradle\8.14\checksums)"        [_thread_blocked, id=8716, stack(0x0000003c99400000,0x0000003c99500000) (1024K)]
  0x000001b09050fc40 JavaThread "Cache worker for file content cache (C:\Users\jyoti\.gradle\caches\8.14\fileContent)"        [_thread_blocked, id=13400, stack(0x0000003c99500000,0x0000003c99600000) (1024K)]
  0x000001b090510960 JavaThread "Cache worker for cache directory md-supplier (C:\Users\jyoti\.gradle\caches\8.14\md-supplier)"        [_thread_blocked, id=18684, stack(0x0000003c99600000,0x0000003c99700000) (1024K)]
  0x000001b0903b6310 JavaThread "Cache worker for cache directory md-rule (C:\Users\jyoti\.gradle\caches\8.14\md-rule)"        [_thread_blocked, id=12196, stack(0x0000003c99700000,0x0000003c99800000) (1024K)]
  0x000001b0903b69a0 JavaThread "Cache worker for Build Output Cleanup Cache (C:\flutter\packages\flutter_tools\gradle\.gradle\buildOutputCleanup)"        [_thread_blocked, id=18148, stack(0x0000003c99800000,0x0000003c99900000) (1024K)]
  0x000001b0903b76c0 JavaThread "Unconstrained build operations"        [_thread_blocked, id=1352, stack(0x0000003c99a00000,0x0000003c99b00000) (1024K)]
  0x000001b0903b83e0 JavaThread "Unconstrained build operations Thread 2"        [_thread_blocked, id=23988, stack(0x0000003c99b00000,0x0000003c99c00000) (1024K)]
  0x000001b0903b8a70 JavaThread "Unconstrained build operations Thread 3"        [_thread_blocked, id=3096, stack(0x0000003c99c00000,0x0000003c99d00000) (1024K)]
  0x000001b08fbefe50 JavaThread "Unconstrained build operations Thread 4"        [_thread_blocked, id=14724, stack(0x0000003c99d00000,0x0000003c99e00000) (1024K)]
  0x000001b08fbf3960 JavaThread "Unconstrained build operations Thread 5"        [_thread_blocked, id=20504, stack(0x0000003c99e00000,0x0000003c99f00000) (1024K)]
  0x000001b08fbf5a30 JavaThread "Unconstrained build operations Thread 6"        [_thread_blocked, id=17064, stack(0x0000003c99f00000,0x0000003c9a000000) (1024K)]
  0x000001b08fbf04e0 JavaThread "Unconstrained build operations Thread 7"        [_thread_blocked, id=25208, stack(0x0000003c9a000000,0x0000003c9a100000) (1024K)]
  0x000001b08fbf3ff0 JavaThread "Unconstrained build operations Thread 8"        [_thread_blocked, id=12276, stack(0x0000003c9a100000,0x0000003c9a200000) (1024K)]
  0x000001b08fbf60c0 JavaThread "Unconstrained build operations Thread 9"        [_thread_blocked, id=15420, stack(0x0000003c9a200000,0x0000003c9a300000) (1024K)]
  0x000001b08fbf4680 JavaThread "Unconstrained build operations Thread 10"        [_thread_blocked, id=2580, stack(0x0000003c9a300000,0x0000003c9a400000) (1024K)]
  0x000001b08fbf4d10 JavaThread "Unconstrained build operations Thread 11"        [_thread_blocked, id=2804, stack(0x0000003c9a400000,0x0000003c9a500000) (1024K)]
  0x000001b08fbf0b70 JavaThread "Unconstrained build operations Thread 12"        [_thread_blocked, id=2972, stack(0x0000003c9a500000,0x0000003c9a600000) (1024K)]
  0x000001b08fbef7c0 JavaThread "Unconstrained build operations Thread 13"        [_thread_blocked, id=23972, stack(0x0000003c9a600000,0x0000003c9a700000) (1024K)]
  0x000001b08fbf53a0 JavaThread "Unconstrained build operations Thread 14"        [_thread_blocked, id=3744, stack(0x0000003c9a700000,0x0000003c9a800000) (1024K)]
  0x000001b08fbf2c40 JavaThread "Unconstrained build operations Thread 15"        [_thread_blocked, id=25856, stack(0x0000003c9a800000,0x0000003c9a900000) (1024K)]
  0x000001b08fbf32d0 JavaThread "Unconstrained build operations Thread 16"        [_thread_blocked, id=23808, stack(0x0000003c9a900000,0x0000003c9aa00000) (1024K)]
  0x000001b08fbf6750 JavaThread "Unconstrained build operations Thread 17"        [_thread_blocked, id=4532, stack(0x0000003c9aa00000,0x0000003c9ab00000) (1024K)]
  0x000001b08fbf25b0 JavaThread "Unconstrained build operations Thread 18"        [_thread_blocked, id=17676, stack(0x0000003c9ab00000,0x0000003c9ac00000) (1024K)]
  0x000001b08fbf6de0 JavaThread "Unconstrained build operations Thread 19"        [_thread_blocked, id=12972, stack(0x0000003c9ac00000,0x0000003c9ad00000) (1024K)]
  0x000001b08fbf1200 JavaThread "Unconstrained build operations Thread 20"        [_thread_blocked, id=23268, stack(0x0000003c9ad00000,0x0000003c9ae00000) (1024K)]
  0x000001b08fbf1f20 JavaThread "Unconstrained build operations Thread 21"        [_thread_blocked, id=25960, stack(0x0000003c9ae00000,0x0000003c9af00000) (1024K)]
  0x000001b08fbf1890 JavaThread "Unconstrained build operations Thread 22"        [_thread_blocked, id=14432, stack(0x0000003c9af00000,0x0000003c9b000000) (1024K)]
  0x000001b08d2b4790 JavaThread "Unconstrained build operations Thread 23"        [_thread_blocked, id=4036, stack(0x0000003c9b000000,0x0000003c9b100000) (1024K)]
  0x000001b08d2b7580 JavaThread "Unconstrained build operations Thread 24"        [_thread_blocked, id=24464, stack(0x0000003c9b100000,0x0000003c9b200000) (1024K)]
  0x000001b08d2b82a0 JavaThread "Unconstrained build operations Thread 25"        [_thread_blocked, id=18216, stack(0x0000003c9b200000,0x0000003c9b300000) (1024K)]
  0x000001b08d2b54b0 JavaThread "Unconstrained build operations Thread 26"        [_thread_blocked, id=7128, stack(0x0000003c9b300000,0x0000003c9b400000) (1024K)]
  0x000001b08d2b4e20 JavaThread "Unconstrained build operations Thread 27"        [_thread_blocked, id=5844, stack(0x0000003c9b400000,0x0000003c9b500000) (1024K)]
  0x000001b08d2b2d50 JavaThread "Unconstrained build operations Thread 28"        [_thread_blocked, id=24920, stack(0x0000003c9b500000,0x0000003c9b600000) (1024K)]
  0x000001b08d2b5b40 JavaThread "Unconstrained build operations Thread 29"        [_thread_blocked, id=11128, stack(0x0000003c9b600000,0x0000003c9b700000) (1024K)]
  0x000001b08d2b6ef0 JavaThread "Unconstrained build operations Thread 30"        [_thread_blocked, id=23620, stack(0x0000003c9b700000,0x0000003c9b800000) (1024K)]
  0x000001b08d2b61d0 JavaThread "Unconstrained build operations Thread 31"        [_thread_blocked, id=26584, stack(0x0000003c9b800000,0x0000003c9b900000) (1024K)]
  0x000001b08d2b33e0 JavaThread "Unconstrained build operations Thread 32"        [_thread_blocked, id=10700, stack(0x0000003c9b900000,0x0000003c9ba00000) (1024K)]
  0x000001b08d2b6860 JavaThread "Unconstrained build operations Thread 33"        [_thread_blocked, id=4820, stack(0x0000003c9ba00000,0x0000003c9bb00000) (1024K)]
  0x000001b08d2b2030 JavaThread "Memory manager"                    [_thread_blocked, id=25300, stack(0x0000003c9bb00000,0x0000003c9bc00000) (1024K)]
  0x000001b08d2b4100 JavaThread "build event listener"              [_thread_blocked, id=3252, stack(0x0000003c9bc00000,0x0000003c9bd00000) (1024K)]
  0x000001b09247c2b0 JavaThread "included builds"                   [_thread_blocked, id=1796, stack(0x0000003c99300000,0x0000003c99400000) (1024K)]
  0x000001b09247a870 JavaThread "Execution worker"                  [_thread_blocked, id=1208, stack(0x0000003c9bd00000,0x0000003c9be00000) (1024K)]
  0x000001b09247bc20 JavaThread "Execution worker Thread 2"         [_thread_blocked, id=11412, stack(0x0000003c9be00000,0x0000003c9bf00000) (1024K)]
  0x000001b0924759b0 JavaThread "Execution worker Thread 3"         [_thread_blocked, id=4616, stack(0x0000003c9bf00000,0x0000003c9c000000) (1024K)]
  0x000001b0924794c0 JavaThread "Execution worker Thread 4"         [_thread_blocked, id=11848, stack(0x0000003c9c000000,0x0000003c9c100000) (1024K)]
  0x000001b092475320 JavaThread "Execution worker Thread 5"         [_thread_blocked, id=12000, stack(0x0000003c9c100000,0x0000003c9c200000) (1024K)]
  0x000001b092476040 JavaThread "Execution worker Thread 6"         [_thread_blocked, id=12024, stack(0x0000003c9c200000,0x0000003c9c300000) (1024K)]
  0x000001b09247b590 JavaThread "Execution worker Thread 7"         [_thread_blocked, id=11832, stack(0x0000003c9c300000,0x0000003c9c400000) (1024K)]
  0x000001b092476d60 JavaThread "Execution worker Thread 8"         [_thread_blocked, id=17564, stack(0x0000003c9c400000,0x0000003c9c500000) (1024K)]
  0x000001b09247c940 JavaThread "Execution worker Thread 9"         [_thread_blocked, id=380, stack(0x0000003c9c500000,0x0000003c9c600000) (1024K)]
  0x000001b0924773f0 JavaThread "Execution worker Thread 10"        [_thread_blocked, id=25260, stack(0x0000003c9c600000,0x0000003c9c700000) (1024K)]
  0x000001b092477a80 JavaThread "Execution worker Thread 11"        [_thread_blocked, id=19844, stack(0x0000003c9c700000,0x0000003c9c800000) (1024K)]
  0x000001b092478110 JavaThread "Cache worker for execution history cache (C:\flutter\packages\flutter_tools\gradle\.gradle\8.14\executionHistory)"        [_thread_blocked, id=20244, stack(0x0000003c9c800000,0x0000003c9c900000) (1024K)]
  0x000001b092478e30 JavaThread "Unconstrained build operations Thread 34"        [_thread_blocked, id=26532, stack(0x0000003c9c900000,0x0000003c9ca00000) (1024K)]
  0x000001b0924787a0 JavaThread "Unconstrained build operations Thread 35"        [_thread_blocked, id=6468, stack(0x0000003c9ca00000,0x0000003c9cb00000) (1024K)]
  0x000001b092479b50 JavaThread "Unconstrained build operations Thread 36"        [_thread_blocked, id=19948, stack(0x0000003c9cb00000,0x0000003c9cc00000) (1024K)]
  0x000001b09247a1e0 JavaThread "Unconstrained build operations Thread 37"        [_thread_blocked, id=15224, stack(0x0000003c9cc00000,0x0000003c9cd00000) (1024K)]
  0x000001b09247af00 JavaThread "Unconstrained build operations Thread 38"        [_thread_blocked, id=16904, stack(0x0000003c9cd00000,0x0000003c9ce00000) (1024K)]
  0x000001b08fb63880 JavaThread "Unconstrained build operations Thread 39"        [_thread_blocked, id=24320, stack(0x0000003c9ce00000,0x0000003c9cf00000) (1024K)]
  0x000001b08fb617b0 JavaThread "Unconstrained build operations Thread 40"        [_thread_blocked, id=20860, stack(0x0000003c9cf00000,0x0000003c9d000000) (1024K)]
  0x000001b08fb61120 JavaThread "Unconstrained build operations Thread 41"        [_thread_blocked, id=24396, stack(0x0000003c9d000000,0x0000003c9d100000) (1024K)]
  0x000001b08fb66d00 JavaThread "Unconstrained build operations Thread 42"        [_thread_blocked, id=24744, stack(0x0000003c9d100000,0x0000003c9d200000) (1024K)]
  0x000001b08fb652c0 JavaThread "Unconstrained build operations Thread 43"        [_thread_blocked, id=12864, stack(0x0000003c9d200000,0x0000003c9d300000) (1024K)]
  0x000001b08fb65950 JavaThread "Unconstrained build operations Thread 44"        [_thread_blocked, id=15960, stack(0x0000003c9d300000,0x0000003c9d400000) (1024K)]
  0x000001b08fb63f10 JavaThread "Unconstrained build operations Thread 45"        [_thread_blocked, id=19076, stack(0x0000003c9d400000,0x0000003c9d500000) (1024K)]
  0x000001b08fb65fe0 JavaThread "Unconstrained build operations Thread 46"        [_thread_blocked, id=12524, stack(0x0000003c9d500000,0x0000003c9d600000) (1024K)]
  0x000001b08fb631f0 JavaThread "Unconstrained build operations Thread 47"        [_thread_blocked, id=12296, stack(0x0000003c9d600000,0x0000003c9d700000) (1024K)]
  0x000001b08fb60400 JavaThread "Unconstrained build operations Thread 48"        [_thread_blocked, id=5108, stack(0x0000003c9d700000,0x0000003c9d800000) (1024K)]
  0x000001b08fb61e40 JavaThread "Unconstrained build operations Thread 49"        [_thread_blocked, id=2072, stack(0x0000003c9d800000,0x0000003c9d900000) (1024K)]
  0x000001b08fb66670 JavaThread "Unconstrained build operations Thread 50"        [_thread_blocked, id=21784, stack(0x0000003c9d900000,0x0000003c9da00000) (1024K)]
  0x000001b08fb645a0 JavaThread "Unconstrained build operations Thread 51"        [_thread_blocked, id=13076, stack(0x0000003c9da00000,0x0000003c9db00000) (1024K)]
  0x000001b08fb624d0 JavaThread "Unconstrained build operations Thread 52"        [_thread_blocked, id=24068, stack(0x0000003c9db00000,0x0000003c9dc00000) (1024K)]
  0x000001b08fb67a20 JavaThread "Unconstrained build operations Thread 53"        [_thread_blocked, id=18784, stack(0x0000003c9dc00000,0x0000003c9dd00000) (1024K)]
  0x000001b08fb67390 JavaThread "Unconstrained build operations Thread 54"        [_thread_blocked, id=16812, stack(0x0000003c9dd00000,0x0000003c9de00000) (1024K)]
  0x000001b08fb60a90 JavaThread "Unconstrained build operations Thread 55"        [_thread_blocked, id=23572, stack(0x0000003c9de00000,0x0000003c9df00000) (1024K)]
  0x000001b08fb64c30 JavaThread "Unconstrained build operations Thread 56"        [_thread_blocked, id=15860, stack(0x0000003c9df00000,0x0000003c9e000000) (1024K)]
  0x000001b08fb62b60 JavaThread "Unconstrained build operations Thread 57"        [_thread_blocked, id=14264, stack(0x0000003c9e000000,0x0000003c9e100000) (1024K)]
  0x000001b08f5ecda0 JavaThread "Unconstrained build operations Thread 58"        [_thread_blocked, id=16112, stack(0x0000003c9e100000,0x0000003c9e200000) (1024K)]
  0x000001b08f5ec080 JavaThread "Unconstrained build operations Thread 59"        [_thread_blocked, id=9112, stack(0x0000003c9e200000,0x0000003c9e300000) (1024K)]
  0x000001b08f5eacd0 JavaThread "Unconstrained build operations Thread 60"        [_thread_blocked, id=2536, stack(0x0000003c9e300000,0x0000003c9e400000) (1024K)]
  0x000001b08f5e8c00 JavaThread "Unconstrained build operations Thread 61"        [_thread_blocked, id=15656, stack(0x0000003c9e400000,0x0000003c9e500000) (1024K)]
  0x000001b08f5e9290 JavaThread "Unconstrained build operations Thread 62"        [_thread_blocked, id=24524, stack(0x0000003c9e500000,0x0000003c9e600000) (1024K)]
  0x000001b08f5e9920 JavaThread "Unconstrained build operations Thread 63"        [_thread_blocked, id=13368, stack(0x0000003c9e600000,0x0000003c9e700000) (1024K)]
  0x000001b08f5eee70 JavaThread "Unconstrained build operations Thread 64"        [_thread_blocked, id=20948, stack(0x0000003c9e700000,0x0000003c9e800000) (1024K)]
  0x000001b08f5ee7e0 JavaThread "Unconstrained build operations Thread 65"        [_thread_blocked, id=14504, stack(0x0000003c9e800000,0x0000003c9e900000) (1024K)]
  0x000001b08f5ec710 JavaThread "Unconstrained build operations Thread 66"        [_thread_blocked, id=20828, stack(0x0000003c9e900000,0x0000003c9ea00000) (1024K)]
  0x000001b08f5e7ee0 JavaThread "Unconstrained build operations Thread 67"        [_thread_blocked, id=12368, stack(0x0000003c9ea00000,0x0000003c9eb00000) (1024K)]
  0x000001b08f5ea640 JavaThread "Unconstrained build operations Thread 68"        [_thread_blocked, id=21660, stack(0x0000003c9eb00000,0x0000003c9ec00000) (1024K)]
  0x000001b08f5edac0 JavaThread "Unconstrained build operations Thread 69"        [_thread_blocked, id=1808, stack(0x0000003c9ed00000,0x0000003c9ee00000) (1024K)]
  0x000001b08f5e8570 JavaThread "Unconstrained build operations Thread 70"        [_thread_blocked, id=25124, stack(0x0000003c9ee00000,0x0000003c9ef00000) (1024K)]
  0x000001b08f5ef500 JavaThread "Unconstrained build operations Thread 71"        [_thread_blocked, id=10948, stack(0x0000003c9ef00000,0x0000003c9f000000) (1024K)]
  0x000001b08f5ee150 JavaThread "Unconstrained build operations Thread 72"        [_thread_blocked, id=15160, stack(0x0000003c9f000000,0x0000003c9f100000) (1024K)]
  0x000001b08f5eb360 JavaThread "Unconstrained build operations Thread 73"        [_thread_blocked, id=18916, stack(0x0000003c9f100000,0x0000003c9f200000) (1024K)]
  0x000001b08f5eb9f0 JavaThread "Unconstrained build operations Thread 74"        [_thread_blocked, id=4816, stack(0x0000003c9f200000,0x0000003c9f300000) (1024K)]
  0x000001b0916bfcd0 JavaThread "Unconstrained build operations Thread 75"        [_thread_blocked, id=4556, stack(0x0000003c9f300000,0x0000003c9f400000) (1024K)]
  0x000001b0916c4b90 JavaThread "Unconstrained build operations Thread 76"        [_thread_blocked, id=6232, stack(0x0000003c9f400000,0x0000003c9f500000) (1024K)]
  0x000001b0916c09f0 JavaThread "Unconstrained build operations Thread 77"        [_thread_blocked, id=15708, stack(0x0000003c9f500000,0x0000003c9f600000) (1024K)]
  0x000001b0916c0360 JavaThread "Unconstrained build operations Thread 78"        [_thread_blocked, id=11868, stack(0x0000003c9f600000,0x0000003c9f700000) (1024K)]
  0x000001b0916c3e70 JavaThread "Unconstrained build operations Thread 79"        [_thread_blocked, id=24788, stack(0x0000003c9f700000,0x0000003c9f800000) (1024K)]
  0x000001b0916c1da0 JavaThread "Unconstrained build operations Thread 80"        [_thread_blocked, id=17936, stack(0x0000003c9f800000,0x0000003c9f900000) (1024K)]
  0x000001b0916c2430 JavaThread "Unconstrained build operations Thread 81"        [_thread_blocked, id=24876, stack(0x0000003c9f900000,0x0000003c9fa00000) (1024K)]
  0x000001b0916c5220 JavaThread "Unconstrained build operations Thread 82"        [_thread_blocked, id=16292, stack(0x0000003c9fa00000,0x0000003c9fb00000) (1024K)]
  0x000001b0916c2ac0 JavaThread "Unconstrained build operations Thread 83"        [_thread_blocked, id=23864, stack(0x0000003c9fb00000,0x0000003c9fc00000) (1024K)]
  0x000001b0916c4500 JavaThread "Unconstrained build operations Thread 84"        [_thread_blocked, id=23432, stack(0x0000003c9fc00000,0x0000003c9fd00000) (1024K)]
  0x000001b0916c5f40 JavaThread "Unconstrained build operations Thread 85"        [_thread_blocked, id=14176, stack(0x0000003c9fd00000,0x0000003c9fe00000) (1024K)]
  0x000001b0916c37e0 JavaThread "Unconstrained build operations Thread 86"        [_thread_blocked, id=13004, stack(0x0000003c9fe00000,0x0000003c9ff00000) (1024K)]
  0x000001b0916c3150 JavaThread "Unconstrained build operations Thread 87"        [_thread_blocked, id=20824, stack(0x0000003c9ff00000,0x0000003ca0000000) (1024K)]
  0x000001b0916befb0 JavaThread "Unconstrained build operations Thread 88"        [_thread_blocked, id=18868, stack(0x0000003ca0000000,0x0000003ca0100000) (1024K)]
  0x000001b0916c1710 JavaThread "Unconstrained build operations Thread 89"        [_thread_blocked, id=23364, stack(0x0000003ca0100000,0x0000003ca0200000) (1024K)]
  0x000001b0916c1080 JavaThread "Unconstrained build operations Thread 90"        [_thread_blocked, id=11528, stack(0x0000003ca0200000,0x0000003ca0300000) (1024K)]
  0x000001b0916c65d0 JavaThread "Unconstrained build operations Thread 91"        [_thread_blocked, id=19384, stack(0x0000003ca0300000,0x0000003ca0400000) (1024K)]
  0x000001b0916bf640 JavaThread "Unconstrained build operations Thread 92"        [_thread_blocked, id=12604, stack(0x0000003ca0400000,0x0000003ca0500000) (1024K)]
  0x000001b091472a40 JavaThread "Unconstrained build operations Thread 93"        [_thread_blocked, id=5608, stack(0x0000003ca0500000,0x0000003ca0600000) (1024K)]
  0x000001b091470970 JavaThread "Unconstrained build operations Thread 94"        [_thread_blocked, id=7024, stack(0x0000003ca0600000,0x0000003ca0700000) (1024K)]
  0x000001b0914751a0 JavaThread "Unconstrained build operations Thread 95"        [_thread_blocked, id=16116, stack(0x0000003ca0700000,0x0000003ca0800000) (1024K)]
  0x000001b091475830 JavaThread "Unconstrained build operations Thread 96"        [_thread_blocked, id=13248, stack(0x0000003ca0800000,0x0000003ca0900000) (1024K)]
  0x000001b091473df0 JavaThread "Unconstrained build operations Thread 97"        [_thread_blocked, id=16396, stack(0x0000003ca0900000,0x0000003ca0a00000) (1024K)]
  0x000001b091475ec0 JavaThread "Unconstrained build operations Thread 98"        [_thread_blocked, id=26068, stack(0x0000003ca0a00000,0x0000003ca0b00000) (1024K)]
  0x000001b0914730d0 JavaThread "Unconstrained build operations Thread 99"        [_thread_blocked, id=23564, stack(0x0000003ca0b00000,0x0000003ca0c00000) (1024K)]
  0x000001b091471d20 JavaThread "Unconstrained build operations Thread 100"        [_thread_blocked, id=15356, stack(0x0000003ca0c00000,0x0000003ca0d00000) (1024K)]
  0x000001b091474b10 JavaThread "Unconstrained build operations Thread 101"        [_thread_blocked, id=14520, stack(0x0000003ca0d00000,0x0000003ca0e00000) (1024K)]
  0x000001b091476550 JavaThread "Unconstrained build operations Thread 102"        [_thread_blocked, id=6220, stack(0x0000003c97900000,0x0000003c97a00000) (1024K)]
  0x000001b091473760 JavaThread "Unconstrained build operations Thread 103"        [_thread_blocked, id=15848, stack(0x0000003c9ec00000,0x0000003c9ed00000) (1024K)]
  0x000001b0914723b0 JavaThread "Unconstrained build operations Thread 104"        [_thread_blocked, id=17104, stack(0x0000003ca0e00000,0x0000003ca0f00000) (1024K)]
  0x000001b091474480 JavaThread "Unconstrained build operations Thread 105"        [_thread_blocked, id=3312, stack(0x0000003ca0f00000,0x0000003ca1000000) (1024K)]
  0x000001b09146f5c0 JavaThread "Unconstrained build operations Thread 106"        [_thread_blocked, id=6916, stack(0x0000003ca1000000,0x0000003ca1100000) (1024K)]
  0x000001b0914702e0 JavaThread "Unconstrained build operations Thread 107"        [_thread_blocked, id=7600, stack(0x0000003ca1100000,0x0000003ca1200000) (1024K)]
  0x000001b091471000 JavaThread "Unconstrained build operations Thread 108"        [_thread_blocked, id=13912, stack(0x0000003ca1200000,0x0000003ca1300000) (1024K)]
  0x000001b091476be0 JavaThread "Unconstrained build operations Thread 109"        [_thread_blocked, id=25656, stack(0x0000003ca1300000,0x0000003ca1400000) (1024K)]
  0x000001b09146fc50 JavaThread "Unconstrained build operations Thread 110"        [_thread_blocked, id=22812, stack(0x0000003ca1400000,0x0000003ca1500000) (1024K)]
  0x000001b091471690 JavaThread "Unconstrained build operations Thread 111"        [_thread_blocked, id=21656, stack(0x0000003ca1500000,0x0000003ca1600000) (1024K)]
  0x000001b08f768020 JavaThread "Unconstrained build operations Thread 112"        [_thread_blocked, id=4696, stack(0x0000003ca1600000,0x0000003ca1700000) (1024K)]
  0x000001b08f769a60 JavaThread "Unconstrained build operations Thread 113"        [_thread_blocked, id=14604, stack(0x0000003ca1700000,0x0000003ca1800000) (1024K)]
  0x000001b08f76ae10 JavaThread "Unconstrained build operations Thread 114"        [_thread_blocked, id=17916, stack(0x0000003ca1800000,0x0000003ca1900000) (1024K)]
  0x000001b08f7693d0 JavaThread "Unconstrained build operations Thread 115"        [_thread_blocked, id=25272, stack(0x0000003ca1900000,0x0000003ca1a00000) (1024K)]
  0x000001b08f76a0f0 JavaThread "Unconstrained build operations Thread 116"        [_thread_blocked, id=22732, stack(0x0000003ca1a00000,0x0000003ca1b00000) (1024K)]
  0x000001b08f7665e0 JavaThread "Unconstrained build operations Thread 117"        [_thread_blocked, id=26176, stack(0x0000003ca1b00000,0x0000003ca1c00000) (1024K)]
  0x000001b08f76b4a0 JavaThread "Unconstrained build operations Thread 118"        [_thread_blocked, id=21008, stack(0x0000003ca1c00000,0x0000003ca1d00000) (1024K)]
  0x000001b08f76a780 JavaThread "Unconstrained build operations Thread 119"        [_thread_blocked, id=19996, stack(0x0000003ca1d00000,0x0000003ca1e00000) (1024K)]
  0x000001b08f766c70 JavaThread "Unconstrained build operations Thread 120"        [_thread_blocked, id=22048, stack(0x0000003ca1e00000,0x0000003ca1f00000) (1024K)]
  0x000001b08f764510 JavaThread "build event listener"              [_thread_blocked, id=25168, stack(0x0000003ca1f00000,0x0000003ca2000000) (1024K)]
  0x000001b092ff1e30 JavaThread "jar transforms"                    [_thread_blocked, id=15132, stack(0x0000003ca2100000,0x0000003ca2200000) (1024K)]
  0x000001b092ff6660 JavaThread "jar transforms Thread 2"           [_thread_blocked, id=15400, stack(0x0000003ca2300000,0x0000003ca2400000) (1024K)]
  0x000001b092ff80a0 JavaThread "jar transforms Thread 3"           [_thread_blocked, id=17444, stack(0x0000003ca2400000,0x0000003ca2500000) (1024K)]
  0x000001b092ffc240 JavaThread "jar transforms Thread 4"           [_thread_blocked, id=1920, stack(0x0000003ca2500000,0x0000003ca2600000) (1024K)]
  0x000001b092ff8730 JavaThread "Problems report writer"            [_thread_blocked, id=1856, stack(0x0000003ca2600000,0x0000003ca2700000) (1024K)]
  0x000001b092ff9ae0 JavaThread "jar transforms Thread 5"           [_thread_blocked, id=25284, stack(0x0000003ca2700000,0x0000003ca2800000) (1024K)]
  0x000001b092ff8dc0 JavaThread "jar transforms Thread 6"           [_thread_blocked, id=15232, stack(0x0000003ca2800000,0x0000003ca2900000) (1024K)]
  0x000001b092ffb520 JavaThread "jar transforms Thread 7"           [_thread_blocked, id=25700, stack(0x0000003ca2900000,0x0000003ca2a00000) (1024K)]
  0x000001b092ffbbb0 JavaThread "jar transforms Thread 8"           [_thread_blocked, id=26036, stack(0x0000003ca2a00000,0x0000003ca2b00000) (1024K)]
  0x000001b092ff9450 JavaThread "jar transforms Thread 9"           [_thread_blocked, id=26376, stack(0x0000003ca2b00000,0x0000003ca2c00000) (1024K)]
  0x000001b092ffa170 JavaThread "jar transforms Thread 10"          [_thread_blocked, id=16132, stack(0x0000003ca2c00000,0x0000003ca2d00000) (1024K)]
  0x000001b092ffa800 JavaThread "jar transforms Thread 11"          [_thread_blocked, id=24680, stack(0x0000003ca2d00000,0x0000003ca2e00000) (1024K)]
  0x000001b092ffae90 JavaThread "jar transforms Thread 12"          [_thread_blocked, id=16408, stack(0x0000003ca2e00000,0x0000003ca2f00000) (1024K)]
  0x000001b099023e40 JavaThread "pool-3-thread-1"                   [_thread_blocked, id=20596, stack(0x0000003ca2200000,0x0000003ca2300000) (1024K)]
  0x000001b09901ceb0 JavaThread "build event listener"              [_thread_blocked, id=16144, stack(0x0000003ca2f00000,0x0000003ca3000000) (1024K)]
  0x000001b099027950 JavaThread "Cache worker for execution history cache (C:\gps\android\.gradle\8.14\executionHistory)"        [_thread_blocked, id=25444, stack(0x0000003ca3000000,0x0000003ca3100000) (1024K)]
  0x000001b099024b60 JavaThread "WorkerExecutor Queue"              [_thread_in_vm, id=15208, stack(0x0000003c96200000,0x0000003c96300000) (1024K)]
  0x000001b0990209c0 JavaThread "WorkerExecutor Queue Thread 2"        [_thread_in_Java, id=7380, stack(0x0000003c96300000,0x0000003c96400000) (1024K)]
  0x000001b0990272c0 JavaThread "WorkerExecutor Queue Thread 3"        [_thread_blocked, id=17700, stack(0x0000003ca3400000,0x0000003ca3500000) (1024K)]
  0x000001b099025f10 JavaThread "WorkerExecutor Queue Thread 6"        [_thread_blocked, id=17804, stack(0x0000003ca3700000,0x0000003ca3800000) (1024K)]
  0x000001b0990265a0 JavaThread "WorkerExecutor Queue Thread 7"        [_thread_in_vm, id=17276, stack(0x0000003ca3900000,0x0000003ca3a00000) (1024K)]
  0x000001b099020330 JavaThread "WorkerExecutor Queue Thread 8"        [_thread_blocked, id=9972, stack(0x0000003ca3a00000,0x0000003ca3b00000) (1024K)]
  0x000001b099028670 JavaThread "WorkerExecutor Queue Thread 11"        [_thread_blocked, id=17864, stack(0x0000003ca3e00000,0x0000003ca3f00000) (1024K)]
  0x000001b099028d00 JavaThread "WorkerExecutor Queue Thread 12"        [_thread_blocked, id=26084, stack(0x0000003ca3f00000,0x0000003ca4000000) (1024K)]
  0x000001b09902add0 JavaThread "WorkerExecutor Queue Thread 13"        [_thread_in_native, id=22712, stack(0x0000003ca4000000,0x0000003ca4100000) (1024K)]
  0x000001b092ff1110 JavaThread "WorkerExecutor Queue Thread 14"        [_thread_blocked, id=13900, stack(0x0000003ca3800000,0x0000003ca3900000) (1024K)]
  0x000001b098379570 JavaThread "Cache worker for Java compile cache (C:\Users\jyoti\.gradle\caches\8.14\javaCompile)"        [_thread_blocked, id=11460, stack(0x0000003ca3c00000,0x0000003ca3d00000) (1024K)]
  0x000001b09837a920 JavaThread "RMI Scheduler(0)"           daemon [_thread_blocked, id=26340, stack(0x0000003ca4100000,0x0000003ca4200000) (1024K)]
  0x000001b09837bcd0 JavaThread "RMI GC Daemon"              daemon [_thread_blocked, id=15772, stack(0x0000003ca4300000,0x0000003ca4400000) (1024K)]
  0x000001b098376780 JavaThread "RMI TCP Accept-0"           daemon [_thread_in_native, id=21348, stack(0x0000003ca4400000,0x0000003ca4500000) (1024K)]
  0x000001b0983760f0 JavaThread "RMI Reaper"                        [_thread_blocked, id=12500, stack(0x0000003ca4500000,0x0000003ca4600000) (1024K)]
  0x000001b098376e10 JavaThread "RMI TCP Connection(idle)"   daemon [_thread_blocked, id=9060, stack(0x0000003ca4600000,0x0000003ca4700000) (1024K)]
  0x000001b09a8636a0 JavaThread "Build operations"                  [_thread_blocked, id=6668, stack(0x0000003ca4700000,0x0000003ca4800000) (1024K)]
  0x000001b09a85cda0 JavaThread "Build operations Thread 2"         [_thread_blocked, id=11996, stack(0x0000003ca4800000,0x0000003ca4900000) (1024K)]
  0x000001b09a85dac0 JavaThread "Build operations Thread 3"         [_thread_blocked, id=5196, stack(0x0000003ca4900000,0x0000003ca4a00000) (1024K)]
  0x000001b09a85e150 JavaThread "Build operations Thread 4"         [_thread_blocked, id=21732, stack(0x0000003ca4a00000,0x0000003ca4b00000) (1024K)]
  0x000001b09a85d430 JavaThread "Build operations Thread 5"         [_thread_blocked, id=5752, stack(0x0000003ca4b00000,0x0000003ca4c00000) (1024K)]
  0x000001b09a8615d0 JavaThread "Build operations Thread 6"         [_thread_blocked, id=4020, stack(0x0000003ca4c00000,0x0000003ca4d00000) (1024K)]
  0x000001b09a85fb90 JavaThread "Build operations Thread 7"         [_thread_blocked, id=12308, stack(0x0000003ca4d00000,0x0000003ca4e00000) (1024K)]
  0x000001b09a85c710 JavaThread "Build operations Thread 8"         [_thread_blocked, id=11004, stack(0x0000003ca4e00000,0x0000003ca4f00000) (1024K)]
  0x000001b09a8622f0 JavaThread "Build operations Thread 9"         [_thread_blocked, id=22408, stack(0x0000003ca4f00000,0x0000003ca5000000) (1024K)]
  0x000001b09a862980 JavaThread "Build operations Thread 10"        [_thread_blocked, id=25952, stack(0x0000003ca5000000,0x0000003ca5100000) (1024K)]
  0x000001b09a863010 JavaThread "Build operations Thread 11"        [_thread_blocked, id=25404, stack(0x0000003ca5100000,0x0000003ca5200000) (1024K)]
  0x000001b09a863d30 JavaThread "WorkerExecutor Queue Thread 15"        [_thread_in_Java, id=13972, stack(0x0000003ca5300000,0x0000003ca5400000) (1024K)]
  0x000001b09a8643c0 JavaThread "Exec process Thread 4"             [_thread_blocked, id=16232, stack(0x0000003ca5400000,0x0000003ca5500000) (1024K)]
  0x000001b09a865770 JavaThread "Exec process Thread 6"             [_thread_blocked, id=17328, stack(0x0000003ca5800000,0x0000003ca5900000) (1024K)]
  0x000001b09a85ee70 JavaThread "Exec process Thread 10"            [_thread_blocked, id=23428, stack(0x0000003ca5a00000,0x0000003ca5b00000) (1024K)]
  0x000001b09a866490 JavaThread "Exec process Thread 12"            [_thread_blocked, id=11232, stack(0x0000003ca5c00000,0x0000003ca5d00000) (1024K)]
  0x000001b09a868bf0 JavaThread "Exec process Thread 19"            [_thread_blocked, id=14816, stack(0x0000003ca6500000,0x0000003ca6600000) (1024K)]
  0x000001b09a868560 JavaThread "Exec process Thread 20"            [_thread_blocked, id=16788, stack(0x0000003ca6600000,0x0000003ca6700000) (1024K)]
  0x000001b09a869910 JavaThread "Exec process Thread 21"            [_thread_blocked, id=20436, stack(0x0000003ca6700000,0x0000003ca6800000) (1024K)]
  0x000001b09a869fa0 JavaThread "Exec process Thread 22"            [_thread_blocked, id=3316, stack(0x0000003ca6800000,0x0000003ca6900000) (1024K)]
  0x000001b09a86b9e0 JavaThread "Exec process Thread 23"            [_thread_blocked, id=23280, stack(0x0000003ca6900000,0x0000003ca6a00000) (1024K)]
  0x000001b09a86a630 JavaThread "Exec process Thread 24"            [_thread_blocked, id=18252, stack(0x0000003ca6a00000,0x0000003ca6b00000) (1024K)]
  0x000001b09bc820b0 JavaThread "Exec process Thread 29"            [_thread_blocked, id=14508, stack(0x0000003ca6e00000,0x0000003ca6f00000) (1024K)]
  0x000001b09bc82740 JavaThread "Exec process Thread 30"            [_thread_blocked, id=20800, stack(0x0000003ca6f00000,0x0000003ca7000000) (1024K)]
  0x000001b09bc7d1f0 JavaThread "Build operations Thread 12"        [_thread_blocked, id=20492, stack(0x0000003ca7300000,0x0000003ca7400000) (1024K)]
  0x000001b09bc86250 JavaThread "RMI TCP Connection(idle)"   daemon [_thread_blocked, id=25140, stack(0x0000003ca7400000,0x0000003ca7500000) (1024K)]
  0x000001b09bc87c90 JavaThread "RMI TCP Connection(idle)"   daemon [_thread_blocked, id=23740, stack(0x0000003ca2000000,0x0000003ca2100000) (1024K)]
  0x000001b09bc868e0 JavaThread "pool-4-thread-1"                   [_thread_blocked, id=24660, stack(0x0000003c96100000,0x0000003c96200000) (1024K)]
  0x000001b09bc87600 JavaThread "stderr"                            [_thread_in_native, id=23980, stack(0x0000003ca3d00000,0x0000003ca3e00000) (1024K)]
  0x000001b09bc80670 JavaThread "stdout"                            [_thread_in_native, id=4440, stack(0x0000003ca7500000,0x0000003ca7600000) (1024K)]
  0x000001b09bc8f940 JavaThread "stderr"                            [_thread_in_native, id=15396, stack(0x0000003ca7600000,0x0000003ca7700000) (1024K)]
  0x000001b09bc8ffd0 JavaThread "stdout"                            [_thread_in_native, id=4396, stack(0x0000003ca7700000,0x0000003ca7800000) (1024K)]
  0x000001b09bc8be30 JavaThread "stderr"                            [_thread_in_native, id=15716, stack(0x0000003ca7800000,0x0000003ca7900000) (1024K)]
  0x000001b09bc896d0 JavaThread "stdout"                            [_thread_in_native, id=11476, stack(0x0000003ca7900000,0x0000003ca7a00000) (1024K)]
  0x000001b09bc90cf0 JavaThread "stderr"                            [_thread_in_native, id=24740, stack(0x0000003ca7a00000,0x0000003ca7b00000) (1024K)]
  0x000001b09bc89d60 JavaThread "stdout"                            [_thread_in_native, id=9976, stack(0x0000003ca7b00000,0x0000003ca7c00000) (1024K)]
  0x000001b09bc91380 JavaThread "stderr"                            [_thread_in_native, id=10792, stack(0x0000003ca7c00000,0x0000003ca7d00000) (1024K)]
  0x000001b09bc8c4c0 JavaThread "stdout"                            [_thread_in_native, id=12180, stack(0x0000003ca7d00000,0x0000003ca7e00000) (1024K)]
  0x000001b09bc8a3f0 JavaThread "stderr"                            [_thread_in_native, id=12380, stack(0x0000003ca7e00000,0x0000003ca7f00000) (1024K)]
  0x000001b09bc91a10 JavaThread "stdout"                            [_thread_in_native, id=5916, stack(0x0000003ca7f00000,0x0000003ca8000000) (1024K)]
  0x000001b09bc920a0 JavaThread "stderr"                            [_thread_in_native, id=19832, stack(0x0000003ca8000000,0x0000003ca8100000) (1024K)]
  0x000001b09bc92730 JavaThread "stdout"                            [_thread_in_native, id=22700, stack(0x0000003ca8100000,0x0000003ca8200000) (1024K)]
  0x000001b09bc92dc0 JavaThread "stderr"                            [_thread_in_native, id=22504, stack(0x0000003ca8200000,0x0000003ca8300000) (1024K)]
  0x000001b09bc93450 JavaThread "stdout"                            [_thread_in_native, id=11424, stack(0x0000003ca8300000,0x0000003ca8400000) (1024K)]
  0x000001b09bc8d1e0 JavaThread "RMI TCP Connection(idle)"   daemon [_thread_blocked, id=24416, stack(0x0000003ca3b00000,0x0000003ca3c00000) (1024K)]
  0x000001b09901d540 JavaThread "RMI TCP Connection(idle)"   daemon [_thread_blocked, id=588, stack(0x0000003ca8400000,0x0000003ca8500000) (1024K)]
  0x000001b09bc84ea0 JavaThread "ForkJoinPool-2-worker-1"    daemon [_thread_blocked, id=2772, stack(0x0000003ca8500000,0x0000003ca8600000) (1024K)]
  0x000001b09bc82dd0 JavaThread "ForkJoinPool-2-worker-2"    daemon [_thread_blocked, id=26520, stack(0x0000003ca8600000,0x0000003ca8700000) (1024K)]
  0x000001b09bc8cb50 JavaThread "ForkJoinPool-2-worker-3"    daemon [_thread_blocked, id=21284, stack(0x0000003ca8700000,0x0000003ca8800000) (1024K)]
  0x000001b09bc8d870 JavaThread "ForkJoinPool-2-worker-4"    daemon [_thread_blocked, id=4792, stack(0x0000003ca8800000,0x0000003ca8900000) (1024K)]
  0x000001b09bc8df00 JavaThread "ForkJoinPool-2-worker-6"    daemon [_thread_blocked, id=11324, stack(0x0000003ca8900000,0x0000003ca8a00000) (1024K)]
  0x000001b09bc95bb0 JavaThread "ForkJoinPool-2-worker-5"    daemon [_thread_blocked, id=15700, stack(0x0000003ca8a00000,0x0000003ca8b00000) (1024K)]
  0x000001b09bc8ec20 JavaThread "ForkJoinPool-2-worker-7"    daemon [_thread_blocked, id=24404, stack(0x0000003ca8b00000,0x0000003ca8c00000) (1024K)]
  0x000001b09bc968d0 JavaThread "ForkJoinPool-2-worker-8"    daemon [_thread_blocked, id=7680, stack(0x0000003ca8c00000,0x0000003ca8d00000) (1024K)]
  0x000001b09bc96240 JavaThread "ForkJoinPool-2-worker-9"    daemon [_thread_blocked, id=10696, stack(0x0000003ca8d00000,0x0000003ca8e00000) (1024K)]
  0x000001b09bc97c80 JavaThread "ForkJoinPool-2-worker-11"   daemon [_thread_blocked, id=23496, stack(0x0000003ca8e00000,0x0000003ca8f00000) (1024K)]
  0x000001b09bc98310 JavaThread "ForkJoinPool-2-worker-10"   daemon [_thread_blocked, id=4564, stack(0x0000003ca8f00000,0x0000003ca9000000) (1024K)]
  0x000001b09bc99030 JavaThread "ForkJoinPool-2-worker-12"   daemon [_thread_blocked, id=14328, stack(0x0000003ca9000000,0x0000003ca9100000) (1024K)]
  0x000001b09bc9aa70 JavaThread "WorkerExecutor Queue Thread 17"        [_thread_blocked, id=20676, stack(0x0000003ca9100000,0x0000003ca9200000) (1024K)]
  0x000001b09a861c60 JavaThread "Java2D Disposer"            daemon [_thread_blocked, id=25776, stack(0x0000003ca9300000,0x0000003ca9400000) (1024K)]
  0x000001b09a8608b0 JavaThread "AWT-Windows"                daemon [_thread_in_native, id=26492, stack(0x0000003ca9500000,0x0000003ca9600000) (1024K)]
  0x000001b08f5e9fb0 JavaThread "DefaultDispatcher-worker-1" daemon [_thread_blocked, id=1136, stack(0x0000003ca9700000,0x0000003ca9800000) (1024K)]
  0x000001b098378ee0 JavaThread "DefaultDispatcher-worker-2" daemon [_thread_blocked, id=24384, stack(0x0000003ca9800000,0x0000003ca9900000) (1024K)]
  0x000001b0903b9100 JavaThread "DefaultDispatcher-worker-3" daemon [_thread_blocked, id=23676, stack(0x0000003ca9900000,0x0000003ca9a00000) (1024K)]
Total: 265

Other Threads:
  0x000001b08c038610 VMThread "VM Thread"                           [id=15200, stack(0x0000003c96b00000,0x0000003c96c00000) (1024K)]
  0x000001b0f9188e90 WatcherThread "VM Periodic Task Thread"        [id=21012, stack(0x0000003c96a00000,0x0000003c96b00000) (1024K)]
  0x000001b0d37e89f0 WorkerThread "GC Thread#0"                     [id=11308, stack(0x0000003c96500000,0x0000003c96600000) (1024K)]
  0x000001b08c623bb0 WorkerThread "GC Thread#1"                     [id=22324, stack(0x0000003c97700000,0x0000003c97800000) (1024K)]
  0x000001b08c654390 WorkerThread "GC Thread#2"                     [id=13428, stack(0x0000003c97800000,0x0000003c97900000) (1024K)]
  0x000001b08c880780 WorkerThread "GC Thread#3"                     [id=25672, stack(0x0000003c97a00000,0x0000003c97b00000) (1024K)]
  0x000001b08d0b2020 WorkerThread "GC Thread#4"                     [id=16560, stack(0x0000003c97b00000,0x0000003c97c00000) (1024K)]
  0x000001b08d615290 WorkerThread "GC Thread#5"                     [id=13320, stack(0x0000003c97f00000,0x0000003c98000000) (1024K)]
  0x000001b08d615a40 WorkerThread "GC Thread#6"                     [id=13232, stack(0x0000003c98000000,0x0000003c98100000) (1024K)]
  0x000001b08e23d4f0 WorkerThread "GC Thread#7"                     [id=25308, stack(0x0000003c98100000,0x0000003c98200000) (1024K)]
  0x000001b08e23dfd0 WorkerThread "GC Thread#8"                     [id=25248, stack(0x0000003c98200000,0x0000003c98300000) (1024K)]
  0x000001b08e23d890 WorkerThread "GC Thread#9"                     [id=26128, stack(0x0000003c98300000,0x0000003c98400000) (1024K)]
  0x000001b0f9032010 ConcurrentGCThread "G1 Main Marker"            [id=17844, stack(0x0000003c96600000,0x0000003c96700000) (1024K)]
  0x000001b0f90332b0 WorkerThread "G1 Conc#0"                       [id=8080, stack(0x0000003c96700000,0x0000003c96800000) (1024K)]
  0x000001b08e23dc30 WorkerThread "G1 Conc#1"                       [id=11228, stack(0x0000003c98b00000,0x0000003c98c00000) (1024K)]
  0x000001b08e23c670 WorkerThread "G1 Conc#2"                       [id=15364, stack(0x0000003c98c00000,0x0000003c98d00000) (1024K)]
  0x000001b0f905cf50 ConcurrentGCThread "G1 Refine#0"               [id=22092, stack(0x0000003c96800000,0x0000003c96900000) (1024K)]
  0x000001b0f905dac0 ConcurrentGCThread "G1 Service"                [id=16456, stack(0x0000003c96900000,0x0000003c96a00000) (1024K)]
Total: 18

Threads with active compile tasks:
C2 CompilerThread0   187320 44881   !   4       com.android.tools.r8.shaking.O::a (310 bytes)
C1 CompilerThread0   187320 44927       2       com.android.tools.lint.model.LintModelDependenciesReader::readGraphItem (143 bytes)
Total: 2

VM state: not at safepoint (normal execution)

VM Mutex/Monitor currently owned by a thread:  ([mutex/lock_event])
[0x00007ff8b47b0b48] MethodCompileQueue_lock - owner thread: 0x000001b08c0b6150
[0x00007ff8b47b1fc8] CodeCache_lock - owner thread: 0x000001b08c0b6150
[0x00007ff8b47b2148] Compile_lock - owner thread: 0x000001b08c0b6150

Heap address: 0x0000000600000000, size: 8192 MB, Compressed Oops mode: Zero based, Oop shift amount: 3

CDS archive(s) not mapped
Compressed class space mapped at: 0x0000000800000000-0x0000000840000000, reserved size: 1073741824
Narrow klass base: 0x0000000800000000, Narrow klass shift: 0, Narrow klass range: 0x40000000

GC Precious Log:
 CardTable entry size: 512
 Card Set container configuration: InlinePtr #cards 4 size 8 Array Of Cards #cards 32 size 80 Howl #buckets 8 coarsen threshold 7372 Howl Bitmap #cards 1024 size 144 coarsen threshold 921 Card regions per heap region 1 cards per card region 8192
 CPUs: 12 total, 12 available
 Memory: 7832M
 Large Page Support: Disabled
 NUMA Support: Disabled
 Compressed Oops: Enabled (Zero based)
 Heap Region Size: 4M
 Heap Min Capacity: 8M
 Heap Initial Capacity: 124M
 Heap Max Capacity: 8G
 Pre-touch: Disabled
 Parallel Workers: 10
 Concurrent Workers: 3
 Concurrent Refinement Workers: 10
 Periodic GC: Disabled

Heap:
 garbage-first heap   total 3366912K, used 1081344K [0x0000000600000000, 0x0000000800000000)
  region size 4096K, 97 young (397312K), 3 survivors (12288K)
 Metaspace       used 262444K, committed 265856K, reserved 1310720K
  class space    used 33075K, committed 34752K, reserved 1048576K

Heap Regions: E=young(eden), S=young(survivor), O=old, HS=humongous(starts), HC=humongous(continues), CS=collection set, F=free, TAMS=top-at-mark-start, PB=parsable bottom
|   0|0x0000000600000000, 0x0000000600400000, 0x0000000600400000|100%|HS|  |TAMS 0x0000000600000000| PB 0x0000000600000000| Complete 
|   1|0x0000000600400000, 0x0000000600800000, 0x0000000600800000|100%| O|  |TAMS 0x0000000600400000| PB 0x0000000600400000| Untracked 
|   2|0x0000000600800000, 0x0000000600c00000, 0x0000000600c00000|100%| O|  |TAMS 0x0000000600800000| PB 0x0000000600800000| Untracked 
|   3|0x0000000600c00000, 0x0000000601000000, 0x0000000601000000|100%| O|  |TAMS 0x0000000600c00000| PB 0x0000000600c00000| Untracked 
|   4|0x0000000601000000, 0x0000000601400000, 0x0000000601400000|100%| O|  |TAMS 0x0000000601000000| PB 0x0000000601000000| Untracked 
|   5|0x0000000601400000, 0x0000000601800000, 0x0000000601800000|100%| O|  |TAMS 0x0000000601400000| PB 0x0000000601400000| Untracked 
|   6|0x0000000601800000, 0x0000000601c00000, 0x0000000601c00000|100%|HS|  |TAMS 0x0000000601800000| PB 0x0000000601800000| Complete 
|   7|0x0000000601c00000, 0x0000000602000000, 0x0000000602000000|100%| O|  |TAMS 0x0000000601c00000| PB 0x0000000601c00000| Untracked 
|   8|0x0000000602000000, 0x0000000602400000, 0x0000000602400000|100%|HS|  |TAMS 0x0000000602000000| PB 0x0000000602000000| Complete 
|   9|0x0000000602400000, 0x0000000602800000, 0x0000000602800000|100%| O|  |TAMS 0x0000000602400000| PB 0x0000000602400000| Untracked 
|  10|0x0000000602800000, 0x0000000602c00000, 0x0000000602c00000|100%| O|  |TAMS 0x0000000602800000| PB 0x0000000602800000| Untracked 
|  11|0x0000000602c00000, 0x0000000603000000, 0x0000000603000000|100%| O|  |TAMS 0x0000000602c00000| PB 0x0000000602c00000| Untracked 
|  12|0x0000000603000000, 0x0000000603400000, 0x0000000603400000|100%| O|  |TAMS 0x0000000603000000| PB 0x0000000603000000| Untracked 
|  13|0x0000000603400000, 0x0000000603800000, 0x0000000603800000|100%| O|  |TAMS 0x0000000603400000| PB 0x0000000603400000| Untracked 
|  14|0x0000000603800000, 0x0000000603c00000, 0x0000000603c00000|100%| O|  |TAMS 0x0000000603800000| PB 0x0000000603800000| Untracked 
|  15|0x0000000603c00000, 0x0000000604000000, 0x0000000604000000|100%| O|  |TAMS 0x0000000603c00000| PB 0x0000000603c00000| Untracked 
|  16|0x0000000604000000, 0x0000000604400000, 0x0000000604400000|100%| O|  |TAMS 0x0000000604000000| PB 0x0000000604000000| Untracked 
|  17|0x0000000604400000, 0x0000000604800000, 0x0000000604800000|100%| O|  |TAMS 0x0000000604400000| PB 0x0000000604400000| Untracked 
|  18|0x0000000604800000, 0x0000000604c00000, 0x0000000604c00000|100%| O|  |TAMS 0x0000000604800000| PB 0x0000000604800000| Untracked 
|  19|0x0000000604c00000, 0x0000000605000000, 0x0000000605000000|100%|HS|  |TAMS 0x0000000604c00000| PB 0x0000000604c00000| Complete 
|  20|0x0000000605000000, 0x0000000605400000, 0x0000000605400000|100%|HS|  |TAMS 0x0000000605000000| PB 0x0000000605000000| Complete 
|  21|0x0000000605400000, 0x0000000605800000, 0x0000000605800000|100%| O|  |TAMS 0x0000000605400000| PB 0x0000000605400000| Untracked 
|  22|0x0000000605800000, 0x0000000605c00000, 0x0000000605c00000|100%| O|  |TAMS 0x0000000605800000| PB 0x0000000605800000| Untracked 
|  23|0x0000000605c00000, 0x0000000606000000, 0x0000000606000000|100%| O|  |TAMS 0x0000000605c00000| PB 0x0000000605c00000| Untracked 
|  24|0x0000000606000000, 0x0000000606400000, 0x0000000606400000|100%| O|  |TAMS 0x0000000606000000| PB 0x0000000606000000| Untracked 
|  25|0x0000000606400000, 0x0000000606800000, 0x0000000606800000|100%| O|  |TAMS 0x0000000606400000| PB 0x0000000606400000| Untracked 
|  26|0x0000000606800000, 0x0000000606c00000, 0x0000000606c00000|100%| O|  |TAMS 0x0000000606800000| PB 0x0000000606800000| Untracked 
|  27|0x0000000606c00000, 0x0000000607000000, 0x0000000607000000|100%| O|  |TAMS 0x0000000606c00000| PB 0x0000000606c00000| Untracked 
|  28|0x0000000607000000, 0x0000000607400000, 0x0000000607400000|100%| O|  |TAMS 0x0000000607000000| PB 0x0000000607000000| Untracked 
|  29|0x0000000607400000, 0x0000000607800000, 0x0000000607800000|100%| O|  |TAMS 0x0000000607400000| PB 0x0000000607400000| Untracked 
|  30|0x0000000607800000, 0x0000000607c00000, 0x0000000607c00000|100%| O|  |TAMS 0x0000000607800000| PB 0x0000000607800000| Untracked 
|  31|0x0000000607c00000, 0x0000000608000000, 0x0000000608000000|100%| O|  |TAMS 0x0000000607c00000| PB 0x0000000607c00000| Untracked 
|  32|0x0000000608000000, 0x0000000608400000, 0x0000000608400000|100%| O|  |TAMS 0x0000000608000000| PB 0x0000000608000000| Untracked 
|  33|0x0000000608400000, 0x0000000608800000, 0x0000000608800000|100%| O|  |TAMS 0x0000000608400000| PB 0x0000000608400000| Untracked 
|  34|0x0000000608800000, 0x0000000608c00000, 0x0000000608c00000|100%| O|  |TAMS 0x0000000608800000| PB 0x0000000608800000| Untracked 
|  35|0x0000000608c00000, 0x0000000609000000, 0x0000000609000000|100%|HS|  |TAMS 0x0000000608c00000| PB 0x0000000608c00000| Complete 
|  36|0x0000000609000000, 0x0000000609400000, 0x0000000609400000|100%| O|  |TAMS 0x0000000609000000| PB 0x0000000609000000| Untracked 
|  37|0x0000000609400000, 0x0000000609800000, 0x0000000609800000|100%| O|  |TAMS 0x0000000609400000| PB 0x0000000609400000| Untracked 
|  38|0x0000000609800000, 0x0000000609c00000, 0x0000000609c00000|100%| O|  |TAMS 0x0000000609800000| PB 0x0000000609800000| Untracked 
|  39|0x0000000609c00000, 0x000000060a000000, 0x000000060a000000|100%| O|  |TAMS 0x0000000609c00000| PB 0x0000000609c00000| Untracked 
|  40|0x000000060a000000, 0x000000060a400000, 0x000000060a400000|100%| O|  |TAMS 0x000000060a000000| PB 0x000000060a000000| Untracked 
|  41|0x000000060a400000, 0x000000060a800000, 0x000000060a800000|100%| O|  |TAMS 0x000000060a400000| PB 0x000000060a400000| Untracked 
|  42|0x000000060a800000, 0x000000060ac00000, 0x000000060ac00000|100%| O|  |TAMS 0x000000060a800000| PB 0x000000060a800000| Untracked 
|  43|0x000000060ac00000, 0x000000060b000000, 0x000000060b000000|100%| O|  |TAMS 0x000000060ac00000| PB 0x000000060ac00000| Untracked 
|  44|0x000000060b000000, 0x000000060b400000, 0x000000060b400000|100%| O|  |TAMS 0x000000060b000000| PB 0x000000060b000000| Untracked 
|  45|0x000000060b400000, 0x000000060b800000, 0x000000060b800000|100%| O|  |TAMS 0x000000060b400000| PB 0x000000060b400000| Untracked 
|  46|0x000000060b800000, 0x000000060bc00000, 0x000000060bc00000|100%| O|  |TAMS 0x000000060b800000| PB 0x000000060b800000| Untracked 
|  47|0x000000060bc00000, 0x000000060c000000, 0x000000060c000000|100%| O|  |TAMS 0x000000060bc00000| PB 0x000000060bc00000| Untracked 
|  48|0x000000060c000000, 0x000000060c400000, 0x000000060c400000|100%| O|  |TAMS 0x000000060c000000| PB 0x000000060c000000| Untracked 
|  49|0x000000060c400000, 0x000000060c800000, 0x000000060c800000|100%| O|  |TAMS 0x000000060c400000| PB 0x000000060c400000| Untracked 
|  50|0x000000060c800000, 0x000000060cc00000, 0x000000060cc00000|100%| O|  |TAMS 0x000000060c800000| PB 0x000000060c800000| Untracked 
|  51|0x000000060cc00000, 0x000000060d000000, 0x000000060d000000|100%| O|  |TAMS 0x000000060cc00000| PB 0x000000060cc00000| Untracked 
|  52|0x000000060d000000, 0x000000060d400000, 0x000000060d400000|100%| O|  |TAMS 0x000000060d000000| PB 0x000000060d000000| Untracked 
|  53|0x000000060d400000, 0x000000060d800000, 0x000000060d800000|100%| O|  |TAMS 0x000000060d400000| PB 0x000000060d400000| Untracked 
|  54|0x000000060d800000, 0x000000060dc00000, 0x000000060dc00000|100%| O|  |TAMS 0x000000060d800000| PB 0x000000060d800000| Untracked 
|  55|0x000000060dc00000, 0x000000060e000000, 0x000000060e000000|100%| O|  |TAMS 0x000000060dc00000| PB 0x000000060dc00000| Untracked 
|  56|0x000000060e000000, 0x000000060e400000, 0x000000060e400000|100%| O|  |TAMS 0x000000060e000000| PB 0x000000060e000000| Untracked 
|  57|0x000000060e400000, 0x000000060e800000, 0x000000060e800000|100%|HS|  |TAMS 0x000000060e400000| PB 0x000000060e400000| Complete 
|  58|0x000000060e800000, 0x000000060ec00000, 0x000000060ec00000|100%| O|  |TAMS 0x000000060e800000| PB 0x000000060e800000| Untracked 
|  59|0x000000060ec00000, 0x000000060f000000, 0x000000060f000000|100%| O|  |TAMS 0x000000060ec00000| PB 0x000000060ec00000| Untracked 
|  60|0x000000060f000000, 0x000000060f400000, 0x000000060f400000|100%| O|  |TAMS 0x000000060f000000| PB 0x000000060f000000| Untracked 
|  61|0x000000060f400000, 0x000000060f800000, 0x000000060f800000|100%|HS|  |TAMS 0x000000060f400000| PB 0x000000060f400000| Complete 
|  62|0x000000060f800000, 0x000000060fc00000, 0x000000060fc00000|100%| O|  |TAMS 0x000000060f800000| PB 0x000000060f800000| Untracked 
|  63|0x000000060fc00000, 0x0000000610000000, 0x0000000610000000|100%| O|  |TAMS 0x000000060fc00000| PB 0x000000060fc00000| Untracked 
|  64|0x0000000610000000, 0x0000000610400000, 0x0000000610400000|100%| O|  |TAMS 0x0000000610000000| PB 0x0000000610000000| Untracked 
|  65|0x0000000610400000, 0x0000000610800000, 0x0000000610800000|100%| O|  |TAMS 0x0000000610400000| PB 0x0000000610400000| Untracked 
|  66|0x0000000610800000, 0x0000000610c00000, 0x0000000610c00000|100%| O|  |TAMS 0x0000000610800000| PB 0x0000000610800000| Untracked 
|  67|0x0000000610c00000, 0x0000000611000000, 0x0000000611000000|100%| O|  |TAMS 0x0000000610c00000| PB 0x0000000610c00000| Untracked 
|  68|0x0000000611000000, 0x0000000611400000, 0x0000000611400000|100%| O|  |TAMS 0x0000000611000000| PB 0x0000000611000000| Untracked 
|  69|0x0000000611400000, 0x0000000611800000, 0x0000000611800000|100%| O|  |TAMS 0x0000000611400000| PB 0x0000000611400000| Untracked 
|  70|0x0000000611800000, 0x0000000611c00000, 0x0000000611c00000|100%| O|  |TAMS 0x0000000611800000| PB 0x0000000611800000| Untracked 
|  71|0x0000000611c00000, 0x0000000612000000, 0x0000000612000000|100%|HS|  |TAMS 0x0000000611c00000| PB 0x0000000611c00000| Complete 
|  72|0x0000000612000000, 0x0000000612400000, 0x0000000612400000|100%| O|  |TAMS 0x0000000612000000| PB 0x0000000612000000| Untracked 
|  73|0x0000000612400000, 0x0000000612800000, 0x0000000612800000|100%| O|  |TAMS 0x0000000612400000| PB 0x0000000612400000| Untracked 
|  74|0x0000000612800000, 0x0000000612c00000, 0x0000000612c00000|100%| O|  |TAMS 0x0000000612800000| PB 0x0000000612800000| Untracked 
|  75|0x0000000612c00000, 0x0000000613000000, 0x0000000613000000|100%| O|  |TAMS 0x0000000612c00000| PB 0x0000000612c00000| Untracked 
|  76|0x0000000613000000, 0x0000000613400000, 0x0000000613400000|100%| O|  |TAMS 0x0000000613000000| PB 0x0000000613000000| Untracked 
|  77|0x0000000613400000, 0x0000000613800000, 0x0000000613800000|100%| O|  |TAMS 0x0000000613400000| PB 0x0000000613400000| Untracked 
|  78|0x0000000613800000, 0x0000000613c00000, 0x0000000613c00000|100%| O|  |TAMS 0x0000000613800000| PB 0x0000000613800000| Untracked 
|  79|0x0000000613c00000, 0x0000000614000000, 0x0000000614000000|100%| O|  |TAMS 0x0000000613c00000| PB 0x0000000613c00000| Untracked 
|  80|0x0000000614000000, 0x0000000614400000, 0x0000000614400000|100%| O|  |TAMS 0x0000000614000000| PB 0x0000000614000000| Untracked 
|  81|0x0000000614400000, 0x0000000614800000, 0x0000000614800000|100%| O|  |TAMS 0x0000000614400000| PB 0x0000000614400000| Untracked 
|  82|0x0000000614800000, 0x0000000614c00000, 0x0000000614c00000|100%| O|  |TAMS 0x0000000614800000| PB 0x0000000614800000| Untracked 
|  83|0x0000000614c00000, 0x0000000615000000, 0x0000000615000000|100%| O|  |TAMS 0x0000000614c00000| PB 0x0000000614c00000| Untracked 
|  84|0x0000000615000000, 0x0000000615400000, 0x0000000615400000|100%| O|  |TAMS 0x0000000615000000| PB 0x0000000615000000| Untracked 
|  85|0x0000000615400000, 0x0000000615800000, 0x0000000615800000|100%| O|  |TAMS 0x0000000615400000| PB 0x0000000615400000| Untracked 
|  86|0x0000000615800000, 0x0000000615c00000, 0x0000000615c00000|100%| O|  |TAMS 0x0000000615800000| PB 0x0000000615800000| Untracked 
|  87|0x0000000615c00000, 0x0000000616000000, 0x0000000616000000|100%| O|  |TAMS 0x0000000615c00000| PB 0x0000000615c00000| Untracked 
|  88|0x0000000616000000, 0x0000000616400000, 0x0000000616400000|100%| O|  |TAMS 0x0000000616000000| PB 0x0000000616000000| Untracked 
|  89|0x0000000616400000, 0x0000000616800000, 0x0000000616800000|100%| O|  |TAMS 0x0000000616400000| PB 0x0000000616400000| Untracked 
|  90|0x0000000616800000, 0x0000000616c00000, 0x0000000616c00000|100%| O|  |TAMS 0x0000000616800000| PB 0x0000000616800000| Untracked 
|  91|0x0000000616c00000, 0x0000000617000000, 0x0000000617000000|100%| O|  |TAMS 0x0000000616c00000| PB 0x0000000616c00000| Untracked 
|  92|0x0000000617000000, 0x0000000617400000, 0x0000000617400000|100%| O|  |TAMS 0x0000000617000000| PB 0x0000000617000000| Untracked 
|  93|0x0000000617400000, 0x0000000617800000, 0x0000000617800000|100%| O|  |TAMS 0x0000000617400000| PB 0x0000000617400000| Untracked 
|  94|0x0000000617800000, 0x0000000617c00000, 0x0000000617c00000|100%| O|  |TAMS 0x0000000617800000| PB 0x0000000617800000| Untracked 
|  95|0x0000000617c00000, 0x0000000618000000, 0x0000000618000000|100%| O|  |TAMS 0x0000000617c00000| PB 0x0000000617c00000| Untracked 
|  96|0x0000000618000000, 0x0000000618400000, 0x0000000618400000|100%| O|  |TAMS 0x0000000618000000| PB 0x0000000618000000| Untracked 
|  97|0x0000000618400000, 0x0000000618800000, 0x0000000618800000|100%| O|  |TAMS 0x0000000618400000| PB 0x0000000618400000| Untracked 
|  98|0x0000000618800000, 0x0000000618c00000, 0x0000000618c00000|100%| O|  |TAMS 0x0000000618800000| PB 0x0000000618800000| Untracked 
|  99|0x0000000618c00000, 0x0000000619000000, 0x0000000619000000|100%| O|  |TAMS 0x0000000618c00000| PB 0x0000000618c00000| Untracked 
| 100|0x0000000619000000, 0x0000000619400000, 0x0000000619400000|100%| O|  |TAMS 0x0000000619000000| PB 0x0000000619000000| Untracked 
| 101|0x0000000619400000, 0x0000000619800000, 0x0000000619800000|100%| O|  |TAMS 0x0000000619400000| PB 0x0000000619400000| Untracked 
| 102|0x0000000619800000, 0x0000000619c00000, 0x0000000619c00000|100%| O|  |TAMS 0x0000000619800000| PB 0x0000000619800000| Untracked 
| 103|0x0000000619c00000, 0x000000061a000000, 0x000000061a000000|100%| O|  |TAMS 0x0000000619c00000| PB 0x0000000619c00000| Untracked 
| 104|0x000000061a000000, 0x000000061a400000, 0x000000061a400000|100%| O|  |TAMS 0x000000061a000000| PB 0x000000061a000000| Untracked 
| 105|0x000000061a400000, 0x000000061a800000, 0x000000061a800000|100%| O|  |TAMS 0x000000061a400000| PB 0x000000061a400000| Untracked 
| 106|0x000000061a800000, 0x000000061ac00000, 0x000000061ac00000|100%| O|  |TAMS 0x000000061a800000| PB 0x000000061a800000| Untracked 
| 107|0x000000061ac00000, 0x000000061b000000, 0x000000061b000000|100%| O|  |TAMS 0x000000061ac00000| PB 0x000000061ac00000| Untracked 
| 108|0x000000061b000000, 0x000000061b400000, 0x000000061b400000|100%| O|  |TAMS 0x000000061b000000| PB 0x000000061b000000| Untracked 
| 109|0x000000061b400000, 0x000000061b800000, 0x000000061b800000|100%| O|  |TAMS 0x000000061b400000| PB 0x000000061b400000| Untracked 
| 110|0x000000061b800000, 0x000000061bc00000, 0x000000061bc00000|100%| O|  |TAMS 0x000000061b800000| PB 0x000000061b800000| Untracked 
| 111|0x000000061bc00000, 0x000000061c000000, 0x000000061c000000|100%| O|  |TAMS 0x000000061bc00000| PB 0x000000061bc00000| Untracked 
| 112|0x000000061c000000, 0x000000061c400000, 0x000000061c400000|100%| O|  |TAMS 0x000000061c000000| PB 0x000000061c000000| Untracked 
| 113|0x000000061c400000, 0x000000061c800000, 0x000000061c800000|100%| O|  |TAMS 0x000000061c400000| PB 0x000000061c400000| Untracked 
| 114|0x000000061c800000, 0x000000061cc00000, 0x000000061cc00000|100%|HS|  |TAMS 0x000000061c800000| PB 0x000000061c800000| Complete 
| 115|0x000000061cc00000, 0x000000061d000000, 0x000000061d000000|100%|HC|  |TAMS 0x000000061cc00000| PB 0x000000061cc00000| Complete 
| 116|0x000000061d000000, 0x000000061d400000, 0x000000061d400000|100%| O|  |TAMS 0x000000061d000000| PB 0x000000061d000000| Untracked 
| 117|0x000000061d400000, 0x000000061d800000, 0x000000061d800000|100%| O|  |TAMS 0x000000061d400000| PB 0x000000061d400000| Untracked 
| 118|0x000000061d800000, 0x000000061dc00000, 0x000000061dc00000|100%| O|  |TAMS 0x000000061d800000| PB 0x000000061d800000| Untracked 
| 119|0x000000061dc00000, 0x000000061e000000, 0x000000061e000000|100%| O|  |TAMS 0x000000061dc00000| PB 0x000000061dc00000| Untracked 
| 120|0x000000061e000000, 0x000000061e400000, 0x000000061e400000|100%| O|  |TAMS 0x000000061e000000| PB 0x000000061e000000| Untracked 
| 121|0x000000061e400000, 0x000000061e800000, 0x000000061e800000|100%| O|  |TAMS 0x000000061e400000| PB 0x000000061e400000| Untracked 
| 122|0x000000061e800000, 0x000000061ec00000, 0x000000061ec00000|100%| O|  |TAMS 0x000000061e800000| PB 0x000000061e800000| Untracked 
| 123|0x000000061ec00000, 0x000000061f000000, 0x000000061f000000|100%| O|  |TAMS 0x000000061ec00000| PB 0x000000061ec00000| Untracked 
| 124|0x000000061f000000, 0x000000061f400000, 0x000000061f400000|100%| O|  |TAMS 0x000000061f000000| PB 0x000000061f000000| Untracked 
| 125|0x000000061f400000, 0x000000061f800000, 0x000000061f800000|100%| O|  |TAMS 0x000000061f400000| PB 0x000000061f400000| Untracked 
| 126|0x000000061f800000, 0x000000061fc00000, 0x000000061fc00000|100%| O|  |TAMS 0x000000061f800000| PB 0x000000061f800000| Untracked 
| 127|0x000000061fc00000, 0x0000000620000000, 0x0000000620000000|100%| O|  |TAMS 0x000000061fc00000| PB 0x000000061fc00000| Untracked 
| 128|0x0000000620000000, 0x0000000620400000, 0x0000000620400000|100%| O|  |TAMS 0x0000000620000000| PB 0x0000000620000000| Untracked 
| 129|0x0000000620400000, 0x0000000620800000, 0x0000000620800000|100%| O|  |TAMS 0x0000000620400000| PB 0x0000000620400000| Untracked 
| 130|0x0000000620800000, 0x0000000620c00000, 0x0000000620c00000|100%| O|  |TAMS 0x0000000620800000| PB 0x0000000620800000| Untracked 
| 131|0x0000000620c00000, 0x0000000621000000, 0x0000000621000000|100%| O|  |TAMS 0x0000000620c00000| PB 0x0000000620c00000| Untracked 
| 132|0x0000000621000000, 0x0000000621400000, 0x0000000621400000|100%| O|  |TAMS 0x0000000621000000| PB 0x0000000621000000| Untracked 
| 133|0x0000000621400000, 0x0000000621800000, 0x0000000621800000|100%| O|  |TAMS 0x0000000621400000| PB 0x0000000621400000| Untracked 
| 134|0x0000000621800000, 0x0000000621c00000, 0x0000000621c00000|100%| O|  |TAMS 0x0000000621800000| PB 0x0000000621800000| Untracked 
| 135|0x0000000621c00000, 0x0000000622000000, 0x0000000622000000|100%| O|  |TAMS 0x0000000621c00000| PB 0x0000000621c00000| Untracked 
| 136|0x0000000622000000, 0x0000000622400000, 0x0000000622400000|100%| O|  |TAMS 0x0000000622000000| PB 0x0000000622000000| Untracked 
| 137|0x0000000622400000, 0x0000000622800000, 0x0000000622800000|100%| O|  |TAMS 0x0000000622400000| PB 0x0000000622400000| Untracked 
| 138|0x0000000622800000, 0x0000000622c00000, 0x0000000622c00000|100%| O|  |TAMS 0x0000000622800000| PB 0x0000000622800000| Untracked 
| 139|0x0000000622c00000, 0x0000000623000000, 0x0000000623000000|100%| O|  |TAMS 0x0000000622c00000| PB 0x0000000622c00000| Untracked 
| 140|0x0000000623000000, 0x0000000623400000, 0x0000000623400000|100%| O|  |TAMS 0x0000000623000000| PB 0x0000000623000000| Untracked 
| 141|0x0000000623400000, 0x0000000623800000, 0x0000000623800000|100%| O|  |TAMS 0x0000000623400000| PB 0x0000000623400000| Untracked 
| 142|0x0000000623800000, 0x0000000623c00000, 0x0000000623c00000|100%| O|  |TAMS 0x0000000623800000| PB 0x0000000623800000| Untracked 
| 143|0x0000000623c00000, 0x0000000624000000, 0x0000000624000000|100%| O|  |TAMS 0x0000000623c00000| PB 0x0000000623c00000| Untracked 
| 144|0x0000000624000000, 0x0000000624400000, 0x0000000624400000|100%| O|  |TAMS 0x0000000624000000| PB 0x0000000624000000| Untracked 
| 145|0x0000000624400000, 0x0000000624800000, 0x0000000624800000|100%| O|  |TAMS 0x0000000624400000| PB 0x0000000624400000| Untracked 
| 146|0x0000000624800000, 0x0000000624c00000, 0x0000000624c00000|100%| O|  |TAMS 0x0000000624800000| PB 0x0000000624800000| Untracked 
| 147|0x0000000624c00000, 0x0000000625000000, 0x0000000625000000|100%| O|  |TAMS 0x0000000624c00000| PB 0x0000000624c00000| Untracked 
| 148|0x0000000625000000, 0x0000000625400000, 0x0000000625400000|100%| O|  |TAMS 0x0000000625000000| PB 0x0000000625000000| Untracked 
| 149|0x0000000625400000, 0x0000000625800000, 0x0000000625800000|100%| O|  |TAMS 0x0000000625400000| PB 0x0000000625400000| Untracked 
| 150|0x0000000625800000, 0x0000000625c00000, 0x0000000625c00000|100%| O|  |TAMS 0x0000000625800000| PB 0x0000000625800000| Untracked 
| 151|0x0000000625c00000, 0x0000000626000000, 0x0000000626000000|100%| O|  |TAMS 0x0000000625c00000| PB 0x0000000625c00000| Untracked 
| 152|0x0000000626000000, 0x0000000626400000, 0x0000000626400000|100%| O|  |TAMS 0x0000000626000000| PB 0x0000000626000000| Untracked 
| 153|0x0000000626400000, 0x0000000626800000, 0x0000000626800000|100%| O|  |TAMS 0x0000000626400000| PB 0x0000000626400000| Untracked 
| 154|0x0000000626800000, 0x0000000626c00000, 0x0000000626c00000|100%| O|  |TAMS 0x0000000626800000| PB 0x0000000626800000| Untracked 
| 155|0x0000000626c00000, 0x0000000627000000, 0x0000000627000000|100%| O|  |TAMS 0x0000000626c00000| PB 0x0000000626c00000| Untracked 
| 156|0x0000000627000000, 0x0000000627400000, 0x0000000627400000|100%| O|  |TAMS 0x0000000627000000| PB 0x0000000627000000| Untracked 
| 157|0x0000000627400000, 0x0000000627800000, 0x0000000627800000|100%| O|  |TAMS 0x0000000627400000| PB 0x0000000627400000| Untracked 
| 158|0x0000000627800000, 0x0000000627c00000, 0x0000000627c00000|100%| O|  |TAMS 0x0000000627800000| PB 0x0000000627800000| Untracked 
| 159|0x0000000627c00000, 0x0000000628000000, 0x0000000628000000|100%| O|  |TAMS 0x0000000627c00000| PB 0x0000000627c00000| Untracked 
| 160|0x0000000628000000, 0x0000000628000000, 0x0000000628400000|  0%| F|  |TAMS 0x0000000628000000| PB 0x0000000628000000| Untracked 
| 161|0x0000000628400000, 0x0000000628400000, 0x0000000628800000|  0%| F|  |TAMS 0x0000000628400000| PB 0x0000000628400000| Untracked 
| 162|0x0000000628800000, 0x0000000628800000, 0x0000000628c00000|  0%| F|  |TAMS 0x0000000628800000| PB 0x0000000628800000| Untracked 
| 163|0x0000000628c00000, 0x0000000628c00000, 0x0000000629000000|  0%| F|  |TAMS 0x0000000628c00000| PB 0x0000000628c00000| Untracked 
| 164|0x0000000629000000, 0x0000000629000000, 0x0000000629400000|  0%| F|  |TAMS 0x0000000629000000| PB 0x0000000629000000| Untracked 
| 165|0x0000000629400000, 0x0000000629400000, 0x0000000629800000|  0%| F|  |TAMS 0x0000000629400000| PB 0x0000000629400000| Untracked 
| 166|0x0000000629800000, 0x0000000629800000, 0x0000000629c00000|  0%| F|  |TAMS 0x0000000629800000| PB 0x0000000629800000| Untracked 
| 167|0x0000000629c00000, 0x0000000629c00000, 0x000000062a000000|  0%| F|  |TAMS 0x0000000629c00000| PB 0x0000000629c00000| Untracked 
| 168|0x000000062a000000, 0x000000062a000000, 0x000000062a400000|  0%| F|  |TAMS 0x000000062a000000| PB 0x000000062a000000| Untracked 
| 169|0x000000062a400000, 0x000000062a400000, 0x000000062a800000|  0%| F|  |TAMS 0x000000062a400000| PB 0x000000062a400000| Untracked 
| 170|0x000000062a800000, 0x000000062a800000, 0x000000062ac00000|  0%| F|  |TAMS 0x000000062a800000| PB 0x000000062a800000| Untracked 
| 171|0x000000062ac00000, 0x000000062ac00000, 0x000000062b000000|  0%| F|  |TAMS 0x000000062ac00000| PB 0x000000062ac00000| Untracked 
| 172|0x000000062b000000, 0x000000062b000000, 0x000000062b400000|  0%| F|  |TAMS 0x000000062b000000| PB 0x000000062b000000| Untracked 
| 173|0x000000062b400000, 0x000000062b400000, 0x000000062b800000|  0%| F|  |TAMS 0x000000062b400000| PB 0x000000062b400000| Untracked 
| 174|0x000000062b800000, 0x000000062b800000, 0x000000062bc00000|  0%| F|  |TAMS 0x000000062b800000| PB 0x000000062b800000| Untracked 
| 175|0x000000062bc00000, 0x000000062bc00000, 0x000000062c000000|  0%| F|  |TAMS 0x000000062bc00000| PB 0x000000062bc00000| Untracked 
| 176|0x000000062c000000, 0x000000062c000000, 0x000000062c400000|  0%| F|  |TAMS 0x000000062c000000| PB 0x000000062c000000| Untracked 
| 177|0x000000062c400000, 0x000000062c400000, 0x000000062c800000|  0%| F|  |TAMS 0x000000062c400000| PB 0x000000062c400000| Untracked 
| 178|0x000000062c800000, 0x000000062c800000, 0x000000062cc00000|  0%| F|  |TAMS 0x000000062c800000| PB 0x000000062c800000| Untracked 
| 179|0x000000062cc00000, 0x000000062cc00000, 0x000000062d000000|  0%| F|  |TAMS 0x000000062cc00000| PB 0x000000062cc00000| Untracked 
| 180|0x000000062d000000, 0x000000062d000000, 0x000000062d400000|  0%| F|  |TAMS 0x000000062d000000| PB 0x000000062d000000| Untracked 
| 181|0x000000062d400000, 0x000000062d400000, 0x000000062d800000|  0%| F|  |TAMS 0x000000062d400000| PB 0x000000062d400000| Untracked 
| 182|0x000000062d800000, 0x000000062d800000, 0x000000062dc00000|  0%| F|  |TAMS 0x000000062d800000| PB 0x000000062d800000| Untracked 
| 183|0x000000062dc00000, 0x000000062dc00000, 0x000000062e000000|  0%| F|  |TAMS 0x000000062dc00000| PB 0x000000062dc00000| Untracked 
| 184|0x000000062e000000, 0x000000062e000000, 0x000000062e400000|  0%| F|  |TAMS 0x000000062e000000| PB 0x000000062e000000| Untracked 
| 185|0x000000062e400000, 0x000000062e400000, 0x000000062e800000|  0%| F|  |TAMS 0x000000062e400000| PB 0x000000062e400000| Untracked 
| 186|0x000000062e800000, 0x000000062e800000, 0x000000062ec00000|  0%| F|  |TAMS 0x000000062e800000| PB 0x000000062e800000| Untracked 
| 187|0x000000062ec00000, 0x000000062ec00000, 0x000000062f000000|  0%| F|  |TAMS 0x000000062ec00000| PB 0x000000062ec00000| Untracked 
| 188|0x000000062f000000, 0x000000062f000000, 0x000000062f400000|  0%| F|  |TAMS 0x000000062f000000| PB 0x000000062f000000| Untracked 
| 189|0x000000062f400000, 0x000000062f400000, 0x000000062f800000|  0%| F|  |TAMS 0x000000062f400000| PB 0x000000062f400000| Untracked 
| 190|0x000000062f800000, 0x000000062f800000, 0x000000062fc00000|  0%| F|  |TAMS 0x000000062f800000| PB 0x000000062f800000| Untracked 
| 191|0x000000062fc00000, 0x000000062fc00000, 0x0000000630000000|  0%| F|  |TAMS 0x000000062fc00000| PB 0x000000062fc00000| Untracked 
| 192|0x0000000630000000, 0x0000000630000000, 0x0000000630400000|  0%| F|  |TAMS 0x0000000630000000| PB 0x0000000630000000| Untracked 
| 193|0x0000000630400000, 0x0000000630400000, 0x0000000630800000|  0%| F|  |TAMS 0x0000000630400000| PB 0x0000000630400000| Untracked 
| 194|0x0000000630800000, 0x0000000630800000, 0x0000000630c00000|  0%| F|  |TAMS 0x0000000630800000| PB 0x0000000630800000| Untracked 
| 195|0x0000000630c00000, 0x0000000630c00000, 0x0000000631000000|  0%| F|  |TAMS 0x0000000630c00000| PB 0x0000000630c00000| Untracked 
| 196|0x0000000631000000, 0x0000000631000000, 0x0000000631400000|  0%| F|  |TAMS 0x0000000631000000| PB 0x0000000631000000| Untracked 
| 197|0x0000000631400000, 0x0000000631400000, 0x0000000631800000|  0%| F|  |TAMS 0x0000000631400000| PB 0x0000000631400000| Untracked 
| 198|0x0000000631800000, 0x0000000631800000, 0x0000000631c00000|  0%| F|  |TAMS 0x0000000631800000| PB 0x0000000631800000| Untracked 
| 199|0x0000000631c00000, 0x0000000631c00000, 0x0000000632000000|  0%| F|  |TAMS 0x0000000631c00000| PB 0x0000000631c00000| Untracked 
| 200|0x0000000632000000, 0x0000000632000000, 0x0000000632400000|  0%| F|  |TAMS 0x0000000632000000| PB 0x0000000632000000| Untracked 
| 201|0x0000000632400000, 0x0000000632400000, 0x0000000632800000|  0%| F|  |TAMS 0x0000000632400000| PB 0x0000000632400000| Untracked 
| 202|0x0000000632800000, 0x0000000632800000, 0x0000000632c00000|  0%| F|  |TAMS 0x0000000632800000| PB 0x0000000632800000| Untracked 
| 203|0x0000000632c00000, 0x0000000632c00000, 0x0000000633000000|  0%| F|  |TAMS 0x0000000632c00000| PB 0x0000000632c00000| Untracked 
| 204|0x0000000633000000, 0x0000000633000000, 0x0000000633400000|  0%| F|  |TAMS 0x0000000633000000| PB 0x0000000633000000| Untracked 
| 205|0x0000000633400000, 0x0000000633400000, 0x0000000633800000|  0%| F|  |TAMS 0x0000000633400000| PB 0x0000000633400000| Untracked 
| 206|0x0000000633800000, 0x0000000633800000, 0x0000000633c00000|  0%| F|  |TAMS 0x0000000633800000| PB 0x0000000633800000| Untracked 
| 207|0x0000000633c00000, 0x0000000633c00000, 0x0000000634000000|  0%| F|  |TAMS 0x0000000633c00000| PB 0x0000000633c00000| Untracked 
| 208|0x0000000634000000, 0x0000000634000000, 0x0000000634400000|  0%| F|  |TAMS 0x0000000634000000| PB 0x0000000634000000| Untracked 
| 209|0x0000000634400000, 0x0000000634400000, 0x0000000634800000|  0%| F|  |TAMS 0x0000000634400000| PB 0x0000000634400000| Untracked 
| 210|0x0000000634800000, 0x0000000634800000, 0x0000000634c00000|  0%| F|  |TAMS 0x0000000634800000| PB 0x0000000634800000| Untracked 
| 211|0x0000000634c00000, 0x0000000634c00000, 0x0000000635000000|  0%| F|  |TAMS 0x0000000634c00000| PB 0x0000000634c00000| Untracked 
| 212|0x0000000635000000, 0x0000000635000000, 0x0000000635400000|  0%| F|  |TAMS 0x0000000635000000| PB 0x0000000635000000| Untracked 
| 213|0x0000000635400000, 0x0000000635400000, 0x0000000635800000|  0%| F|  |TAMS 0x0000000635400000| PB 0x0000000635400000| Untracked 
| 214|0x0000000635800000, 0x0000000635800000, 0x0000000635c00000|  0%| F|  |TAMS 0x0000000635800000| PB 0x0000000635800000| Untracked 
| 215|0x0000000635c00000, 0x0000000635c00000, 0x0000000636000000|  0%| F|  |TAMS 0x0000000635c00000| PB 0x0000000635c00000| Untracked 
| 216|0x0000000636000000, 0x0000000636000000, 0x0000000636400000|  0%| F|  |TAMS 0x0000000636000000| PB 0x0000000636000000| Untracked 
| 217|0x0000000636400000, 0x0000000636400000, 0x0000000636800000|  0%| F|  |TAMS 0x0000000636400000| PB 0x0000000636400000| Untracked 
| 218|0x0000000636800000, 0x0000000636800000, 0x0000000636c00000|  0%| F|  |TAMS 0x0000000636800000| PB 0x0000000636800000| Untracked 
| 219|0x0000000636c00000, 0x0000000636c00000, 0x0000000637000000|  0%| F|  |TAMS 0x0000000636c00000| PB 0x0000000636c00000| Untracked 
| 220|0x0000000637000000, 0x0000000637000000, 0x0000000637400000|  0%| F|  |TAMS 0x0000000637000000| PB 0x0000000637000000| Untracked 
| 221|0x0000000637400000, 0x0000000637400000, 0x0000000637800000|  0%| F|  |TAMS 0x0000000637400000| PB 0x0000000637400000| Untracked 
| 222|0x0000000637800000, 0x0000000637800000, 0x0000000637c00000|  0%| F|  |TAMS 0x0000000637800000| PB 0x0000000637800000| Untracked 
| 223|0x0000000637c00000, 0x0000000637c00000, 0x0000000638000000|  0%| F|  |TAMS 0x0000000637c00000| PB 0x0000000637c00000| Untracked 
| 224|0x0000000638000000, 0x0000000638000000, 0x0000000638400000|  0%| F|  |TAMS 0x0000000638000000| PB 0x0000000638000000| Untracked 
| 225|0x0000000638400000, 0x0000000638400000, 0x0000000638800000|  0%| F|  |TAMS 0x0000000638400000| PB 0x0000000638400000| Untracked 
| 226|0x0000000638800000, 0x0000000638800000, 0x0000000638c00000|  0%| F|  |TAMS 0x0000000638800000| PB 0x0000000638800000| Untracked 
| 227|0x0000000638c00000, 0x0000000638c00000, 0x0000000639000000|  0%| F|  |TAMS 0x0000000638c00000| PB 0x0000000638c00000| Untracked 
| 228|0x0000000639000000, 0x0000000639000000, 0x0000000639400000|  0%| F|  |TAMS 0x0000000639000000| PB 0x0000000639000000| Untracked 
| 229|0x0000000639400000, 0x0000000639400000, 0x0000000639800000|  0%| F|  |TAMS 0x0000000639400000| PB 0x0000000639400000| Untracked 
| 230|0x0000000639800000, 0x0000000639800000, 0x0000000639c00000|  0%| F|  |TAMS 0x0000000639800000| PB 0x0000000639800000| Untracked 
| 231|0x0000000639c00000, 0x0000000639c00000, 0x000000063a000000|  0%| F|  |TAMS 0x0000000639c00000| PB 0x0000000639c00000| Untracked 
| 232|0x000000063a000000, 0x000000063a000000, 0x000000063a400000|  0%| F|  |TAMS 0x000000063a000000| PB 0x000000063a000000| Untracked 
| 233|0x000000063a400000, 0x000000063a400000, 0x000000063a800000|  0%| F|  |TAMS 0x000000063a400000| PB 0x000000063a400000| Untracked 
| 234|0x000000063a800000, 0x000000063a800000, 0x000000063ac00000|  0%| F|  |TAMS 0x000000063a800000| PB 0x000000063a800000| Untracked 
| 235|0x000000063ac00000, 0x000000063ac00000, 0x000000063b000000|  0%| F|  |TAMS 0x000000063ac00000| PB 0x000000063ac00000| Untracked 
| 236|0x000000063b000000, 0x000000063b000000, 0x000000063b400000|  0%| F|  |TAMS 0x000000063b000000| PB 0x000000063b000000| Untracked 
| 237|0x000000063b400000, 0x000000063b400000, 0x000000063b800000|  0%| F|  |TAMS 0x000000063b400000| PB 0x000000063b400000| Untracked 
| 238|0x000000063b800000, 0x000000063b800000, 0x000000063bc00000|  0%| F|  |TAMS 0x000000063b800000| PB 0x000000063b800000| Untracked 
| 239|0x000000063bc00000, 0x000000063bc00000, 0x000000063c000000|  0%| F|  |TAMS 0x000000063bc00000| PB 0x000000063bc00000| Untracked 
| 240|0x000000063c000000, 0x000000063c000000, 0x000000063c400000|  0%| F|  |TAMS 0x000000063c000000| PB 0x000000063c000000| Untracked 
| 241|0x000000063c400000, 0x000000063c400000, 0x000000063c800000|  0%| F|  |TAMS 0x000000063c400000| PB 0x000000063c400000| Untracked 
| 242|0x000000063c800000, 0x000000063c800000, 0x000000063cc00000|  0%| F|  |TAMS 0x000000063c800000| PB 0x000000063c800000| Untracked 
| 243|0x000000063cc00000, 0x000000063cc00000, 0x000000063d000000|  0%| F|  |TAMS 0x000000063cc00000| PB 0x000000063cc00000| Untracked 
| 244|0x000000063d000000, 0x000000063d000000, 0x000000063d400000|  0%| F|  |TAMS 0x000000063d000000| PB 0x000000063d000000| Untracked 
| 245|0x000000063d400000, 0x000000063d400000, 0x000000063d800000|  0%| F|  |TAMS 0x000000063d400000| PB 0x000000063d400000| Untracked 
| 246|0x000000063d800000, 0x000000063d800000, 0x000000063dc00000|  0%| F|  |TAMS 0x000000063d800000| PB 0x000000063d800000| Untracked 
| 247|0x000000063dc00000, 0x000000063dc00000, 0x000000063e000000|  0%| F|  |TAMS 0x000000063dc00000| PB 0x000000063dc00000| Untracked 
| 248|0x000000063e000000, 0x000000063e000000, 0x000000063e400000|  0%| F|  |TAMS 0x000000063e000000| PB 0x000000063e000000| Untracked 
| 249|0x000000063e400000, 0x000000063e400000, 0x000000063e800000|  0%| F|  |TAMS 0x000000063e400000| PB 0x000000063e400000| Untracked 
| 250|0x000000063e800000, 0x000000063e800000, 0x000000063ec00000|  0%| F|  |TAMS 0x000000063e800000| PB 0x000000063e800000| Untracked 
| 251|0x000000063ec00000, 0x000000063ec00000, 0x000000063f000000|  0%| F|  |TAMS 0x000000063ec00000| PB 0x000000063ec00000| Untracked 
| 252|0x000000063f000000, 0x000000063f000000, 0x000000063f400000|  0%| F|  |TAMS 0x000000063f000000| PB 0x000000063f000000| Untracked 
| 253|0x000000063f400000, 0x000000063f400000, 0x000000063f800000|  0%| F|  |TAMS 0x000000063f400000| PB 0x000000063f400000| Untracked 
| 254|0x000000063f800000, 0x000000063f800000, 0x000000063fc00000|  0%| F|  |TAMS 0x000000063f800000| PB 0x000000063f800000| Untracked 
| 255|0x000000063fc00000, 0x000000063fc00000, 0x0000000640000000|  0%| F|  |TAMS 0x000000063fc00000| PB 0x000000063fc00000| Untracked 
| 256|0x0000000640000000, 0x0000000640000000, 0x0000000640400000|  0%| F|  |TAMS 0x0000000640000000| PB 0x0000000640000000| Untracked 
| 257|0x0000000640400000, 0x0000000640400000, 0x0000000640800000|  0%| F|  |TAMS 0x0000000640400000| PB 0x0000000640400000| Untracked 
| 258|0x0000000640800000, 0x0000000640800000, 0x0000000640c00000|  0%| F|  |TAMS 0x0000000640800000| PB 0x0000000640800000| Untracked 
| 259|0x0000000640c00000, 0x0000000640c00000, 0x0000000641000000|  0%| F|  |TAMS 0x0000000640c00000| PB 0x0000000640c00000| Untracked 
| 260|0x0000000641000000, 0x0000000641000000, 0x0000000641400000|  0%| F|  |TAMS 0x0000000641000000| PB 0x0000000641000000| Untracked 
| 261|0x0000000641400000, 0x0000000641400000, 0x0000000641800000|  0%| F|  |TAMS 0x0000000641400000| PB 0x0000000641400000| Untracked 
| 262|0x0000000641800000, 0x0000000641800000, 0x0000000641c00000|  0%| F|  |TAMS 0x0000000641800000| PB 0x0000000641800000| Untracked 
| 263|0x0000000641c00000, 0x0000000641c00000, 0x0000000642000000|  0%| F|  |TAMS 0x0000000641c00000| PB 0x0000000641c00000| Untracked 
| 264|0x0000000642000000, 0x0000000642000000, 0x0000000642400000|  0%| F|  |TAMS 0x0000000642000000| PB 0x0000000642000000| Untracked 
| 265|0x0000000642400000, 0x0000000642400000, 0x0000000642800000|  0%| F|  |TAMS 0x0000000642400000| PB 0x0000000642400000| Untracked 
| 266|0x0000000642800000, 0x0000000642800000, 0x0000000642c00000|  0%| F|  |TAMS 0x0000000642800000| PB 0x0000000642800000| Untracked 
| 267|0x0000000642c00000, 0x0000000642c00000, 0x0000000643000000|  0%| F|  |TAMS 0x0000000642c00000| PB 0x0000000642c00000| Untracked 
| 268|0x0000000643000000, 0x0000000643000000, 0x0000000643400000|  0%| F|  |TAMS 0x0000000643000000| PB 0x0000000643000000| Untracked 
| 269|0x0000000643400000, 0x0000000643400000, 0x0000000643800000|  0%| F|  |TAMS 0x0000000643400000| PB 0x0000000643400000| Untracked 
| 270|0x0000000643800000, 0x0000000643800000, 0x0000000643c00000|  0%| F|  |TAMS 0x0000000643800000| PB 0x0000000643800000| Untracked 
| 271|0x0000000643c00000, 0x0000000643c00000, 0x0000000644000000|  0%| F|  |TAMS 0x0000000643c00000| PB 0x0000000643c00000| Untracked 
| 272|0x0000000644000000, 0x0000000644000000, 0x0000000644400000|  0%| F|  |TAMS 0x0000000644000000| PB 0x0000000644000000| Untracked 
| 273|0x0000000644400000, 0x0000000644400000, 0x0000000644800000|  0%| F|  |TAMS 0x0000000644400000| PB 0x0000000644400000| Untracked 
| 274|0x0000000644800000, 0x0000000644800000, 0x0000000644c00000|  0%| F|  |TAMS 0x0000000644800000| PB 0x0000000644800000| Untracked 
| 275|0x0000000644c00000, 0x0000000644c00000, 0x0000000645000000|  0%| F|  |TAMS 0x0000000644c00000| PB 0x0000000644c00000| Untracked 
| 276|0x0000000645000000, 0x0000000645000000, 0x0000000645400000|  0%| F|  |TAMS 0x0000000645000000| PB 0x0000000645000000| Untracked 
| 277|0x0000000645400000, 0x0000000645400000, 0x0000000645800000|  0%| F|  |TAMS 0x0000000645400000| PB 0x0000000645400000| Untracked 
| 278|0x0000000645800000, 0x0000000645800000, 0x0000000645c00000|  0%| F|  |TAMS 0x0000000645800000| PB 0x0000000645800000| Untracked 
| 279|0x0000000645c00000, 0x0000000645c00000, 0x0000000646000000|  0%| F|  |TAMS 0x0000000645c00000| PB 0x0000000645c00000| Untracked 
| 280|0x0000000646000000, 0x0000000646000000, 0x0000000646400000|  0%| F|  |TAMS 0x0000000646000000| PB 0x0000000646000000| Untracked 
| 281|0x0000000646400000, 0x0000000646400000, 0x0000000646800000|  0%| F|  |TAMS 0x0000000646400000| PB 0x0000000646400000| Untracked 
| 282|0x0000000646800000, 0x0000000646800000, 0x0000000646c00000|  0%| F|  |TAMS 0x0000000646800000| PB 0x0000000646800000| Untracked 
| 283|0x0000000646c00000, 0x0000000646c00000, 0x0000000647000000|  0%| F|  |TAMS 0x0000000646c00000| PB 0x0000000646c00000| Untracked 
| 284|0x0000000647000000, 0x0000000647000000, 0x0000000647400000|  0%| F|  |TAMS 0x0000000647000000| PB 0x0000000647000000| Untracked 
| 285|0x0000000647400000, 0x0000000647400000, 0x0000000647800000|  0%| F|  |TAMS 0x0000000647400000| PB 0x0000000647400000| Untracked 
| 286|0x0000000647800000, 0x0000000647800000, 0x0000000647c00000|  0%| F|  |TAMS 0x0000000647800000| PB 0x0000000647800000| Untracked 
| 287|0x0000000647c00000, 0x0000000647c00000, 0x0000000648000000|  0%| F|  |TAMS 0x0000000647c00000| PB 0x0000000647c00000| Untracked 
| 288|0x0000000648000000, 0x0000000648000000, 0x0000000648400000|  0%| F|  |TAMS 0x0000000648000000| PB 0x0000000648000000| Untracked 
| 289|0x0000000648400000, 0x0000000648400000, 0x0000000648800000|  0%| F|  |TAMS 0x0000000648400000| PB 0x0000000648400000| Untracked 
| 290|0x0000000648800000, 0x0000000648800000, 0x0000000648c00000|  0%| F|  |TAMS 0x0000000648800000| PB 0x0000000648800000| Untracked 
| 291|0x0000000648c00000, 0x0000000648c00000, 0x0000000649000000|  0%| F|  |TAMS 0x0000000648c00000| PB 0x0000000648c00000| Untracked 
| 292|0x0000000649000000, 0x0000000649000000, 0x0000000649400000|  0%| F|  |TAMS 0x0000000649000000| PB 0x0000000649000000| Untracked 
| 293|0x0000000649400000, 0x0000000649400000, 0x0000000649800000|  0%| F|  |TAMS 0x0000000649400000| PB 0x0000000649400000| Untracked 
| 294|0x0000000649800000, 0x0000000649800000, 0x0000000649c00000|  0%| F|  |TAMS 0x0000000649800000| PB 0x0000000649800000| Untracked 
| 295|0x0000000649c00000, 0x0000000649c00000, 0x000000064a000000|  0%| F|  |TAMS 0x0000000649c00000| PB 0x0000000649c00000| Untracked 
| 296|0x000000064a000000, 0x000000064a000000, 0x000000064a400000|  0%| F|  |TAMS 0x000000064a000000| PB 0x000000064a000000| Untracked 
| 297|0x000000064a400000, 0x000000064a400000, 0x000000064a800000|  0%| F|  |TAMS 0x000000064a400000| PB 0x000000064a400000| Untracked 
| 298|0x000000064a800000, 0x000000064a800000, 0x000000064ac00000|  0%| F|  |TAMS 0x000000064a800000| PB 0x000000064a800000| Untracked 
| 299|0x000000064ac00000, 0x000000064ac00000, 0x000000064b000000|  0%| F|  |TAMS 0x000000064ac00000| PB 0x000000064ac00000| Untracked 
| 300|0x000000064b000000, 0x000000064b000000, 0x000000064b400000|  0%| F|  |TAMS 0x000000064b000000| PB 0x000000064b000000| Untracked 
| 301|0x000000064b400000, 0x000000064b400000, 0x000000064b800000|  0%| F|  |TAMS 0x000000064b400000| PB 0x000000064b400000| Untracked 
| 302|0x000000064b800000, 0x000000064b800000, 0x000000064bc00000|  0%| F|  |TAMS 0x000000064b800000| PB 0x000000064b800000| Untracked 
| 303|0x000000064bc00000, 0x000000064bc00000, 0x000000064c000000|  0%| F|  |TAMS 0x000000064bc00000| PB 0x000000064bc00000| Untracked 
| 304|0x000000064c000000, 0x000000064c000000, 0x000000064c400000|  0%| F|  |TAMS 0x000000064c000000| PB 0x000000064c000000| Untracked 
| 305|0x000000064c400000, 0x000000064c400000, 0x000000064c800000|  0%| F|  |TAMS 0x000000064c400000| PB 0x000000064c400000| Untracked 
| 306|0x000000064c800000, 0x000000064c800000, 0x000000064cc00000|  0%| F|  |TAMS 0x000000064c800000| PB 0x000000064c800000| Untracked 
| 307|0x000000064cc00000, 0x000000064cc00000, 0x000000064d000000|  0%| F|  |TAMS 0x000000064cc00000| PB 0x000000064cc00000| Untracked 
| 308|0x000000064d000000, 0x000000064d000000, 0x000000064d400000|  0%| F|  |TAMS 0x000000064d000000| PB 0x000000064d000000| Untracked 
| 309|0x000000064d400000, 0x000000064d400000, 0x000000064d800000|  0%| F|  |TAMS 0x000000064d400000| PB 0x000000064d400000| Untracked 
| 310|0x000000064d800000, 0x000000064d800000, 0x000000064dc00000|  0%| F|  |TAMS 0x000000064d800000| PB 0x000000064d800000| Untracked 
| 311|0x000000064dc00000, 0x000000064dc00000, 0x000000064e000000|  0%| F|  |TAMS 0x000000064dc00000| PB 0x000000064dc00000| Untracked 
| 312|0x000000064e000000, 0x000000064e000000, 0x000000064e400000|  0%| F|  |TAMS 0x000000064e000000| PB 0x000000064e000000| Untracked 
| 313|0x000000064e400000, 0x000000064e400000, 0x000000064e800000|  0%| F|  |TAMS 0x000000064e400000| PB 0x000000064e400000| Untracked 
| 314|0x000000064e800000, 0x000000064e800000, 0x000000064ec00000|  0%| F|  |TAMS 0x000000064e800000| PB 0x000000064e800000| Untracked 
| 315|0x000000064ec00000, 0x000000064ec00000, 0x000000064f000000|  0%| F|  |TAMS 0x000000064ec00000| PB 0x000000064ec00000| Untracked 
| 316|0x000000064f000000, 0x000000064f000000, 0x000000064f400000|  0%| F|  |TAMS 0x000000064f000000| PB 0x000000064f000000| Untracked 
| 317|0x000000064f400000, 0x000000064f400000, 0x000000064f800000|  0%| F|  |TAMS 0x000000064f400000| PB 0x000000064f400000| Untracked 
| 318|0x000000064f800000, 0x000000064f800000, 0x000000064fc00000|  0%| F|  |TAMS 0x000000064f800000| PB 0x000000064f800000| Untracked 
| 319|0x000000064fc00000, 0x000000064fc00000, 0x0000000650000000|  0%| F|  |TAMS 0x000000064fc00000| PB 0x000000064fc00000| Untracked 
| 320|0x0000000650000000, 0x0000000650000000, 0x0000000650400000|  0%| F|  |TAMS 0x0000000650000000| PB 0x0000000650000000| Untracked 
| 321|0x0000000650400000, 0x0000000650400000, 0x0000000650800000|  0%| F|  |TAMS 0x0000000650400000| PB 0x0000000650400000| Untracked 
| 322|0x0000000650800000, 0x0000000650800000, 0x0000000650c00000|  0%| F|  |TAMS 0x0000000650800000| PB 0x0000000650800000| Untracked 
| 323|0x0000000650c00000, 0x0000000650c00000, 0x0000000651000000|  0%| F|  |TAMS 0x0000000650c00000| PB 0x0000000650c00000| Untracked 
| 324|0x0000000651000000, 0x0000000651000000, 0x0000000651400000|  0%| F|  |TAMS 0x0000000651000000| PB 0x0000000651000000| Untracked 
| 325|0x0000000651400000, 0x0000000651400000, 0x0000000651800000|  0%| F|  |TAMS 0x0000000651400000| PB 0x0000000651400000| Untracked 
| 326|0x0000000651800000, 0x0000000651800000, 0x0000000651c00000|  0%| F|  |TAMS 0x0000000651800000| PB 0x0000000651800000| Untracked 
| 327|0x0000000651c00000, 0x0000000651c00000, 0x0000000652000000|  0%| F|  |TAMS 0x0000000651c00000| PB 0x0000000651c00000| Untracked 
| 328|0x0000000652000000, 0x0000000652000000, 0x0000000652400000|  0%| F|  |TAMS 0x0000000652000000| PB 0x0000000652000000| Untracked 
| 329|0x0000000652400000, 0x0000000652400000, 0x0000000652800000|  0%| F|  |TAMS 0x0000000652400000| PB 0x0000000652400000| Untracked 
| 330|0x0000000652800000, 0x0000000652800000, 0x0000000652c00000|  0%| F|  |TAMS 0x0000000652800000| PB 0x0000000652800000| Untracked 
| 331|0x0000000652c00000, 0x0000000652c00000, 0x0000000653000000|  0%| F|  |TAMS 0x0000000652c00000| PB 0x0000000652c00000| Untracked 
| 332|0x0000000653000000, 0x0000000653000000, 0x0000000653400000|  0%| F|  |TAMS 0x0000000653000000| PB 0x0000000653000000| Untracked 
| 333|0x0000000653400000, 0x0000000653400000, 0x0000000653800000|  0%| F|  |TAMS 0x0000000653400000| PB 0x0000000653400000| Untracked 
| 334|0x0000000653800000, 0x0000000653800000, 0x0000000653c00000|  0%| F|  |TAMS 0x0000000653800000| PB 0x0000000653800000| Untracked 
| 335|0x0000000653c00000, 0x0000000653c00000, 0x0000000654000000|  0%| F|  |TAMS 0x0000000653c00000| PB 0x0000000653c00000| Untracked 
| 336|0x0000000654000000, 0x0000000654000000, 0x0000000654400000|  0%| F|  |TAMS 0x0000000654000000| PB 0x0000000654000000| Untracked 
| 337|0x0000000654400000, 0x0000000654400000, 0x0000000654800000|  0%| F|  |TAMS 0x0000000654400000| PB 0x0000000654400000| Untracked 
| 338|0x0000000654800000, 0x0000000654800000, 0x0000000654c00000|  0%| F|  |TAMS 0x0000000654800000| PB 0x0000000654800000| Untracked 
| 339|0x0000000654c00000, 0x0000000654c00000, 0x0000000655000000|  0%| F|  |TAMS 0x0000000654c00000| PB 0x0000000654c00000| Untracked 
| 340|0x0000000655000000, 0x0000000655000000, 0x0000000655400000|  0%| F|  |TAMS 0x0000000655000000| PB 0x0000000655000000| Untracked 
| 341|0x0000000655400000, 0x0000000655400000, 0x0000000655800000|  0%| F|  |TAMS 0x0000000655400000| PB 0x0000000655400000| Untracked 
| 342|0x0000000655800000, 0x0000000655800000, 0x0000000655c00000|  0%| F|  |TAMS 0x0000000655800000| PB 0x0000000655800000| Untracked 
| 343|0x0000000655c00000, 0x0000000655c00000, 0x0000000656000000|  0%| F|  |TAMS 0x0000000655c00000| PB 0x0000000655c00000| Untracked 
| 344|0x0000000656000000, 0x0000000656000000, 0x0000000656400000|  0%| F|  |TAMS 0x0000000656000000| PB 0x0000000656000000| Untracked 
| 345|0x0000000656400000, 0x0000000656400000, 0x0000000656800000|  0%| F|  |TAMS 0x0000000656400000| PB 0x0000000656400000| Untracked 
| 346|0x0000000656800000, 0x0000000656800000, 0x0000000656c00000|  0%| F|  |TAMS 0x0000000656800000| PB 0x0000000656800000| Untracked 
| 347|0x0000000656c00000, 0x0000000656c00000, 0x0000000657000000|  0%| F|  |TAMS 0x0000000656c00000| PB 0x0000000656c00000| Untracked 
| 348|0x0000000657000000, 0x0000000657000000, 0x0000000657400000|  0%| F|  |TAMS 0x0000000657000000| PB 0x0000000657000000| Untracked 
| 349|0x0000000657400000, 0x0000000657400000, 0x0000000657800000|  0%| F|  |TAMS 0x0000000657400000| PB 0x0000000657400000| Untracked 
| 350|0x0000000657800000, 0x0000000657800000, 0x0000000657c00000|  0%| F|  |TAMS 0x0000000657800000| PB 0x0000000657800000| Untracked 
| 351|0x0000000657c00000, 0x0000000657c00000, 0x0000000658000000|  0%| F|  |TAMS 0x0000000657c00000| PB 0x0000000657c00000| Untracked 
| 352|0x0000000658000000, 0x0000000658000000, 0x0000000658400000|  0%| F|  |TAMS 0x0000000658000000| PB 0x0000000658000000| Untracked 
| 353|0x0000000658400000, 0x0000000658400000, 0x0000000658800000|  0%| F|  |TAMS 0x0000000658400000| PB 0x0000000658400000| Untracked 
| 354|0x0000000658800000, 0x0000000658800000, 0x0000000658c00000|  0%| F|  |TAMS 0x0000000658800000| PB 0x0000000658800000| Untracked 
| 355|0x0000000658c00000, 0x0000000658c00000, 0x0000000659000000|  0%| F|  |TAMS 0x0000000658c00000| PB 0x0000000658c00000| Untracked 
| 356|0x0000000659000000, 0x0000000659000000, 0x0000000659400000|  0%| F|  |TAMS 0x0000000659000000| PB 0x0000000659000000| Untracked 
| 357|0x0000000659400000, 0x0000000659400000, 0x0000000659800000|  0%| F|  |TAMS 0x0000000659400000| PB 0x0000000659400000| Untracked 
| 358|0x0000000659800000, 0x0000000659800000, 0x0000000659c00000|  0%| F|  |TAMS 0x0000000659800000| PB 0x0000000659800000| Untracked 
| 359|0x0000000659c00000, 0x0000000659c00000, 0x000000065a000000|  0%| F|  |TAMS 0x0000000659c00000| PB 0x0000000659c00000| Untracked 
| 360|0x000000065a000000, 0x000000065a000000, 0x000000065a400000|  0%| F|  |TAMS 0x000000065a000000| PB 0x000000065a000000| Untracked 
| 361|0x000000065a400000, 0x000000065a400000, 0x000000065a800000|  0%| F|  |TAMS 0x000000065a400000| PB 0x000000065a400000| Untracked 
| 362|0x000000065a800000, 0x000000065a800000, 0x000000065ac00000|  0%| F|  |TAMS 0x000000065a800000| PB 0x000000065a800000| Untracked 
| 363|0x000000065ac00000, 0x000000065ac00000, 0x000000065b000000|  0%| F|  |TAMS 0x000000065ac00000| PB 0x000000065ac00000| Untracked 
| 364|0x000000065b000000, 0x000000065b000000, 0x000000065b400000|  0%| F|  |TAMS 0x000000065b000000| PB 0x000000065b000000| Untracked 
| 365|0x000000065b400000, 0x000000065b400000, 0x000000065b800000|  0%| F|  |TAMS 0x000000065b400000| PB 0x000000065b400000| Untracked 
| 366|0x000000065b800000, 0x000000065b800000, 0x000000065bc00000|  0%| F|  |TAMS 0x000000065b800000| PB 0x000000065b800000| Untracked 
| 367|0x000000065bc00000, 0x000000065bc00000, 0x000000065c000000|  0%| F|  |TAMS 0x000000065bc00000| PB 0x000000065bc00000| Untracked 
| 368|0x000000065c000000, 0x000000065c000000, 0x000000065c400000|  0%| F|  |TAMS 0x000000065c000000| PB 0x000000065c000000| Untracked 
| 369|0x000000065c400000, 0x000000065c400000, 0x000000065c800000|  0%| F|  |TAMS 0x000000065c400000| PB 0x000000065c400000| Untracked 
| 370|0x000000065c800000, 0x000000065c800000, 0x000000065cc00000|  0%| F|  |TAMS 0x000000065c800000| PB 0x000000065c800000| Untracked 
| 371|0x000000065cc00000, 0x000000065cc00000, 0x000000065d000000|  0%| F|  |TAMS 0x000000065cc00000| PB 0x000000065cc00000| Untracked 
| 372|0x000000065d000000, 0x000000065d000000, 0x000000065d400000|  0%| F|  |TAMS 0x000000065d000000| PB 0x000000065d000000| Untracked 
| 373|0x000000065d400000, 0x000000065d400000, 0x000000065d800000|  0%| F|  |TAMS 0x000000065d400000| PB 0x000000065d400000| Untracked 
| 374|0x000000065d800000, 0x000000065d800000, 0x000000065dc00000|  0%| F|  |TAMS 0x000000065d800000| PB 0x000000065d800000| Untracked 
| 375|0x000000065dc00000, 0x000000065dc00000, 0x000000065e000000|  0%| F|  |TAMS 0x000000065dc00000| PB 0x000000065dc00000| Untracked 
| 376|0x000000065e000000, 0x000000065e000000, 0x000000065e400000|  0%| F|  |TAMS 0x000000065e000000| PB 0x000000065e000000| Untracked 
| 377|0x000000065e400000, 0x000000065e400000, 0x000000065e800000|  0%| F|  |TAMS 0x000000065e400000| PB 0x000000065e400000| Untracked 
| 378|0x000000065e800000, 0x000000065e800000, 0x000000065ec00000|  0%| F|  |TAMS 0x000000065e800000| PB 0x000000065e800000| Untracked 
| 379|0x000000065ec00000, 0x000000065ec00000, 0x000000065f000000|  0%| F|  |TAMS 0x000000065ec00000| PB 0x000000065ec00000| Untracked 
| 380|0x000000065f000000, 0x000000065f000000, 0x000000065f400000|  0%| F|  |TAMS 0x000000065f000000| PB 0x000000065f000000| Untracked 
| 381|0x000000065f400000, 0x000000065f400000, 0x000000065f800000|  0%| F|  |TAMS 0x000000065f400000| PB 0x000000065f400000| Untracked 
| 382|0x000000065f800000, 0x000000065f800000, 0x000000065fc00000|  0%| F|  |TAMS 0x000000065f800000| PB 0x000000065f800000| Untracked 
| 383|0x000000065fc00000, 0x000000065fc00000, 0x0000000660000000|  0%| F|  |TAMS 0x000000065fc00000| PB 0x000000065fc00000| Untracked 
| 384|0x0000000660000000, 0x0000000660000000, 0x0000000660400000|  0%| F|  |TAMS 0x0000000660000000| PB 0x0000000660000000| Untracked 
| 385|0x0000000660400000, 0x0000000660400000, 0x0000000660800000|  0%| F|  |TAMS 0x0000000660400000| PB 0x0000000660400000| Untracked 
| 386|0x0000000660800000, 0x0000000660800000, 0x0000000660c00000|  0%| F|  |TAMS 0x0000000660800000| PB 0x0000000660800000| Untracked 
| 387|0x0000000660c00000, 0x0000000660c00000, 0x0000000661000000|  0%| F|  |TAMS 0x0000000660c00000| PB 0x0000000660c00000| Untracked 
| 388|0x0000000661000000, 0x0000000661000000, 0x0000000661400000|  0%| F|  |TAMS 0x0000000661000000| PB 0x0000000661000000| Untracked 
| 389|0x0000000661400000, 0x0000000661400000, 0x0000000661800000|  0%| F|  |TAMS 0x0000000661400000| PB 0x0000000661400000| Untracked 
| 390|0x0000000661800000, 0x0000000661800000, 0x0000000661c00000|  0%| F|  |TAMS 0x0000000661800000| PB 0x0000000661800000| Untracked 
| 391|0x0000000661c00000, 0x0000000661c00000, 0x0000000662000000|  0%| F|  |TAMS 0x0000000661c00000| PB 0x0000000661c00000| Untracked 
| 392|0x0000000662000000, 0x0000000662000000, 0x0000000662400000|  0%| F|  |TAMS 0x0000000662000000| PB 0x0000000662000000| Untracked 
| 393|0x0000000662400000, 0x0000000662400000, 0x0000000662800000|  0%| F|  |TAMS 0x0000000662400000| PB 0x0000000662400000| Untracked 
| 394|0x0000000662800000, 0x0000000662800000, 0x0000000662c00000|  0%| F|  |TAMS 0x0000000662800000| PB 0x0000000662800000| Untracked 
| 395|0x0000000662c00000, 0x0000000662c00000, 0x0000000663000000|  0%| F|  |TAMS 0x0000000662c00000| PB 0x0000000662c00000| Untracked 
| 396|0x0000000663000000, 0x0000000663000000, 0x0000000663400000|  0%| F|  |TAMS 0x0000000663000000| PB 0x0000000663000000| Untracked 
| 397|0x0000000663400000, 0x0000000663400000, 0x0000000663800000|  0%| F|  |TAMS 0x0000000663400000| PB 0x0000000663400000| Untracked 
| 398|0x0000000663800000, 0x0000000663800000, 0x0000000663c00000|  0%| F|  |TAMS 0x0000000663800000| PB 0x0000000663800000| Untracked 
| 399|0x0000000663c00000, 0x0000000663c00000, 0x0000000664000000|  0%| F|  |TAMS 0x0000000663c00000| PB 0x0000000663c00000| Untracked 
| 400|0x0000000664000000, 0x0000000664000000, 0x0000000664400000|  0%| F|  |TAMS 0x0000000664000000| PB 0x0000000664000000| Untracked 
| 401|0x0000000664400000, 0x0000000664400000, 0x0000000664800000|  0%| F|  |TAMS 0x0000000664400000| PB 0x0000000664400000| Untracked 
| 402|0x0000000664800000, 0x0000000664800000, 0x0000000664c00000|  0%| F|  |TAMS 0x0000000664800000| PB 0x0000000664800000| Untracked 
| 403|0x0000000664c00000, 0x0000000664c00000, 0x0000000665000000|  0%| F|  |TAMS 0x0000000664c00000| PB 0x0000000664c00000| Untracked 
| 404|0x0000000665000000, 0x0000000665000000, 0x0000000665400000|  0%| F|  |TAMS 0x0000000665000000| PB 0x0000000665000000| Untracked 
| 405|0x0000000665400000, 0x0000000665400000, 0x0000000665800000|  0%| F|  |TAMS 0x0000000665400000| PB 0x0000000665400000| Untracked 
| 406|0x0000000665800000, 0x0000000665800000, 0x0000000665c00000|  0%| F|  |TAMS 0x0000000665800000| PB 0x0000000665800000| Untracked 
| 407|0x0000000665c00000, 0x0000000665c00000, 0x0000000666000000|  0%| F|  |TAMS 0x0000000665c00000| PB 0x0000000665c00000| Untracked 
| 408|0x0000000666000000, 0x0000000666000000, 0x0000000666400000|  0%| F|  |TAMS 0x0000000666000000| PB 0x0000000666000000| Untracked 
| 409|0x0000000666400000, 0x0000000666400000, 0x0000000666800000|  0%| F|  |TAMS 0x0000000666400000| PB 0x0000000666400000| Untracked 
| 410|0x0000000666800000, 0x0000000666800000, 0x0000000666c00000|  0%| F|  |TAMS 0x0000000666800000| PB 0x0000000666800000| Untracked 
| 411|0x0000000666c00000, 0x0000000666c00000, 0x0000000667000000|  0%| F|  |TAMS 0x0000000666c00000| PB 0x0000000666c00000| Untracked 
| 412|0x0000000667000000, 0x0000000667000000, 0x0000000667400000|  0%| F|  |TAMS 0x0000000667000000| PB 0x0000000667000000| Untracked 
| 413|0x0000000667400000, 0x0000000667400000, 0x0000000667800000|  0%| F|  |TAMS 0x0000000667400000| PB 0x0000000667400000| Untracked 
| 414|0x0000000667800000, 0x0000000667800000, 0x0000000667c00000|  0%| F|  |TAMS 0x0000000667800000| PB 0x0000000667800000| Untracked 
| 415|0x0000000667c00000, 0x0000000667c00000, 0x0000000668000000|  0%| F|  |TAMS 0x0000000667c00000| PB 0x0000000667c00000| Untracked 
| 416|0x0000000668000000, 0x0000000668000000, 0x0000000668400000|  0%| F|  |TAMS 0x0000000668000000| PB 0x0000000668000000| Untracked 
| 417|0x0000000668400000, 0x0000000668400000, 0x0000000668800000|  0%| F|  |TAMS 0x0000000668400000| PB 0x0000000668400000| Untracked 
| 418|0x0000000668800000, 0x0000000668800000, 0x0000000668c00000|  0%| F|  |TAMS 0x0000000668800000| PB 0x0000000668800000| Untracked 
| 419|0x0000000668c00000, 0x0000000668c00000, 0x0000000669000000|  0%| F|  |TAMS 0x0000000668c00000| PB 0x0000000668c00000| Untracked 
| 420|0x0000000669000000, 0x0000000669000000, 0x0000000669400000|  0%| F|  |TAMS 0x0000000669000000| PB 0x0000000669000000| Untracked 
| 421|0x0000000669400000, 0x0000000669400000, 0x0000000669800000|  0%| F|  |TAMS 0x0000000669400000| PB 0x0000000669400000| Untracked 
| 422|0x0000000669800000, 0x0000000669800000, 0x0000000669c00000|  0%| F|  |TAMS 0x0000000669800000| PB 0x0000000669800000| Untracked 
| 423|0x0000000669c00000, 0x0000000669c00000, 0x000000066a000000|  0%| F|  |TAMS 0x0000000669c00000| PB 0x0000000669c00000| Untracked 
| 424|0x000000066a000000, 0x000000066a000000, 0x000000066a400000|  0%| F|  |TAMS 0x000000066a000000| PB 0x000000066a000000| Untracked 
| 425|0x000000066a400000, 0x000000066a400000, 0x000000066a800000|  0%| F|  |TAMS 0x000000066a400000| PB 0x000000066a400000| Untracked 
| 426|0x000000066a800000, 0x000000066a800000, 0x000000066ac00000|  0%| F|  |TAMS 0x000000066a800000| PB 0x000000066a800000| Untracked 
| 427|0x000000066ac00000, 0x000000066ac00000, 0x000000066b000000|  0%| F|  |TAMS 0x000000066ac00000| PB 0x000000066ac00000| Untracked 
| 428|0x000000066b000000, 0x000000066b000000, 0x000000066b400000|  0%| F|  |TAMS 0x000000066b000000| PB 0x000000066b000000| Untracked 
| 429|0x000000066b400000, 0x000000066b400000, 0x000000066b800000|  0%| F|  |TAMS 0x000000066b400000| PB 0x000000066b400000| Untracked 
| 430|0x000000066b800000, 0x000000066b800000, 0x000000066bc00000|  0%| F|  |TAMS 0x000000066b800000| PB 0x000000066b800000| Untracked 
| 431|0x000000066bc00000, 0x000000066bc00000, 0x000000066c000000|  0%| F|  |TAMS 0x000000066bc00000| PB 0x000000066bc00000| Untracked 
| 432|0x000000066c000000, 0x000000066c000000, 0x000000066c400000|  0%| F|  |TAMS 0x000000066c000000| PB 0x000000066c000000| Untracked 
| 433|0x000000066c400000, 0x000000066c400000, 0x000000066c800000|  0%| F|  |TAMS 0x000000066c400000| PB 0x000000066c400000| Untracked 
| 434|0x000000066c800000, 0x000000066c800000, 0x000000066cc00000|  0%| F|  |TAMS 0x000000066c800000| PB 0x000000066c800000| Untracked 
| 435|0x000000066cc00000, 0x000000066cc00000, 0x000000066d000000|  0%| F|  |TAMS 0x000000066cc00000| PB 0x000000066cc00000| Untracked 
| 436|0x000000066d000000, 0x000000066d000000, 0x000000066d400000|  0%| F|  |TAMS 0x000000066d000000| PB 0x000000066d000000| Untracked 
| 437|0x000000066d400000, 0x000000066d400000, 0x000000066d800000|  0%| F|  |TAMS 0x000000066d400000| PB 0x000000066d400000| Untracked 
| 438|0x000000066d800000, 0x000000066d800000, 0x000000066dc00000|  0%| F|  |TAMS 0x000000066d800000| PB 0x000000066d800000| Untracked 
| 439|0x000000066dc00000, 0x000000066dc00000, 0x000000066e000000|  0%| F|  |TAMS 0x000000066dc00000| PB 0x000000066dc00000| Untracked 
| 440|0x000000066e000000, 0x000000066e000000, 0x000000066e400000|  0%| F|  |TAMS 0x000000066e000000| PB 0x000000066e000000| Untracked 
| 441|0x000000066e400000, 0x000000066e400000, 0x000000066e800000|  0%| F|  |TAMS 0x000000066e400000| PB 0x000000066e400000| Untracked 
| 442|0x000000066e800000, 0x000000066e800000, 0x000000066ec00000|  0%| F|  |TAMS 0x000000066e800000| PB 0x000000066e800000| Untracked 
| 443|0x000000066ec00000, 0x000000066ec00000, 0x000000066f000000|  0%| F|  |TAMS 0x000000066ec00000| PB 0x000000066ec00000| Untracked 
| 444|0x000000066f000000, 0x000000066f000000, 0x000000066f400000|  0%| F|  |TAMS 0x000000066f000000| PB 0x000000066f000000| Untracked 
| 445|0x000000066f400000, 0x000000066f400000, 0x000000066f800000|  0%| F|  |TAMS 0x000000066f400000| PB 0x000000066f400000| Untracked 
| 446|0x000000066f800000, 0x000000066f800000, 0x000000066fc00000|  0%| F|  |TAMS 0x000000066f800000| PB 0x000000066f800000| Untracked 
| 447|0x000000066fc00000, 0x000000066fc00000, 0x0000000670000000|  0%| F|  |TAMS 0x000000066fc00000| PB 0x000000066fc00000| Untracked 
| 448|0x0000000670000000, 0x0000000670000000, 0x0000000670400000|  0%| F|  |TAMS 0x0000000670000000| PB 0x0000000670000000| Untracked 
| 449|0x0000000670400000, 0x0000000670400000, 0x0000000670800000|  0%| F|  |TAMS 0x0000000670400000| PB 0x0000000670400000| Untracked 
| 450|0x0000000670800000, 0x0000000670800000, 0x0000000670c00000|  0%| F|  |TAMS 0x0000000670800000| PB 0x0000000670800000| Untracked 
| 451|0x0000000670c00000, 0x0000000670c00000, 0x0000000671000000|  0%| F|  |TAMS 0x0000000670c00000| PB 0x0000000670c00000| Untracked 
| 452|0x0000000671000000, 0x0000000671000000, 0x0000000671400000|  0%| F|  |TAMS 0x0000000671000000| PB 0x0000000671000000| Untracked 
| 453|0x0000000671400000, 0x0000000671400000, 0x0000000671800000|  0%| F|  |TAMS 0x0000000671400000| PB 0x0000000671400000| Untracked 
| 454|0x0000000671800000, 0x0000000671800000, 0x0000000671c00000|  0%| F|  |TAMS 0x0000000671800000| PB 0x0000000671800000| Untracked 
| 455|0x0000000671c00000, 0x0000000671c00000, 0x0000000672000000|  0%| F|  |TAMS 0x0000000671c00000| PB 0x0000000671c00000| Untracked 
| 456|0x0000000672000000, 0x0000000672000000, 0x0000000672400000|  0%| F|  |TAMS 0x0000000672000000| PB 0x0000000672000000| Untracked 
| 457|0x0000000672400000, 0x0000000672400000, 0x0000000672800000|  0%| F|  |TAMS 0x0000000672400000| PB 0x0000000672400000| Untracked 
| 458|0x0000000672800000, 0x0000000672800000, 0x0000000672c00000|  0%| F|  |TAMS 0x0000000672800000| PB 0x0000000672800000| Untracked 
| 459|0x0000000672c00000, 0x0000000672c00000, 0x0000000673000000|  0%| F|  |TAMS 0x0000000672c00000| PB 0x0000000672c00000| Untracked 
| 460|0x0000000673000000, 0x0000000673000000, 0x0000000673400000|  0%| F|  |TAMS 0x0000000673000000| PB 0x0000000673000000| Untracked 
| 461|0x0000000673400000, 0x0000000673400000, 0x0000000673800000|  0%| F|  |TAMS 0x0000000673400000| PB 0x0000000673400000| Untracked 
| 462|0x0000000673800000, 0x0000000673800000, 0x0000000673c00000|  0%| F|  |TAMS 0x0000000673800000| PB 0x0000000673800000| Untracked 
| 463|0x0000000673c00000, 0x0000000673c00000, 0x0000000674000000|  0%| F|  |TAMS 0x0000000673c00000| PB 0x0000000673c00000| Untracked 
| 464|0x0000000674000000, 0x0000000674000000, 0x0000000674400000|  0%| F|  |TAMS 0x0000000674000000| PB 0x0000000674000000| Untracked 
| 465|0x0000000674400000, 0x0000000674400000, 0x0000000674800000|  0%| F|  |TAMS 0x0000000674400000| PB 0x0000000674400000| Untracked 
| 466|0x0000000674800000, 0x0000000674800000, 0x0000000674c00000|  0%| F|  |TAMS 0x0000000674800000| PB 0x0000000674800000| Untracked 
| 467|0x0000000674c00000, 0x0000000674c00000, 0x0000000675000000|  0%| F|  |TAMS 0x0000000674c00000| PB 0x0000000674c00000| Untracked 
| 468|0x0000000675000000, 0x0000000675000000, 0x0000000675400000|  0%| F|  |TAMS 0x0000000675000000| PB 0x0000000675000000| Untracked 
| 469|0x0000000675400000, 0x0000000675400000, 0x0000000675800000|  0%| F|  |TAMS 0x0000000675400000| PB 0x0000000675400000| Untracked 
| 470|0x0000000675800000, 0x0000000675800000, 0x0000000675c00000|  0%| F|  |TAMS 0x0000000675800000| PB 0x0000000675800000| Untracked 
| 471|0x0000000675c00000, 0x0000000675c00000, 0x0000000676000000|  0%| F|  |TAMS 0x0000000675c00000| PB 0x0000000675c00000| Untracked 
| 472|0x0000000676000000, 0x0000000676000000, 0x0000000676400000|  0%| F|  |TAMS 0x0000000676000000| PB 0x0000000676000000| Untracked 
| 473|0x0000000676400000, 0x0000000676400000, 0x0000000676800000|  0%| F|  |TAMS 0x0000000676400000| PB 0x0000000676400000| Untracked 
| 474|0x0000000676800000, 0x0000000676800000, 0x0000000676c00000|  0%| F|  |TAMS 0x0000000676800000| PB 0x0000000676800000| Untracked 
| 475|0x0000000676c00000, 0x0000000676c00000, 0x0000000677000000|  0%| F|  |TAMS 0x0000000676c00000| PB 0x0000000676c00000| Untracked 
| 476|0x0000000677000000, 0x0000000677000000, 0x0000000677400000|  0%| F|  |TAMS 0x0000000677000000| PB 0x0000000677000000| Untracked 
| 477|0x0000000677400000, 0x0000000677400000, 0x0000000677800000|  0%| F|  |TAMS 0x0000000677400000| PB 0x0000000677400000| Untracked 
| 478|0x0000000677800000, 0x0000000677800000, 0x0000000677c00000|  0%| F|  |TAMS 0x0000000677800000| PB 0x0000000677800000| Untracked 
| 479|0x0000000677c00000, 0x0000000677c00000, 0x0000000678000000|  0%| F|  |TAMS 0x0000000677c00000| PB 0x0000000677c00000| Untracked 
| 480|0x0000000678000000, 0x0000000678000000, 0x0000000678400000|  0%| F|  |TAMS 0x0000000678000000| PB 0x0000000678000000| Untracked 
| 481|0x0000000678400000, 0x0000000678400000, 0x0000000678800000|  0%| F|  |TAMS 0x0000000678400000| PB 0x0000000678400000| Untracked 
| 482|0x0000000678800000, 0x0000000678800000, 0x0000000678c00000|  0%| F|  |TAMS 0x0000000678800000| PB 0x0000000678800000| Untracked 
| 483|0x0000000678c00000, 0x0000000678c00000, 0x0000000679000000|  0%| F|  |TAMS 0x0000000678c00000| PB 0x0000000678c00000| Untracked 
| 484|0x0000000679000000, 0x0000000679000000, 0x0000000679400000|  0%| F|  |TAMS 0x0000000679000000| PB 0x0000000679000000| Untracked 
| 485|0x0000000679400000, 0x0000000679400000, 0x0000000679800000|  0%| F|  |TAMS 0x0000000679400000| PB 0x0000000679400000| Untracked 
| 486|0x0000000679800000, 0x0000000679800000, 0x0000000679c00000|  0%| F|  |TAMS 0x0000000679800000| PB 0x0000000679800000| Untracked 
| 487|0x0000000679c00000, 0x0000000679c00000, 0x000000067a000000|  0%| F|  |TAMS 0x0000000679c00000| PB 0x0000000679c00000| Untracked 
| 488|0x000000067a000000, 0x000000067a000000, 0x000000067a400000|  0%| F|  |TAMS 0x000000067a000000| PB 0x000000067a000000| Untracked 
| 489|0x000000067a400000, 0x000000067a400000, 0x000000067a800000|  0%| F|  |TAMS 0x000000067a400000| PB 0x000000067a400000| Untracked 
| 490|0x000000067a800000, 0x000000067a800000, 0x000000067ac00000|  0%| F|  |TAMS 0x000000067a800000| PB 0x000000067a800000| Untracked 
| 491|0x000000067ac00000, 0x000000067ac00000, 0x000000067b000000|  0%| F|  |TAMS 0x000000067ac00000| PB 0x000000067ac00000| Untracked 
| 492|0x000000067b000000, 0x000000067b400000, 0x000000067b400000|100%| S|CS|TAMS 0x000000067b000000| PB 0x000000067b000000| Complete 
| 493|0x000000067b400000, 0x000000067b800000, 0x000000067b800000|100%| S|CS|TAMS 0x000000067b400000| PB 0x000000067b400000| Complete 
| 494|0x000000067b800000, 0x000000067bc00000, 0x000000067bc00000|100%| S|CS|TAMS 0x000000067b800000| PB 0x000000067b800000| Complete 
| 495|0x000000067bc00000, 0x000000067bc00000, 0x000000067c000000|  0%| F|  |TAMS 0x000000067bc00000| PB 0x000000067bc00000| Untracked 
| 496|0x000000067c000000, 0x000000067c000000, 0x000000067c400000|  0%| F|  |TAMS 0x000000067c000000| PB 0x000000067c000000| Untracked 
| 497|0x000000067c400000, 0x000000067c400000, 0x000000067c800000|  0%| F|  |TAMS 0x000000067c400000| PB 0x000000067c400000| Untracked 
| 498|0x000000067c800000, 0x000000067c800000, 0x000000067cc00000|  0%| F|  |TAMS 0x000000067c800000| PB 0x000000067c800000| Untracked 
| 499|0x000000067cc00000, 0x000000067cc00000, 0x000000067d000000|  0%| F|  |TAMS 0x000000067cc00000| PB 0x000000067cc00000| Untracked 
| 500|0x000000067d000000, 0x000000067d000000, 0x000000067d400000|  0%| F|  |TAMS 0x000000067d000000| PB 0x000000067d000000| Untracked 
| 501|0x000000067d400000, 0x000000067d400000, 0x000000067d800000|  0%| F|  |TAMS 0x000000067d400000| PB 0x000000067d400000| Untracked 
| 502|0x000000067d800000, 0x000000067d800000, 0x000000067dc00000|  0%| F|  |TAMS 0x000000067d800000| PB 0x000000067d800000| Untracked 
| 503|0x000000067dc00000, 0x000000067dc00000, 0x000000067e000000|  0%| F|  |TAMS 0x000000067dc00000| PB 0x000000067dc00000| Untracked 
| 504|0x000000067e000000, 0x000000067e000000, 0x000000067e400000|  0%| F|  |TAMS 0x000000067e000000| PB 0x000000067e000000| Untracked 
| 505|0x000000067e400000, 0x000000067e400000, 0x000000067e800000|  0%| F|  |TAMS 0x000000067e400000| PB 0x000000067e400000| Untracked 
| 506|0x000000067e800000, 0x000000067e800000, 0x000000067ec00000|  0%| F|  |TAMS 0x000000067e800000| PB 0x000000067e800000| Untracked 
| 507|0x000000067ec00000, 0x000000067ec00000, 0x000000067f000000|  0%| F|  |TAMS 0x000000067ec00000| PB 0x000000067ec00000| Untracked 
| 508|0x000000067f000000, 0x000000067f000000, 0x000000067f400000|  0%| F|  |TAMS 0x000000067f000000| PB 0x000000067f000000| Untracked 
| 509|0x000000067f400000, 0x000000067f400000, 0x000000067f800000|  0%| F|  |TAMS 0x000000067f400000| PB 0x000000067f400000| Untracked 
| 510|0x000000067f800000, 0x000000067f800000, 0x000000067fc00000|  0%| F|  |TAMS 0x000000067f800000| PB 0x000000067f800000| Untracked 
| 511|0x000000067fc00000, 0x000000067fc00000, 0x0000000680000000|  0%| F|  |TAMS 0x000000067fc00000| PB 0x000000067fc00000| Untracked 
| 512|0x0000000680000000, 0x0000000680000000, 0x0000000680400000|  0%| F|  |TAMS 0x0000000680000000| PB 0x0000000680000000| Untracked 
| 513|0x0000000680400000, 0x0000000680400000, 0x0000000680800000|  0%| F|  |TAMS 0x0000000680400000| PB 0x0000000680400000| Untracked 
| 514|0x0000000680800000, 0x0000000680800000, 0x0000000680c00000|  0%| F|  |TAMS 0x0000000680800000| PB 0x0000000680800000| Untracked 
| 515|0x0000000680c00000, 0x0000000680c00000, 0x0000000681000000|  0%| F|  |TAMS 0x0000000680c00000| PB 0x0000000680c00000| Untracked 
| 516|0x0000000681000000, 0x0000000681000000, 0x0000000681400000|  0%| F|  |TAMS 0x0000000681000000| PB 0x0000000681000000| Untracked 
| 517|0x0000000681400000, 0x0000000681400000, 0x0000000681800000|  0%| F|  |TAMS 0x0000000681400000| PB 0x0000000681400000| Untracked 
| 518|0x0000000681800000, 0x0000000681800000, 0x0000000681c00000|  0%| F|  |TAMS 0x0000000681800000| PB 0x0000000681800000| Untracked 
| 519|0x0000000681c00000, 0x0000000681c00000, 0x0000000682000000|  0%| F|  |TAMS 0x0000000681c00000| PB 0x0000000681c00000| Untracked 
| 520|0x0000000682000000, 0x0000000682000000, 0x0000000682400000|  0%| F|  |TAMS 0x0000000682000000| PB 0x0000000682000000| Untracked 
| 521|0x0000000682400000, 0x0000000682400000, 0x0000000682800000|  0%| F|  |TAMS 0x0000000682400000| PB 0x0000000682400000| Untracked 
| 522|0x0000000682800000, 0x0000000682800000, 0x0000000682c00000|  0%| F|  |TAMS 0x0000000682800000| PB 0x0000000682800000| Untracked 
| 523|0x0000000682c00000, 0x0000000682c00000, 0x0000000683000000|  0%| F|  |TAMS 0x0000000682c00000| PB 0x0000000682c00000| Untracked 
| 524|0x0000000683000000, 0x0000000683000000, 0x0000000683400000|  0%| F|  |TAMS 0x0000000683000000| PB 0x0000000683000000| Untracked 
| 525|0x0000000683400000, 0x0000000683400000, 0x0000000683800000|  0%| F|  |TAMS 0x0000000683400000| PB 0x0000000683400000| Untracked 
| 526|0x0000000683800000, 0x0000000683800000, 0x0000000683c00000|  0%| F|  |TAMS 0x0000000683800000| PB 0x0000000683800000| Untracked 
| 527|0x0000000683c00000, 0x0000000683c00000, 0x0000000684000000|  0%| F|  |TAMS 0x0000000683c00000| PB 0x0000000683c00000| Untracked 
| 528|0x0000000684000000, 0x0000000684000000, 0x0000000684400000|  0%| F|  |TAMS 0x0000000684000000| PB 0x0000000684000000| Untracked 
| 529|0x0000000684400000, 0x0000000684400000, 0x0000000684800000|  0%| F|  |TAMS 0x0000000684400000| PB 0x0000000684400000| Untracked 
| 530|0x0000000684800000, 0x0000000684800000, 0x0000000684c00000|  0%| F|  |TAMS 0x0000000684800000| PB 0x0000000684800000| Untracked 
| 531|0x0000000684c00000, 0x0000000684c00000, 0x0000000685000000|  0%| F|  |TAMS 0x0000000684c00000| PB 0x0000000684c00000| Untracked 
| 532|0x0000000685000000, 0x0000000685000000, 0x0000000685400000|  0%| F|  |TAMS 0x0000000685000000| PB 0x0000000685000000| Untracked 
| 533|0x0000000685400000, 0x0000000685400000, 0x0000000685800000|  0%| F|  |TAMS 0x0000000685400000| PB 0x0000000685400000| Untracked 
| 534|0x0000000685800000, 0x0000000685800000, 0x0000000685c00000|  0%| F|  |TAMS 0x0000000685800000| PB 0x0000000685800000| Untracked 
| 535|0x0000000685c00000, 0x0000000685c00000, 0x0000000686000000|  0%| F|  |TAMS 0x0000000685c00000| PB 0x0000000685c00000| Untracked 
| 536|0x0000000686000000, 0x0000000686000000, 0x0000000686400000|  0%| F|  |TAMS 0x0000000686000000| PB 0x0000000686000000| Untracked 
| 537|0x0000000686400000, 0x0000000686400000, 0x0000000686800000|  0%| F|  |TAMS 0x0000000686400000| PB 0x0000000686400000| Untracked 
| 538|0x0000000686800000, 0x0000000686800000, 0x0000000686c00000|  0%| F|  |TAMS 0x0000000686800000| PB 0x0000000686800000| Untracked 
| 539|0x0000000686c00000, 0x0000000686c00000, 0x0000000687000000|  0%| F|  |TAMS 0x0000000686c00000| PB 0x0000000686c00000| Untracked 
| 540|0x0000000687000000, 0x0000000687000000, 0x0000000687400000|  0%| F|  |TAMS 0x0000000687000000| PB 0x0000000687000000| Untracked 
| 541|0x0000000687400000, 0x0000000687400000, 0x0000000687800000|  0%| F|  |TAMS 0x0000000687400000| PB 0x0000000687400000| Untracked 
| 542|0x0000000687800000, 0x0000000687800000, 0x0000000687c00000|  0%| F|  |TAMS 0x0000000687800000| PB 0x0000000687800000| Untracked 
| 543|0x0000000687c00000, 0x0000000687c00000, 0x0000000688000000|  0%| F|  |TAMS 0x0000000687c00000| PB 0x0000000687c00000| Untracked 
| 544|0x0000000688000000, 0x0000000688000000, 0x0000000688400000|  0%| F|  |TAMS 0x0000000688000000| PB 0x0000000688000000| Untracked 
| 545|0x0000000688400000, 0x0000000688400000, 0x0000000688800000|  0%| F|  |TAMS 0x0000000688400000| PB 0x0000000688400000| Untracked 
| 546|0x0000000688800000, 0x0000000688800000, 0x0000000688c00000|  0%| F|  |TAMS 0x0000000688800000| PB 0x0000000688800000| Untracked 
| 547|0x0000000688c00000, 0x0000000688c00000, 0x0000000689000000|  0%| F|  |TAMS 0x0000000688c00000| PB 0x0000000688c00000| Untracked 
| 548|0x0000000689000000, 0x0000000689000000, 0x0000000689400000|  0%| F|  |TAMS 0x0000000689000000| PB 0x0000000689000000| Untracked 
| 549|0x0000000689400000, 0x0000000689400000, 0x0000000689800000|  0%| F|  |TAMS 0x0000000689400000| PB 0x0000000689400000| Untracked 
| 550|0x0000000689800000, 0x0000000689800000, 0x0000000689c00000|  0%| F|  |TAMS 0x0000000689800000| PB 0x0000000689800000| Untracked 
| 551|0x0000000689c00000, 0x0000000689c00000, 0x000000068a000000|  0%| F|  |TAMS 0x0000000689c00000| PB 0x0000000689c00000| Untracked 
| 552|0x000000068a000000, 0x000000068a000000, 0x000000068a400000|  0%| F|  |TAMS 0x000000068a000000| PB 0x000000068a000000| Untracked 
| 553|0x000000068a400000, 0x000000068a400000, 0x000000068a800000|  0%| F|  |TAMS 0x000000068a400000| PB 0x000000068a400000| Untracked 
| 554|0x000000068a800000, 0x000000068a800000, 0x000000068ac00000|  0%| F|  |TAMS 0x000000068a800000| PB 0x000000068a800000| Untracked 
| 555|0x000000068ac00000, 0x000000068ac00000, 0x000000068b000000|  0%| F|  |TAMS 0x000000068ac00000| PB 0x000000068ac00000| Untracked 
| 556|0x000000068b000000, 0x000000068b000000, 0x000000068b400000|  0%| F|  |TAMS 0x000000068b000000| PB 0x000000068b000000| Untracked 
| 557|0x000000068b400000, 0x000000068b400000, 0x000000068b800000|  0%| F|  |TAMS 0x000000068b400000| PB 0x000000068b400000| Untracked 
| 558|0x000000068b800000, 0x000000068b800000, 0x000000068bc00000|  0%| F|  |TAMS 0x000000068b800000| PB 0x000000068b800000| Untracked 
| 559|0x000000068bc00000, 0x000000068bc00000, 0x000000068c000000|  0%| F|  |TAMS 0x000000068bc00000| PB 0x000000068bc00000| Untracked 
| 560|0x000000068c000000, 0x000000068c000000, 0x000000068c400000|  0%| F|  |TAMS 0x000000068c000000| PB 0x000000068c000000| Untracked 
| 561|0x000000068c400000, 0x000000068c400000, 0x000000068c800000|  0%| F|  |TAMS 0x000000068c400000| PB 0x000000068c400000| Untracked 
| 562|0x000000068c800000, 0x000000068c800000, 0x000000068cc00000|  0%| F|  |TAMS 0x000000068c800000| PB 0x000000068c800000| Untracked 
| 563|0x000000068cc00000, 0x000000068cc00000, 0x000000068d000000|  0%| F|  |TAMS 0x000000068cc00000| PB 0x000000068cc00000| Untracked 
| 564|0x000000068d000000, 0x000000068d000000, 0x000000068d400000|  0%| F|  |TAMS 0x000000068d000000| PB 0x000000068d000000| Untracked 
| 565|0x000000068d400000, 0x000000068d400000, 0x000000068d800000|  0%| F|  |TAMS 0x000000068d400000| PB 0x000000068d400000| Untracked 
| 566|0x000000068d800000, 0x000000068d800000, 0x000000068dc00000|  0%| F|  |TAMS 0x000000068d800000| PB 0x000000068d800000| Untracked 
| 567|0x000000068dc00000, 0x000000068dc00000, 0x000000068e000000|  0%| F|  |TAMS 0x000000068dc00000| PB 0x000000068dc00000| Untracked 
| 568|0x000000068e000000, 0x000000068e000000, 0x000000068e400000|  0%| F|  |TAMS 0x000000068e000000| PB 0x000000068e000000| Untracked 
| 569|0x000000068e400000, 0x000000068e400000, 0x000000068e800000|  0%| F|  |TAMS 0x000000068e400000| PB 0x000000068e400000| Untracked 
| 570|0x000000068e800000, 0x000000068e800000, 0x000000068ec00000|  0%| F|  |TAMS 0x000000068e800000| PB 0x000000068e800000| Untracked 
| 571|0x000000068ec00000, 0x000000068ec00000, 0x000000068f000000|  0%| F|  |TAMS 0x000000068ec00000| PB 0x000000068ec00000| Untracked 
| 572|0x000000068f000000, 0x000000068f000000, 0x000000068f400000|  0%| F|  |TAMS 0x000000068f000000| PB 0x000000068f000000| Untracked 
| 573|0x000000068f400000, 0x000000068f400000, 0x000000068f800000|  0%| F|  |TAMS 0x000000068f400000| PB 0x000000068f400000| Untracked 
| 574|0x000000068f800000, 0x000000068f800000, 0x000000068fc00000|  0%| F|  |TAMS 0x000000068f800000| PB 0x000000068f800000| Untracked 
| 575|0x000000068fc00000, 0x000000068fc00000, 0x0000000690000000|  0%| F|  |TAMS 0x000000068fc00000| PB 0x000000068fc00000| Untracked 
| 576|0x0000000690000000, 0x0000000690000000, 0x0000000690400000|  0%| F|  |TAMS 0x0000000690000000| PB 0x0000000690000000| Untracked 
| 577|0x0000000690400000, 0x0000000690400000, 0x0000000690800000|  0%| F|  |TAMS 0x0000000690400000| PB 0x0000000690400000| Untracked 
| 578|0x0000000690800000, 0x0000000690800000, 0x0000000690c00000|  0%| F|  |TAMS 0x0000000690800000| PB 0x0000000690800000| Untracked 
| 579|0x0000000690c00000, 0x0000000690c00000, 0x0000000691000000|  0%| F|  |TAMS 0x0000000690c00000| PB 0x0000000690c00000| Untracked 
| 580|0x0000000691000000, 0x0000000691000000, 0x0000000691400000|  0%| F|  |TAMS 0x0000000691000000| PB 0x0000000691000000| Untracked 
| 581|0x0000000691400000, 0x0000000691400000, 0x0000000691800000|  0%| F|  |TAMS 0x0000000691400000| PB 0x0000000691400000| Untracked 
| 582|0x0000000691800000, 0x0000000691800000, 0x0000000691c00000|  0%| F|  |TAMS 0x0000000691800000| PB 0x0000000691800000| Untracked 
| 583|0x0000000691c00000, 0x0000000691c00000, 0x0000000692000000|  0%| F|  |TAMS 0x0000000691c00000| PB 0x0000000691c00000| Untracked 
| 584|0x0000000692000000, 0x0000000692000000, 0x0000000692400000|  0%| F|  |TAMS 0x0000000692000000| PB 0x0000000692000000| Untracked 
| 585|0x0000000692400000, 0x0000000692400000, 0x0000000692800000|  0%| F|  |TAMS 0x0000000692400000| PB 0x0000000692400000| Untracked 
| 586|0x0000000692800000, 0x0000000692800000, 0x0000000692c00000|  0%| F|  |TAMS 0x0000000692800000| PB 0x0000000692800000| Untracked 
| 587|0x0000000692c00000, 0x0000000692c00000, 0x0000000693000000|  0%| F|  |TAMS 0x0000000692c00000| PB 0x0000000692c00000| Untracked 
| 588|0x0000000693000000, 0x0000000693000000, 0x0000000693400000|  0%| F|  |TAMS 0x0000000693000000| PB 0x0000000693000000| Untracked 
| 589|0x0000000693400000, 0x0000000693400000, 0x0000000693800000|  0%| F|  |TAMS 0x0000000693400000| PB 0x0000000693400000| Untracked 
| 590|0x0000000693800000, 0x0000000693800000, 0x0000000693c00000|  0%| F|  |TAMS 0x0000000693800000| PB 0x0000000693800000| Untracked 
| 591|0x0000000693c00000, 0x0000000693c00000, 0x0000000694000000|  0%| F|  |TAMS 0x0000000693c00000| PB 0x0000000693c00000| Untracked 
| 592|0x0000000694000000, 0x0000000694000000, 0x0000000694400000|  0%| F|  |TAMS 0x0000000694000000| PB 0x0000000694000000| Untracked 
| 593|0x0000000694400000, 0x0000000694400000, 0x0000000694800000|  0%| F|  |TAMS 0x0000000694400000| PB 0x0000000694400000| Untracked 
| 594|0x0000000694800000, 0x0000000694800000, 0x0000000694c00000|  0%| F|  |TAMS 0x0000000694800000| PB 0x0000000694800000| Untracked 
| 595|0x0000000694c00000, 0x0000000694c00000, 0x0000000695000000|  0%| F|  |TAMS 0x0000000694c00000| PB 0x0000000694c00000| Untracked 
| 596|0x0000000695000000, 0x0000000695000000, 0x0000000695400000|  0%| F|  |TAMS 0x0000000695000000| PB 0x0000000695000000| Untracked 
| 597|0x0000000695400000, 0x0000000695400000, 0x0000000695800000|  0%| F|  |TAMS 0x0000000695400000| PB 0x0000000695400000| Untracked 
| 598|0x0000000695800000, 0x0000000695800000, 0x0000000695c00000|  0%| F|  |TAMS 0x0000000695800000| PB 0x0000000695800000| Untracked 
| 599|0x0000000695c00000, 0x0000000695c00000, 0x0000000696000000|  0%| F|  |TAMS 0x0000000695c00000| PB 0x0000000695c00000| Untracked 
| 600|0x0000000696000000, 0x0000000696000000, 0x0000000696400000|  0%| F|  |TAMS 0x0000000696000000| PB 0x0000000696000000| Untracked 
| 601|0x0000000696400000, 0x0000000696400000, 0x0000000696800000|  0%| F|  |TAMS 0x0000000696400000| PB 0x0000000696400000| Untracked 
| 602|0x0000000696800000, 0x0000000696800000, 0x0000000696c00000|  0%| F|  |TAMS 0x0000000696800000| PB 0x0000000696800000| Untracked 
| 603|0x0000000696c00000, 0x0000000696c00000, 0x0000000697000000|  0%| F|  |TAMS 0x0000000696c00000| PB 0x0000000696c00000| Untracked 
| 604|0x0000000697000000, 0x0000000697000000, 0x0000000697400000|  0%| F|  |TAMS 0x0000000697000000| PB 0x0000000697000000| Untracked 
| 605|0x0000000697400000, 0x0000000697400000, 0x0000000697800000|  0%| F|  |TAMS 0x0000000697400000| PB 0x0000000697400000| Untracked 
| 606|0x0000000697800000, 0x0000000697800000, 0x0000000697c00000|  0%| F|  |TAMS 0x0000000697800000| PB 0x0000000697800000| Untracked 
| 607|0x0000000697c00000, 0x0000000697c00000, 0x0000000698000000|  0%| F|  |TAMS 0x0000000697c00000| PB 0x0000000697c00000| Untracked 
| 608|0x0000000698000000, 0x0000000698000000, 0x0000000698400000|  0%| F|  |TAMS 0x0000000698000000| PB 0x0000000698000000| Untracked 
| 609|0x0000000698400000, 0x0000000698400000, 0x0000000698800000|  0%| F|  |TAMS 0x0000000698400000| PB 0x0000000698400000| Untracked 
| 610|0x0000000698800000, 0x0000000698800000, 0x0000000698c00000|  0%| F|  |TAMS 0x0000000698800000| PB 0x0000000698800000| Untracked 
| 611|0x0000000698c00000, 0x0000000698c00000, 0x0000000699000000|  0%| F|  |TAMS 0x0000000698c00000| PB 0x0000000698c00000| Untracked 
| 612|0x0000000699000000, 0x0000000699000000, 0x0000000699400000|  0%| F|  |TAMS 0x0000000699000000| PB 0x0000000699000000| Untracked 
| 613|0x0000000699400000, 0x0000000699400000, 0x0000000699800000|  0%| F|  |TAMS 0x0000000699400000| PB 0x0000000699400000| Untracked 
| 614|0x0000000699800000, 0x0000000699800000, 0x0000000699c00000|  0%| F|  |TAMS 0x0000000699800000| PB 0x0000000699800000| Untracked 
| 615|0x0000000699c00000, 0x0000000699c00000, 0x000000069a000000|  0%| F|  |TAMS 0x0000000699c00000| PB 0x0000000699c00000| Untracked 
| 616|0x000000069a000000, 0x000000069a000000, 0x000000069a400000|  0%| F|  |TAMS 0x000000069a000000| PB 0x000000069a000000| Untracked 
| 617|0x000000069a400000, 0x000000069a400000, 0x000000069a800000|  0%| F|  |TAMS 0x000000069a400000| PB 0x000000069a400000| Untracked 
| 618|0x000000069a800000, 0x000000069a800000, 0x000000069ac00000|  0%| F|  |TAMS 0x000000069a800000| PB 0x000000069a800000| Untracked 
| 619|0x000000069ac00000, 0x000000069ac00000, 0x000000069b000000|  0%| F|  |TAMS 0x000000069ac00000| PB 0x000000069ac00000| Untracked 
| 620|0x000000069b000000, 0x000000069b000000, 0x000000069b400000|  0%| F|  |TAMS 0x000000069b000000| PB 0x000000069b000000| Untracked 
| 621|0x000000069b400000, 0x000000069b400000, 0x000000069b800000|  0%| F|  |TAMS 0x000000069b400000| PB 0x000000069b400000| Untracked 
| 622|0x000000069b800000, 0x000000069b800000, 0x000000069bc00000|  0%| F|  |TAMS 0x000000069b800000| PB 0x000000069b800000| Untracked 
| 623|0x000000069bc00000, 0x000000069bc00000, 0x000000069c000000|  0%| F|  |TAMS 0x000000069bc00000| PB 0x000000069bc00000| Untracked 
| 624|0x000000069c000000, 0x000000069c000000, 0x000000069c400000|  0%| F|  |TAMS 0x000000069c000000| PB 0x000000069c000000| Untracked 
| 625|0x000000069c400000, 0x000000069c400000, 0x000000069c800000|  0%| F|  |TAMS 0x000000069c400000| PB 0x000000069c400000| Untracked 
| 626|0x000000069c800000, 0x000000069c800000, 0x000000069cc00000|  0%| F|  |TAMS 0x000000069c800000| PB 0x000000069c800000| Untracked 
| 627|0x000000069cc00000, 0x000000069cc00000, 0x000000069d000000|  0%| F|  |TAMS 0x000000069cc00000| PB 0x000000069cc00000| Untracked 
| 628|0x000000069d000000, 0x000000069d000000, 0x000000069d400000|  0%| F|  |TAMS 0x000000069d000000| PB 0x000000069d000000| Untracked 
| 629|0x000000069d400000, 0x000000069d400000, 0x000000069d800000|  0%| F|  |TAMS 0x000000069d400000| PB 0x000000069d400000| Untracked 
| 630|0x000000069d800000, 0x000000069d800000, 0x000000069dc00000|  0%| F|  |TAMS 0x000000069d800000| PB 0x000000069d800000| Untracked 
| 631|0x000000069dc00000, 0x000000069dc00000, 0x000000069e000000|  0%| F|  |TAMS 0x000000069dc00000| PB 0x000000069dc00000| Untracked 
| 632|0x000000069e000000, 0x000000069e000000, 0x000000069e400000|  0%| F|  |TAMS 0x000000069e000000| PB 0x000000069e000000| Untracked 
| 633|0x000000069e400000, 0x000000069e400000, 0x000000069e800000|  0%| F|  |TAMS 0x000000069e400000| PB 0x000000069e400000| Untracked 
| 634|0x000000069e800000, 0x000000069e800000, 0x000000069ec00000|  0%| F|  |TAMS 0x000000069e800000| PB 0x000000069e800000| Untracked 
| 635|0x000000069ec00000, 0x000000069ec00000, 0x000000069f000000|  0%| F|  |TAMS 0x000000069ec00000| PB 0x000000069ec00000| Untracked 
| 636|0x000000069f000000, 0x000000069f000000, 0x000000069f400000|  0%| F|  |TAMS 0x000000069f000000| PB 0x000000069f000000| Untracked 
| 637|0x000000069f400000, 0x000000069f400000, 0x000000069f800000|  0%| F|  |TAMS 0x000000069f400000| PB 0x000000069f400000| Untracked 
| 638|0x000000069f800000, 0x000000069f800000, 0x000000069fc00000|  0%| F|  |TAMS 0x000000069f800000| PB 0x000000069f800000| Untracked 
| 639|0x000000069fc00000, 0x000000069fc00000, 0x00000006a0000000|  0%| F|  |TAMS 0x000000069fc00000| PB 0x000000069fc00000| Untracked 
| 640|0x00000006a0000000, 0x00000006a0000000, 0x00000006a0400000|  0%| F|  |TAMS 0x00000006a0000000| PB 0x00000006a0000000| Untracked 
| 641|0x00000006a0400000, 0x00000006a0400000, 0x00000006a0800000|  0%| F|  |TAMS 0x00000006a0400000| PB 0x00000006a0400000| Untracked 
| 642|0x00000006a0800000, 0x00000006a0800000, 0x00000006a0c00000|  0%| F|  |TAMS 0x00000006a0800000| PB 0x00000006a0800000| Untracked 
| 643|0x00000006a0c00000, 0x00000006a0c00000, 0x00000006a1000000|  0%| F|  |TAMS 0x00000006a0c00000| PB 0x00000006a0c00000| Untracked 
| 644|0x00000006a1000000, 0x00000006a1000000, 0x00000006a1400000|  0%| F|  |TAMS 0x00000006a1000000| PB 0x00000006a1000000| Untracked 
| 645|0x00000006a1400000, 0x00000006a1400000, 0x00000006a1800000|  0%| F|  |TAMS 0x00000006a1400000| PB 0x00000006a1400000| Untracked 
| 646|0x00000006a1800000, 0x00000006a1800000, 0x00000006a1c00000|  0%| F|  |TAMS 0x00000006a1800000| PB 0x00000006a1800000| Untracked 
| 647|0x00000006a1c00000, 0x00000006a1c00000, 0x00000006a2000000|  0%| F|  |TAMS 0x00000006a1c00000| PB 0x00000006a1c00000| Untracked 
| 648|0x00000006a2000000, 0x00000006a2000000, 0x00000006a2400000|  0%| F|  |TAMS 0x00000006a2000000| PB 0x00000006a2000000| Untracked 
| 649|0x00000006a2400000, 0x00000006a2400000, 0x00000006a2800000|  0%| F|  |TAMS 0x00000006a2400000| PB 0x00000006a2400000| Untracked 
| 650|0x00000006a2800000, 0x00000006a2800000, 0x00000006a2c00000|  0%| F|  |TAMS 0x00000006a2800000| PB 0x00000006a2800000| Untracked 
| 651|0x00000006a2c00000, 0x00000006a2c00000, 0x00000006a3000000|  0%| F|  |TAMS 0x00000006a2c00000| PB 0x00000006a2c00000| Untracked 
| 652|0x00000006a3000000, 0x00000006a3000000, 0x00000006a3400000|  0%| F|  |TAMS 0x00000006a3000000| PB 0x00000006a3000000| Untracked 
| 653|0x00000006a3400000, 0x00000006a3400000, 0x00000006a3800000|  0%| F|  |TAMS 0x00000006a3400000| PB 0x00000006a3400000| Untracked 
| 654|0x00000006a3800000, 0x00000006a3800000, 0x00000006a3c00000|  0%| F|  |TAMS 0x00000006a3800000| PB 0x00000006a3800000| Untracked 
| 655|0x00000006a3c00000, 0x00000006a3c00000, 0x00000006a4000000|  0%| F|  |TAMS 0x00000006a3c00000| PB 0x00000006a3c00000| Untracked 
| 656|0x00000006a4000000, 0x00000006a4000000, 0x00000006a4400000|  0%| F|  |TAMS 0x00000006a4000000| PB 0x00000006a4000000| Untracked 
| 657|0x00000006a4400000, 0x00000006a4400000, 0x00000006a4800000|  0%| F|  |TAMS 0x00000006a4400000| PB 0x00000006a4400000| Untracked 
| 658|0x00000006a4800000, 0x00000006a4800000, 0x00000006a4c00000|  0%| F|  |TAMS 0x00000006a4800000| PB 0x00000006a4800000| Untracked 
| 659|0x00000006a4c00000, 0x00000006a4c00000, 0x00000006a5000000|  0%| F|  |TAMS 0x00000006a4c00000| PB 0x00000006a4c00000| Untracked 
| 660|0x00000006a5000000, 0x00000006a5000000, 0x00000006a5400000|  0%| F|  |TAMS 0x00000006a5000000| PB 0x00000006a5000000| Untracked 
| 661|0x00000006a5400000, 0x00000006a5400000, 0x00000006a5800000|  0%| F|  |TAMS 0x00000006a5400000| PB 0x00000006a5400000| Untracked 
| 662|0x00000006a5800000, 0x00000006a5800000, 0x00000006a5c00000|  0%| F|  |TAMS 0x00000006a5800000| PB 0x00000006a5800000| Untracked 
| 663|0x00000006a5c00000, 0x00000006a5c00000, 0x00000006a6000000|  0%| F|  |TAMS 0x00000006a5c00000| PB 0x00000006a5c00000| Untracked 
| 664|0x00000006a6000000, 0x00000006a6000000, 0x00000006a6400000|  0%| F|  |TAMS 0x00000006a6000000| PB 0x00000006a6000000| Untracked 
| 665|0x00000006a6400000, 0x00000006a6400000, 0x00000006a6800000|  0%| F|  |TAMS 0x00000006a6400000| PB 0x00000006a6400000| Untracked 
| 666|0x00000006a6800000, 0x00000006a6800000, 0x00000006a6c00000|  0%| F|  |TAMS 0x00000006a6800000| PB 0x00000006a6800000| Untracked 
| 667|0x00000006a6c00000, 0x00000006a6c00000, 0x00000006a7000000|  0%| F|  |TAMS 0x00000006a6c00000| PB 0x00000006a6c00000| Untracked 
| 668|0x00000006a7000000, 0x00000006a7000000, 0x00000006a7400000|  0%| F|  |TAMS 0x00000006a7000000| PB 0x00000006a7000000| Untracked 
| 669|0x00000006a7400000, 0x00000006a7400000, 0x00000006a7800000|  0%| F|  |TAMS 0x00000006a7400000| PB 0x00000006a7400000| Untracked 
| 670|0x00000006a7800000, 0x00000006a7800000, 0x00000006a7c00000|  0%| F|  |TAMS 0x00000006a7800000| PB 0x00000006a7800000| Untracked 
| 671|0x00000006a7c00000, 0x00000006a7c00000, 0x00000006a8000000|  0%| F|  |TAMS 0x00000006a7c00000| PB 0x00000006a7c00000| Untracked 
| 672|0x00000006a8000000, 0x00000006a8000000, 0x00000006a8400000|  0%| F|  |TAMS 0x00000006a8000000| PB 0x00000006a8000000| Untracked 
| 673|0x00000006a8400000, 0x00000006a8400000, 0x00000006a8800000|  0%| F|  |TAMS 0x00000006a8400000| PB 0x00000006a8400000| Untracked 
| 674|0x00000006a8800000, 0x00000006a8800000, 0x00000006a8c00000|  0%| F|  |TAMS 0x00000006a8800000| PB 0x00000006a8800000| Untracked 
| 675|0x00000006a8c00000, 0x00000006a8c00000, 0x00000006a9000000|  0%| F|  |TAMS 0x00000006a8c00000| PB 0x00000006a8c00000| Untracked 
| 676|0x00000006a9000000, 0x00000006a9000000, 0x00000006a9400000|  0%| F|  |TAMS 0x00000006a9000000| PB 0x00000006a9000000| Untracked 
| 677|0x00000006a9400000, 0x00000006a9400000, 0x00000006a9800000|  0%| F|  |TAMS 0x00000006a9400000| PB 0x00000006a9400000| Untracked 
| 678|0x00000006a9800000, 0x00000006a9800000, 0x00000006a9c00000|  0%| F|  |TAMS 0x00000006a9800000| PB 0x00000006a9800000| Untracked 
| 679|0x00000006a9c00000, 0x00000006a9c00000, 0x00000006aa000000|  0%| F|  |TAMS 0x00000006a9c00000| PB 0x00000006a9c00000| Untracked 
| 680|0x00000006aa000000, 0x00000006aa000000, 0x00000006aa400000|  0%| F|  |TAMS 0x00000006aa000000| PB 0x00000006aa000000| Untracked 
| 681|0x00000006aa400000, 0x00000006aa400000, 0x00000006aa800000|  0%| F|  |TAMS 0x00000006aa400000| PB 0x00000006aa400000| Untracked 
| 682|0x00000006aa800000, 0x00000006aa800000, 0x00000006aac00000|  0%| F|  |TAMS 0x00000006aa800000| PB 0x00000006aa800000| Untracked 
| 683|0x00000006aac00000, 0x00000006aac00000, 0x00000006ab000000|  0%| F|  |TAMS 0x00000006aac00000| PB 0x00000006aac00000| Untracked 
| 684|0x00000006ab000000, 0x00000006ab000000, 0x00000006ab400000|  0%| F|  |TAMS 0x00000006ab000000| PB 0x00000006ab000000| Untracked 
| 685|0x00000006ab400000, 0x00000006ab400000, 0x00000006ab800000|  0%| F|  |TAMS 0x00000006ab400000| PB 0x00000006ab400000| Untracked 
| 686|0x00000006ab800000, 0x00000006ab800000, 0x00000006abc00000|  0%| F|  |TAMS 0x00000006ab800000| PB 0x00000006ab800000| Untracked 
| 687|0x00000006abc00000, 0x00000006abc00000, 0x00000006ac000000|  0%| F|  |TAMS 0x00000006abc00000| PB 0x00000006abc00000| Untracked 
| 688|0x00000006ac000000, 0x00000006ac000000, 0x00000006ac400000|  0%| F|  |TAMS 0x00000006ac000000| PB 0x00000006ac000000| Untracked 
| 689|0x00000006ac400000, 0x00000006ac400000, 0x00000006ac800000|  0%| F|  |TAMS 0x00000006ac400000| PB 0x00000006ac400000| Untracked 
| 690|0x00000006ac800000, 0x00000006ac800000, 0x00000006acc00000|  0%| F|  |TAMS 0x00000006ac800000| PB 0x00000006ac800000| Untracked 
| 691|0x00000006acc00000, 0x00000006acc00000, 0x00000006ad000000|  0%| F|  |TAMS 0x00000006acc00000| PB 0x00000006acc00000| Untracked 
| 692|0x00000006ad000000, 0x00000006ad000000, 0x00000006ad400000|  0%| F|  |TAMS 0x00000006ad000000| PB 0x00000006ad000000| Untracked 
| 693|0x00000006ad400000, 0x00000006ad400000, 0x00000006ad800000|  0%| F|  |TAMS 0x00000006ad400000| PB 0x00000006ad400000| Untracked 
| 694|0x00000006ad800000, 0x00000006ad800000, 0x00000006adc00000|  0%| F|  |TAMS 0x00000006ad800000| PB 0x00000006ad800000| Untracked 
| 695|0x00000006adc00000, 0x00000006adc00000, 0x00000006ae000000|  0%| F|  |TAMS 0x00000006adc00000| PB 0x00000006adc00000| Untracked 
| 696|0x00000006ae000000, 0x00000006ae000000, 0x00000006ae400000|  0%| F|  |TAMS 0x00000006ae000000| PB 0x00000006ae000000| Untracked 
| 697|0x00000006ae400000, 0x00000006ae400000, 0x00000006ae800000|  0%| F|  |TAMS 0x00000006ae400000| PB 0x00000006ae400000| Untracked 
| 698|0x00000006ae800000, 0x00000006ae800000, 0x00000006aec00000|  0%| F|  |TAMS 0x00000006ae800000| PB 0x00000006ae800000| Untracked 
| 699|0x00000006aec00000, 0x00000006aec00000, 0x00000006af000000|  0%| F|  |TAMS 0x00000006aec00000| PB 0x00000006aec00000| Untracked 
| 700|0x00000006af000000, 0x00000006af000000, 0x00000006af400000|  0%| F|  |TAMS 0x00000006af000000| PB 0x00000006af000000| Untracked 
| 701|0x00000006af400000, 0x00000006af400000, 0x00000006af800000|  0%| F|  |TAMS 0x00000006af400000| PB 0x00000006af400000| Untracked 
| 702|0x00000006af800000, 0x00000006af800000, 0x00000006afc00000|  0%| F|  |TAMS 0x00000006af800000| PB 0x00000006af800000| Untracked 
| 703|0x00000006afc00000, 0x00000006afc00000, 0x00000006b0000000|  0%| F|  |TAMS 0x00000006afc00000| PB 0x00000006afc00000| Untracked 
| 704|0x00000006b0000000, 0x00000006b0000000, 0x00000006b0400000|  0%| F|  |TAMS 0x00000006b0000000| PB 0x00000006b0000000| Untracked 
| 705|0x00000006b0400000, 0x00000006b0400000, 0x00000006b0800000|  0%| F|  |TAMS 0x00000006b0400000| PB 0x00000006b0400000| Untracked 
| 706|0x00000006b0800000, 0x00000006b0800000, 0x00000006b0c00000|  0%| F|  |TAMS 0x00000006b0800000| PB 0x00000006b0800000| Untracked 
| 707|0x00000006b0c00000, 0x00000006b0c00000, 0x00000006b1000000|  0%| F|  |TAMS 0x00000006b0c00000| PB 0x00000006b0c00000| Untracked 
| 708|0x00000006b1000000, 0x00000006b1000000, 0x00000006b1400000|  0%| F|  |TAMS 0x00000006b1000000| PB 0x00000006b1000000| Untracked 
| 709|0x00000006b1400000, 0x00000006b1400000, 0x00000006b1800000|  0%| F|  |TAMS 0x00000006b1400000| PB 0x00000006b1400000| Untracked 
| 710|0x00000006b1800000, 0x00000006b1800000, 0x00000006b1c00000|  0%| F|  |TAMS 0x00000006b1800000| PB 0x00000006b1800000| Untracked 
| 711|0x00000006b1c00000, 0x00000006b1c00000, 0x00000006b2000000|  0%| F|  |TAMS 0x00000006b1c00000| PB 0x00000006b1c00000| Untracked 
| 712|0x00000006b2000000, 0x00000006b2000000, 0x00000006b2400000|  0%| F|  |TAMS 0x00000006b2000000| PB 0x00000006b2000000| Untracked 
| 713|0x00000006b2400000, 0x00000006b2400000, 0x00000006b2800000|  0%| F|  |TAMS 0x00000006b2400000| PB 0x00000006b2400000| Untracked 
| 714|0x00000006b2800000, 0x00000006b2800000, 0x00000006b2c00000|  0%| F|  |TAMS 0x00000006b2800000| PB 0x00000006b2800000| Untracked 
| 715|0x00000006b2c00000, 0x00000006b2c00000, 0x00000006b3000000|  0%| F|  |TAMS 0x00000006b2c00000| PB 0x00000006b2c00000| Untracked 
| 716|0x00000006b3000000, 0x00000006b3000000, 0x00000006b3400000|  0%| F|  |TAMS 0x00000006b3000000| PB 0x00000006b3000000| Untracked 
| 717|0x00000006b3400000, 0x00000006b3400000, 0x00000006b3800000|  0%| F|  |TAMS 0x00000006b3400000| PB 0x00000006b3400000| Untracked 
| 718|0x00000006b3800000, 0x00000006b38a4248, 0x00000006b3c00000| 16%| E|  |TAMS 0x00000006b3800000| PB 0x00000006b3800000| Complete 
| 719|0x00000006b3c00000, 0x00000006b4000000, 0x00000006b4000000|100%| E|  |TAMS 0x00000006b3c00000| PB 0x00000006b3c00000| Complete 
| 720|0x00000006b4000000, 0x00000006b4400000, 0x00000006b4400000|100%| E|CS|TAMS 0x00000006b4000000| PB 0x00000006b4000000| Complete 
| 721|0x00000006b4400000, 0x00000006b4800000, 0x00000006b4800000|100%| E|CS|TAMS 0x00000006b4400000| PB 0x00000006b4400000| Complete 
| 722|0x00000006b4800000, 0x00000006b4c00000, 0x00000006b4c00000|100%| E|CS|TAMS 0x00000006b4800000| PB 0x00000006b4800000| Complete 
| 723|0x00000006b4c00000, 0x00000006b5000000, 0x00000006b5000000|100%| E|CS|TAMS 0x00000006b4c00000| PB 0x00000006b4c00000| Complete 
| 724|0x00000006b5000000, 0x00000006b5400000, 0x00000006b5400000|100%| E|CS|TAMS 0x00000006b5000000| PB 0x00000006b5000000| Complete 
| 725|0x00000006b5400000, 0x00000006b5800000, 0x00000006b5800000|100%| E|CS|TAMS 0x00000006b5400000| PB 0x00000006b5400000| Complete 
| 726|0x00000006b5800000, 0x00000006b5c00000, 0x00000006b5c00000|100%| E|CS|TAMS 0x00000006b5800000| PB 0x00000006b5800000| Complete 
| 727|0x00000006b5c00000, 0x00000006b6000000, 0x00000006b6000000|100%| E|CS|TAMS 0x00000006b5c00000| PB 0x00000006b5c00000| Complete 
| 728|0x00000006b6000000, 0x00000006b6400000, 0x00000006b6400000|100%| E|CS|TAMS 0x00000006b6000000| PB 0x00000006b6000000| Complete 
| 729|0x00000006b6400000, 0x00000006b6800000, 0x00000006b6800000|100%| E|CS|TAMS 0x00000006b6400000| PB 0x00000006b6400000| Complete 
| 730|0x00000006b6800000, 0x00000006b6c00000, 0x00000006b6c00000|100%| E|CS|TAMS 0x00000006b6800000| PB 0x00000006b6800000| Complete 
| 731|0x00000006b6c00000, 0x00000006b7000000, 0x00000006b7000000|100%| E|CS|TAMS 0x00000006b6c00000| PB 0x00000006b6c00000| Complete 
| 732|0x00000006b7000000, 0x00000006b7400000, 0x00000006b7400000|100%| E|CS|TAMS 0x00000006b7000000| PB 0x00000006b7000000| Complete 
| 733|0x00000006b7400000, 0x00000006b7800000, 0x00000006b7800000|100%| E|CS|TAMS 0x00000006b7400000| PB 0x00000006b7400000| Complete 
| 734|0x00000006b7800000, 0x00000006b7c00000, 0x00000006b7c00000|100%| E|CS|TAMS 0x00000006b7800000| PB 0x00000006b7800000| Complete 
| 735|0x00000006b7c00000, 0x00000006b8000000, 0x00000006b8000000|100%| E|CS|TAMS 0x00000006b7c00000| PB 0x00000006b7c00000| Complete 
| 736|0x00000006b8000000, 0x00000006b8400000, 0x00000006b8400000|100%| E|CS|TAMS 0x00000006b8000000| PB 0x00000006b8000000| Complete 
| 737|0x00000006b8400000, 0x00000006b8800000, 0x00000006b8800000|100%| E|CS|TAMS 0x00000006b8400000| PB 0x00000006b8400000| Complete 
| 738|0x00000006b8800000, 0x00000006b8c00000, 0x00000006b8c00000|100%| E|CS|TAMS 0x00000006b8800000| PB 0x00000006b8800000| Complete 
| 739|0x00000006b8c00000, 0x00000006b9000000, 0x00000006b9000000|100%| E|CS|TAMS 0x00000006b8c00000| PB 0x00000006b8c00000| Complete 
| 740|0x00000006b9000000, 0x00000006b9400000, 0x00000006b9400000|100%| E|CS|TAMS 0x00000006b9000000| PB 0x00000006b9000000| Complete 
| 741|0x00000006b9400000, 0x00000006b9800000, 0x00000006b9800000|100%| E|CS|TAMS 0x00000006b9400000| PB 0x00000006b9400000| Complete 
| 742|0x00000006b9800000, 0x00000006b9c00000, 0x00000006b9c00000|100%| E|CS|TAMS 0x00000006b9800000| PB 0x00000006b9800000| Complete 
| 743|0x00000006b9c00000, 0x00000006ba000000, 0x00000006ba000000|100%| E|CS|TAMS 0x00000006b9c00000| PB 0x00000006b9c00000| Complete 
| 744|0x00000006ba000000, 0x00000006ba400000, 0x00000006ba400000|100%| E|CS|TAMS 0x00000006ba000000| PB 0x00000006ba000000| Complete 
| 745|0x00000006ba400000, 0x00000006ba800000, 0x00000006ba800000|100%| E|CS|TAMS 0x00000006ba400000| PB 0x00000006ba400000| Complete 
| 746|0x00000006ba800000, 0x00000006bac00000, 0x00000006bac00000|100%| E|CS|TAMS 0x00000006ba800000| PB 0x00000006ba800000| Complete 
| 747|0x00000006bac00000, 0x00000006bb000000, 0x00000006bb000000|100%| E|CS|TAMS 0x00000006bac00000| PB 0x00000006bac00000| Complete 
| 748|0x00000006bb000000, 0x00000006bb400000, 0x00000006bb400000|100%| E|CS|TAMS 0x00000006bb000000| PB 0x00000006bb000000| Complete 
| 749|0x00000006bb400000, 0x00000006bb800000, 0x00000006bb800000|100%| E|CS|TAMS 0x00000006bb400000| PB 0x00000006bb400000| Complete 
| 750|0x00000006bb800000, 0x00000006bbc00000, 0x00000006bbc00000|100%| E|CS|TAMS 0x00000006bb800000| PB 0x00000006bb800000| Complete 
| 751|0x00000006bbc00000, 0x00000006bc000000, 0x00000006bc000000|100%| E|CS|TAMS 0x00000006bbc00000| PB 0x00000006bbc00000| Complete 
| 752|0x00000006bc000000, 0x00000006bc400000, 0x00000006bc400000|100%| E|CS|TAMS 0x00000006bc000000| PB 0x00000006bc000000| Complete 
| 753|0x00000006bc400000, 0x00000006bc800000, 0x00000006bc800000|100%| E|CS|TAMS 0x00000006bc400000| PB 0x00000006bc400000| Complete 
| 754|0x00000006bc800000, 0x00000006bcc00000, 0x00000006bcc00000|100%| E|CS|TAMS 0x00000006bc800000| PB 0x00000006bc800000| Complete 
| 755|0x00000006bcc00000, 0x00000006bd000000, 0x00000006bd000000|100%| E|CS|TAMS 0x00000006bcc00000| PB 0x00000006bcc00000| Complete 
| 756|0x00000006bd000000, 0x00000006bd400000, 0x00000006bd400000|100%| E|CS|TAMS 0x00000006bd000000| PB 0x00000006bd000000| Complete 
| 757|0x00000006bd400000, 0x00000006bd800000, 0x00000006bd800000|100%| E|CS|TAMS 0x00000006bd400000| PB 0x00000006bd400000| Complete 
| 758|0x00000006bd800000, 0x00000006bdc00000, 0x00000006bdc00000|100%| E|CS|TAMS 0x00000006bd800000| PB 0x00000006bd800000| Complete 
| 759|0x00000006bdc00000, 0x00000006be000000, 0x00000006be000000|100%| E|CS|TAMS 0x00000006bdc00000| PB 0x00000006bdc00000| Complete 
| 760|0x00000006be000000, 0x00000006be400000, 0x00000006be400000|100%| E|CS|TAMS 0x00000006be000000| PB 0x00000006be000000| Complete 
| 761|0x00000006be400000, 0x00000006be800000, 0x00000006be800000|100%| E|CS|TAMS 0x00000006be400000| PB 0x00000006be400000| Complete 
| 762|0x00000006be800000, 0x00000006bec00000, 0x00000006bec00000|100%| E|CS|TAMS 0x00000006be800000| PB 0x00000006be800000| Complete 
| 763|0x00000006bec00000, 0x00000006bf000000, 0x00000006bf000000|100%| E|CS|TAMS 0x00000006bec00000| PB 0x00000006bec00000| Complete 
| 764|0x00000006bf000000, 0x00000006bf400000, 0x00000006bf400000|100%| E|CS|TAMS 0x00000006bf000000| PB 0x00000006bf000000| Complete 
| 765|0x00000006bf400000, 0x00000006bf800000, 0x00000006bf800000|100%| E|CS|TAMS 0x00000006bf400000| PB 0x00000006bf400000| Complete 
| 766|0x00000006bf800000, 0x00000006bfc00000, 0x00000006bfc00000|100%| E|CS|TAMS 0x00000006bf800000| PB 0x00000006bf800000| Complete 
| 767|0x00000006bfc00000, 0x00000006c0000000, 0x00000006c0000000|100%| E|CS|TAMS 0x00000006bfc00000| PB 0x00000006bfc00000| Complete 
| 768|0x00000006c0000000, 0x00000006c0400000, 0x00000006c0400000|100%| E|CS|TAMS 0x00000006c0000000| PB 0x00000006c0000000| Complete 
| 769|0x00000006c0400000, 0x00000006c0800000, 0x00000006c0800000|100%| E|CS|TAMS 0x00000006c0400000| PB 0x00000006c0400000| Complete 
| 770|0x00000006c0800000, 0x00000006c0c00000, 0x00000006c0c00000|100%| E|CS|TAMS 0x00000006c0800000| PB 0x00000006c0800000| Complete 
| 771|0x00000006c0c00000, 0x00000006c1000000, 0x00000006c1000000|100%| E|CS|TAMS 0x00000006c0c00000| PB 0x00000006c0c00000| Complete 
| 772|0x00000006c1000000, 0x00000006c1400000, 0x00000006c1400000|100%| E|CS|TAMS 0x00000006c1000000| PB 0x00000006c1000000| Complete 
| 773|0x00000006c1400000, 0x00000006c1800000, 0x00000006c1800000|100%| E|CS|TAMS 0x00000006c1400000| PB 0x00000006c1400000| Complete 
| 774|0x00000006c1800000, 0x00000006c1c00000, 0x00000006c1c00000|100%| E|CS|TAMS 0x00000006c1800000| PB 0x00000006c1800000| Complete 
| 775|0x00000006c1c00000, 0x00000006c2000000, 0x00000006c2000000|100%| E|CS|TAMS 0x00000006c1c00000| PB 0x00000006c1c00000| Complete 
| 776|0x00000006c2000000, 0x00000006c2400000, 0x00000006c2400000|100%| E|CS|TAMS 0x00000006c2000000| PB 0x00000006c2000000| Complete 
| 777|0x00000006c2400000, 0x00000006c2800000, 0x00000006c2800000|100%| E|CS|TAMS 0x00000006c2400000| PB 0x00000006c2400000| Complete 
| 778|0x00000006c2800000, 0x00000006c2c00000, 0x00000006c2c00000|100%| E|CS|TAMS 0x00000006c2800000| PB 0x00000006c2800000| Complete 
| 779|0x00000006c2c00000, 0x00000006c3000000, 0x00000006c3000000|100%| E|CS|TAMS 0x00000006c2c00000| PB 0x00000006c2c00000| Complete 
| 780|0x00000006c3000000, 0x00000006c3400000, 0x00000006c3400000|100%| E|CS|TAMS 0x00000006c3000000| PB 0x00000006c3000000| Complete 
| 781|0x00000006c3400000, 0x00000006c3800000, 0x00000006c3800000|100%| E|CS|TAMS 0x00000006c3400000| PB 0x00000006c3400000| Complete 
| 782|0x00000006c3800000, 0x00000006c3c00000, 0x00000006c3c00000|100%| E|CS|TAMS 0x00000006c3800000| PB 0x00000006c3800000| Complete 
| 783|0x00000006c3c00000, 0x00000006c4000000, 0x00000006c4000000|100%| E|CS|TAMS 0x00000006c3c00000| PB 0x00000006c3c00000| Complete 
| 784|0x00000006c4000000, 0x00000006c4400000, 0x00000006c4400000|100%| E|CS|TAMS 0x00000006c4000000| PB 0x00000006c4000000| Complete 
| 785|0x00000006c4400000, 0x00000006c4800000, 0x00000006c4800000|100%| E|CS|TAMS 0x00000006c4400000| PB 0x00000006c4400000| Complete 
| 786|0x00000006c4800000, 0x00000006c4c00000, 0x00000006c4c00000|100%| E|CS|TAMS 0x00000006c4800000| PB 0x00000006c4800000| Complete 
| 787|0x00000006c4c00000, 0x00000006c5000000, 0x00000006c5000000|100%| E|CS|TAMS 0x00000006c4c00000| PB 0x00000006c4c00000| Complete 
| 788|0x00000006c5000000, 0x00000006c5400000, 0x00000006c5400000|100%| E|CS|TAMS 0x00000006c5000000| PB 0x00000006c5000000| Complete 
| 789|0x00000006c5400000, 0x00000006c5800000, 0x00000006c5800000|100%| E|CS|TAMS 0x00000006c5400000| PB 0x00000006c5400000| Complete 
| 790|0x00000006c5800000, 0x00000006c5c00000, 0x00000006c5c00000|100%| E|CS|TAMS 0x00000006c5800000| PB 0x00000006c5800000| Complete 
| 791|0x00000006c5c00000, 0x00000006c6000000, 0x00000006c6000000|100%| E|CS|TAMS 0x00000006c5c00000| PB 0x00000006c5c00000| Complete 
| 792|0x00000006c6000000, 0x00000006c6400000, 0x00000006c6400000|100%| E|CS|TAMS 0x00000006c6000000| PB 0x00000006c6000000| Complete 
| 793|0x00000006c6400000, 0x00000006c6800000, 0x00000006c6800000|100%| E|CS|TAMS 0x00000006c6400000| PB 0x00000006c6400000| Complete 
| 794|0x00000006c6800000, 0x00000006c6c00000, 0x00000006c6c00000|100%| E|CS|TAMS 0x00000006c6800000| PB 0x00000006c6800000| Complete 
| 795|0x00000006c6c00000, 0x00000006c7000000, 0x00000006c7000000|100%| E|CS|TAMS 0x00000006c6c00000| PB 0x00000006c6c00000| Complete 
| 796|0x00000006c7000000, 0x00000006c7400000, 0x00000006c7400000|100%| E|CS|TAMS 0x00000006c7000000| PB 0x00000006c7000000| Complete 
| 797|0x00000006c7400000, 0x00000006c7800000, 0x00000006c7800000|100%| E|CS|TAMS 0x00000006c7400000| PB 0x00000006c7400000| Complete 
| 798|0x00000006c7800000, 0x00000006c7c00000, 0x00000006c7c00000|100%| E|CS|TAMS 0x00000006c7800000| PB 0x00000006c7800000| Complete 
| 799|0x00000006c7c00000, 0x00000006c8000000, 0x00000006c8000000|100%| E|CS|TAMS 0x00000006c7c00000| PB 0x00000006c7c00000| Complete 
| 800|0x00000006c8000000, 0x00000006c8400000, 0x00000006c8400000|100%| E|CS|TAMS 0x00000006c8000000| PB 0x00000006c8000000| Complete 
| 801|0x00000006c8400000, 0x00000006c8800000, 0x00000006c8800000|100%| E|CS|TAMS 0x00000006c8400000| PB 0x00000006c8400000| Complete 
| 802|0x00000006c8800000, 0x00000006c8c00000, 0x00000006c8c00000|100%| E|CS|TAMS 0x00000006c8800000| PB 0x00000006c8800000| Complete 
| 803|0x00000006c8c00000, 0x00000006c9000000, 0x00000006c9000000|100%| E|CS|TAMS 0x00000006c8c00000| PB 0x00000006c8c00000| Complete 
| 804|0x00000006c9000000, 0x00000006c9400000, 0x00000006c9400000|100%| E|CS|TAMS 0x00000006c9000000| PB 0x00000006c9000000| Complete 
| 805|0x00000006c9400000, 0x00000006c9800000, 0x00000006c9800000|100%| E|CS|TAMS 0x00000006c9400000| PB 0x00000006c9400000| Complete 
| 806|0x00000006c9800000, 0x00000006c9c00000, 0x00000006c9c00000|100%| E|CS|TAMS 0x00000006c9800000| PB 0x00000006c9800000| Complete 
| 807|0x00000006c9c00000, 0x00000006ca000000, 0x00000006ca000000|100%| E|CS|TAMS 0x00000006c9c00000| PB 0x00000006c9c00000| Complete 
|2034|0x00000007fc800000, 0x00000007fcc00000, 0x00000007fcc00000|100%| O|  |TAMS 0x00000007fc800000| PB 0x00000007fc800000| Untracked 
|2035|0x00000007fcc00000, 0x00000007fd000000, 0x00000007fd000000|100%| O|  |TAMS 0x00000007fcc00000| PB 0x00000007fcc00000| Untracked 
|2036|0x00000007fd000000, 0x00000007fd400000, 0x00000007fd400000|100%| O|  |TAMS 0x00000007fd000000| PB 0x00000007fd000000| Untracked 
|2037|0x00000007fd400000, 0x00000007fd800000, 0x00000007fd800000|100%| O|  |TAMS 0x00000007fd400000| PB 0x00000007fd400000| Untracked 
|2038|0x00000007fd800000, 0x00000007fdc00000, 0x00000007fdc00000|100%| O|  |TAMS 0x00000007fd800000| PB 0x00000007fd800000| Untracked 
|2039|0x00000007fdc00000, 0x00000007fe000000, 0x00000007fe000000|100%| O|  |TAMS 0x00000007fdc00000| PB 0x00000007fdc00000| Untracked 
|2040|0x00000007fe000000, 0x00000007fe400000, 0x00000007fe400000|100%| E|CS|TAMS 0x00000007fe000000| PB 0x00000007fe000000| Complete 
|2041|0x00000007fe400000, 0x00000007fe800000, 0x00000007fe800000|100%| E|CS|TAMS 0x00000007fe400000| PB 0x00000007fe400000| Complete 
|2042|0x00000007fe800000, 0x00000007fec00000, 0x00000007fec00000|100%| O|  |TAMS 0x00000007fe800000| PB 0x00000007fe800000| Untracked 
|2043|0x00000007fec00000, 0x00000007ff000000, 0x00000007ff000000|100%| O|  |TAMS 0x00000007fec00000| PB 0x00000007fec00000| Untracked 
|2044|0x00000007ff000000, 0x00000007ff400000, 0x00000007ff400000|100%| O|  |TAMS 0x00000007ff000000| PB 0x00000007ff000000| Untracked 
|2045|0x00000007ff400000, 0x00000007ff800000, 0x00000007ff800000|100%| E|CS|TAMS 0x00000007ff400000| PB 0x00000007ff400000| Complete 
|2046|0x00000007ff800000, 0x00000007ffc00000, 0x00000007ffc00000|100%| E|CS|TAMS 0x00000007ff800000| PB 0x00000007ff800000| Complete 
|2047|0x00000007ffc00000, 0x0000000800000000, 0x0000000800000000|100%| E|CS|TAMS 0x00000007ffc00000| PB 0x00000007ffc00000| Complete 

Card table byte_map: [0x000001b0f7ff0000,0x000001b0f8ff0000] _byte_map_base: 0x000001b0f4ff0000

Marking Bits: (CMBitMap*) 0x000001b0d37e90f0
 Bits: [0x000001b080000000, 0x000001b088000000)

Polling page: 0x000001b0d14c0000

Metaspace:

Usage:
  Non-class:    224.28 MB used.
      Class:     32.33 MB used.
       Both:    256.61 MB used.

Virtual space:
  Non-class space:      256.00 MB reserved,     226.00 MB ( 88%) committed,  4 nodes.
      Class space:        1.00 GB reserved,      33.94 MB (  3%) committed,  1 nodes.
             Both:        1.25 GB reserved,     259.94 MB ( 20%) committed. 

Chunk freelists:
   Non-Class:  13.70 MB
       Class:  13.88 MB
        Both:  27.58 MB

MaxMetaspaceSize: 4.00 GB
CompressedClassSpaceSize: 1.00 GB
Initial GC threshold: 21.00 MB
Current GC threshold: 327.94 MB
CDS: off
 - commit_granule_bytes: 65536.
 - commit_granule_words: 8192.
 - virtual_space_node_default_size: 8388608.
 - enlarge_chunks_in_place: 1.
 - use_allocation_guard: 0.


Internal statistics:

num_allocs_failed_limit: 12.
num_arena_births: 6314.
num_arena_deaths: 18.
num_vsnodes_births: 5.
num_vsnodes_deaths: 0.
num_space_committed: 4180.
num_space_uncommitted: 17.
num_chunks_returned_to_freelist: 146.
num_chunks_taken_from_freelist: 18213.
num_chunk_merges: 50.
num_chunk_splits: 11922.
num_chunks_enlarged: 7563.
num_inconsistent_stats: 0.

CodeHeap 'non-profiled nmethods': size=259264Kb used=32090Kb max_used=32090Kb free=227173Kb
 bounds [0x000001b0e6b50000, 0x000001b0e8ab0000, 0x000001b0f6880000]
CodeHeap 'profiled nmethods': size=259264Kb used=70477Kb max_used=70477Kb free=188786Kb
 bounds [0x000001b0d6880000, 0x000001b0dad60000, 0x000001b0e65b0000]
CodeHeap 'non-nmethods': size=5760Kb used=3360Kb max_used=3415Kb free=2399Kb
 bounds [0x000001b0e65b0000, 0x000001b0e6920000, 0x000001b0e6b50000]
 total_blobs=34216 nmethods=32868 adapters=1250
 compilation: enabled
              stopped_count=0, restarted_count=0
 full_count=0

Compilation events (20 events):
Event: 187.138 Thread 0x000001b08c0b6150 44895       3       org.gradle.api.internal.provider.DefaultValueSourceProviderFactory$DefaultObtainedValue::<init> (26 bytes)
Event: 187.138 Thread 0x000001b08c0b6150 nmethod 44895 0x000001b0dad41510 code [0x000001b0dad416c0, 0x000001b0dad419b8]
Event: 187.153 Thread 0x000001b08c0b6150 44896       3       com.android.tools.lint.detector.api.Implementation::<init> (10 bytes)
Event: 187.154 Thread 0x000001b08c0b6150 nmethod 44896 0x000001b0dad41a90 code [0x000001b0dad41c40, 0x000001b0dad41f40]
Event: 187.169 Thread 0x000001b08c0b6150 44897       3       com.android.tools.lint.detector.api.Issue$Companion::create (66 bytes)
Event: 187.172 Thread 0x000001b08c0b6150 nmethod 44897 0x000001b0dad42090 code [0x000001b0dad42540, 0x000001b0dad443e0]
Event: 187.190 Thread 0x000001b08c0b6150 44900       1       org.jetbrains.kotlin.container.ComponentResolveContext::getContainer (5 bytes)
Event: 187.191 Thread 0x000001b08c0b6150 nmethod 44900 0x000001b0e8aa5b10 code [0x000001b0e8aa5ca0, 0x000001b0e8aa5d70]
Event: 187.191 Thread 0x000001b08c0b6150 44901       1       com.android.tools.lint.detector.api.Issue::setRegistry (6 bytes)
Event: 187.191 Thread 0x000001b08c0b6150 nmethod 44901 0x000001b0e8aa5e10 code [0x000001b0e8aa5fa0, 0x000001b0e8aa60b8]
Event: 187.199 Thread 0x000001b08c0b6150 44902       3       kotlin.collections.ArraysKt___ArraysKt::getOrNull (40 bytes)
Event: 187.200 Thread 0x000001b08c0b6150 nmethod 44902 0x000001b0dad44f90 code [0x000001b0dad45200, 0x000001b0dad45b48]
Event: 187.211 Thread 0x000001b08c0b6150 44903       3       com.android.tools.lint.detector.api.Issue$Companion::platformsFromImplementation (28 bytes)
Event: 187.212 Thread 0x000001b08c0b6150 nmethod 44903 0x000001b0dad45f10 code [0x000001b0dad460e0, 0x000001b0dad46328]
Event: 187.212 Thread 0x000001b08c0b6150 44904       3       com.android.tools.lint.detector.api.Issue$Companion::scopeImpliesAndroid (46 bytes)
Event: 187.213 Thread 0x000001b08c0b6150 nmethod 44904 0x000001b0dad46410 code [0x000001b0dad46600, 0x000001b0dad46b38]
Event: 187.218 Thread 0x000001b08c0b6150 44905       3       java.lang.invoke.LambdaFormBuffer::resultIndex (41 bytes)
Event: 187.219 Thread 0x000001b08c0b6150 nmethod 44905 0x000001b0dad46c90 code [0x000001b0dad46e40, 0x000001b0dad47008]
Event: 187.222 Thread 0x000001b08c0b6150 44906       1       org.gradle.api.internal.provider.DefaultMapProperty$FixedSupplier::calculatePresence (2 bytes)
Event: 187.223 Thread 0x000001b08c0b6150 nmethod 44906 0x000001b0e8aa6110 code [0x000001b0e8aa62a0, 0x000001b0e8aa6368]

GC Heap History (20 events):
Event: 163.202 GC heap before
{Heap before GC invocations=71 (full 0):
 garbage-first heap   total 696320K, used 610896K [0x0000000600000000, 0x0000000800000000)
  region size 4096K, 73 young (299008K), 6 survivors (24576K)
 Metaspace       used 194492K, committed 197568K, reserved 1245184K
  class space    used 24952K, committed 26432K, reserved 1048576K
}
Event: 163.217 GC heap after
{Heap after GC invocations=72 (full 0):
 garbage-first heap   total 696320K, used 329989K [0x0000000600000000, 0x0000000800000000)
  region size 4096K, 3 young (12288K), 3 survivors (12288K)
 Metaspace       used 194492K, committed 197568K, reserved 1245184K
  class space    used 24952K, committed 26432K, reserved 1048576K
}
Event: 164.330 GC heap before
{Heap before GC invocations=72 (full 0):
 garbage-first heap   total 696320K, used 641285K [0x0000000600000000, 0x0000000800000000)
  region size 4096K, 80 young (327680K), 3 survivors (12288K)
 Metaspace       used 195459K, committed 198528K, reserved 1245184K
  class space    used 25063K, committed 26560K, reserved 1048576K
}
Event: 164.381 GC heap after
{Heap after GC invocations=73 (full 0):
 garbage-first heap   total 712704K, used 369075K [0x0000000600000000, 0x0000000800000000)
  region size 4096K, 10 young (40960K), 10 survivors (40960K)
 Metaspace       used 195459K, committed 198528K, reserved 1245184K
  class space    used 25063K, committed 26560K, reserved 1048576K
}
Event: 165.255 GC heap before
{Heap before GC invocations=73 (full 0):
 garbage-first heap   total 712704K, used 623027K [0x0000000600000000, 0x0000000800000000)
  region size 4096K, 73 young (299008K), 10 survivors (40960K)
 Metaspace       used 198399K, committed 201472K, reserved 1245184K
  class space    used 25505K, committed 27008K, reserved 1048576K
}
Event: 165.329 GC heap after
{Heap after GC invocations=74 (full 0):
 garbage-first heap   total 720896K, used 418623K [0x0000000600000000, 0x0000000800000000)
  region size 4096K, 10 young (40960K), 10 survivors (40960K)
 Metaspace       used 198399K, committed 201472K, reserved 1245184K
  class space    used 25505K, committed 27008K, reserved 1048576K
}
Event: 165.770 GC heap before
{Heap before GC invocations=75 (full 0):
 garbage-first heap   total 937984K, used 623423K [0x0000000600000000, 0x0000000800000000)
  region size 4096K, 61 young (249856K), 10 survivors (40960K)
 Metaspace       used 198412K, committed 201472K, reserved 1245184K
  class space    used 25507K, committed 27008K, reserved 1048576K
}
Event: 165.863 GC heap after
{Heap after GC invocations=76 (full 0):
 garbage-first heap   total 937984K, used 470652K [0x0000000600000000, 0x0000000800000000)
  region size 4096K, 8 young (32768K), 8 survivors (32768K)
 Metaspace       used 198412K, committed 201472K, reserved 1245184K
  class space    used 25507K, committed 27008K, reserved 1048576K
}
Event: 167.283 GC heap before
{Heap before GC invocations=76 (full 0):
 garbage-first heap   total 937984K, used 790140K [0x0000000600000000, 0x0000000800000000)
  region size 4096K, 87 young (356352K), 8 survivors (32768K)
 Metaspace       used 198634K, committed 201664K, reserved 1245184K
  class space    used 25527K, committed 27008K, reserved 1048576K
}
Event: 167.396 GC heap after
{Heap after GC invocations=77 (full 0):
 garbage-first heap   total 2359296K, used 526164K [0x0000000600000000, 0x0000000800000000)
  region size 4096K, 11 young (45056K), 11 survivors (45056K)
 Metaspace       used 198634K, committed 201664K, reserved 1245184K
  class space    used 25527K, committed 27008K, reserved 1048576K
}
Event: 171.809 GC heap before
{Heap before GC invocations=77 (full 0):
 garbage-first heap   total 2359296K, used 1341268K [0x0000000600000000, 0x0000000800000000)
  region size 4096K, 204 young (835584K), 11 survivors (45056K)
 Metaspace       used 206071K, committed 209152K, reserved 1245184K
  class space    used 26281K, committed 27776K, reserved 1048576K
}
Event: 172.219 GC heap after
{Heap after GC invocations=78 (full 0):
 garbage-first heap   total 2359296K, used 599892K [0x0000000600000000, 0x0000000800000000)
  region size 4096K, 25 young (102400K), 25 survivors (102400K)
 Metaspace       used 206071K, committed 209152K, reserved 1245184K
  class space    used 26281K, committed 27776K, reserved 1048576K
}
Event: 173.641 GC heap before
{Heap before GC invocations=78 (full 0):
 garbage-first heap   total 2359296K, used 735060K [0x0000000600000000, 0x0000000800000000)
  region size 4096K, 58 young (237568K), 25 survivors (102400K)
 Metaspace       used 207767K, committed 210880K, reserved 1245184K
  class space    used 26416K, committed 27904K, reserved 1048576K
}
Event: 173.803 GC heap after
{Heap after GC invocations=79 (full 0):
 garbage-first heap   total 2359296K, used 607674K [0x0000000600000000, 0x0000000800000000)
  region size 4096K, 4 young (16384K), 4 survivors (16384K)
 Metaspace       used 207767K, committed 210880K, reserved 1245184K
  class space    used 26416K, committed 27904K, reserved 1048576K
}
Event: 179.278 GC heap before
{Heap before GC invocations=79 (full 0):
 garbage-first heap   total 2359296K, used 1344954K [0x0000000600000000, 0x0000000800000000)
  region size 4096K, 185 young (757760K), 4 survivors (16384K)
 Metaspace       used 222341K, committed 225536K, reserved 1245184K
  class space    used 28092K, committed 29632K, reserved 1048576K
}
Event: 179.341 GC heap after
{Heap after GC invocations=80 (full 0):
 garbage-first heap   total 2359296K, used 651658K [0x0000000600000000, 0x0000000800000000)
  region size 4096K, 15 young (61440K), 15 survivors (61440K)
 Metaspace       used 222341K, committed 225536K, reserved 1245184K
  class space    used 28092K, committed 29632K, reserved 1048576K
}
Event: 180.953 GC heap before
{Heap before GC invocations=80 (full 0):
 garbage-first heap   total 2359296K, used 1315210K [0x0000000600000000, 0x0000000800000000)
  region size 4096K, 177 young (724992K), 15 survivors (61440K)
 Metaspace       used 229337K, committed 232448K, reserved 1310720K
  class space    used 28968K, committed 30464K, reserved 1048576K
}
Event: 181.280 GC heap after
{Heap after GC invocations=81 (full 0):
 garbage-first heap   total 2359296K, used 693697K [0x0000000600000000, 0x0000000800000000)
  region size 4096K, 12 young (49152K), 12 survivors (49152K)
 Metaspace       used 229337K, committed 232448K, reserved 1310720K
  class space    used 28968K, committed 30464K, reserved 1048576K
}
Event: 183.321 GC heap before
{Heap before GC invocations=81 (full 0):
 garbage-first heap   total 2359296K, used 988609K [0x0000000600000000, 0x0000000800000000)
  region size 4096K, 84 young (344064K), 12 survivors (49152K)
 Metaspace       used 237500K, committed 240576K, reserved 1310720K
  class space    used 30417K, committed 31936K, reserved 1048576K
}
Event: 183.396 GC heap after
{Heap after GC invocations=82 (full 0):
 garbage-first heap   total 3366912K, used 704512K [0x0000000600000000, 0x0000000800000000)
  region size 4096K, 3 young (12288K), 3 survivors (12288K)
 Metaspace       used 237500K, committed 240576K, reserved 1310720K
  class space    used 30417K, committed 31936K, reserved 1048576K
}

Dll operation events (3 events):
Event: 0.008 Loaded shared library C:\Program Files\Android\Android Studio\jbr\bin\java.dll
Event: 0.011 Loaded shared library C:\Program Files\Android\Android Studio\jbr\bin\zip.dll
Event: 0.325 Loaded shared library C:\Program Files\Android\Android Studio\jbr\bin\verify.dll

Deoptimization events (20 events):
Event: 186.946 Thread 0x000001b0990265a0 Uncommon trap: trap_request=0xffffff45 fr.pc=0x000001b0e7a1ad4c relative=0x00000000000001ec
Event: 186.946 Thread 0x000001b0990265a0 Uncommon trap: reason=unstable_if action=reinterpret pc=0x000001b0e7a1ad4c method=java.util.regex.Pattern.<init>(Ljava/lang/String;I)V @ 60 c2
Event: 186.946 Thread 0x000001b0990265a0 DEOPT PACKING pc=0x000001b0e7a1ad4c sp=0x0000003ca39fcbe0
Event: 186.946 Thread 0x000001b0990265a0 DEOPT UNPACKING pc=0x000001b0e66046a2 sp=0x0000003ca39fcb98 mode 2
Event: 186.952 Thread 0x000001b09bc97c80 DEOPT PACKING pc=0x000001b0dad2025a sp=0x0000003ca8eff0d0
Event: 186.953 Thread 0x000001b09bc97c80 DEOPT UNPACKING pc=0x000001b0e6604e42 sp=0x0000003ca8efe5c0 mode 0
Event: 186.955 Thread 0x000001b0990265a0 Uncommon trap: trap_request=0xffffffde fr.pc=0x000001b0e70a03fc relative=0x0000000000000ebc
Event: 186.955 Thread 0x000001b0990265a0 Uncommon trap: reason=class_check action=maybe_recompile pc=0x000001b0e70a03fc method=java.util.regex.Pattern.escape(ZZZ)I @ 697 c2
Event: 186.956 Thread 0x000001b0990265a0 DEOPT PACKING pc=0x000001b0e70a03fc sp=0x0000003ca39fc970
Event: 186.956 Thread 0x000001b0990265a0 DEOPT UNPACKING pc=0x000001b0e66046a2 sp=0x0000003ca39fc900 mode 2
Event: 186.956 Thread 0x000001b0990265a0 Uncommon trap: trap_request=0xffffffde fr.pc=0x000001b0e70a03fc relative=0x0000000000000ebc
Event: 186.956 Thread 0x000001b0990265a0 Uncommon trap: reason=class_check action=maybe_recompile pc=0x000001b0e70a03fc method=java.util.regex.Pattern.escape(ZZZ)I @ 697 c2
Event: 186.956 Thread 0x000001b0990265a0 DEOPT PACKING pc=0x000001b0e70a03fc sp=0x0000003ca39fc670
Event: 186.956 Thread 0x000001b0990265a0 DEOPT UNPACKING pc=0x000001b0e66046a2 sp=0x0000003ca39fc600 mode 2
Event: 187.112 Thread 0x000001b09bc968d0 DEOPT PACKING pc=0x000001b0dad2025a sp=0x0000003ca8cfeed0
Event: 187.112 Thread 0x000001b09bc968d0 DEOPT UNPACKING pc=0x000001b0e6604e42 sp=0x0000003ca8cfe3c0 mode 0
Event: 187.162 Thread 0x000001b09bc8df00 DEOPT PACKING pc=0x000001b0dad2025a sp=0x0000003ca89ff050
Event: 187.162 Thread 0x000001b09bc8df00 DEOPT UNPACKING pc=0x000001b0e6604e42 sp=0x0000003ca89fe540 mode 0
Event: 187.218 Thread 0x000001b09a863d30 DEOPT PACKING pc=0x000001b0d6e96003 sp=0x0000003ca53fc0d0
Event: 187.218 Thread 0x000001b09a863d30 DEOPT UNPACKING pc=0x000001b0e6604e42 sp=0x0000003ca53fb508 mode 0

Classes loaded (20 events):
Event: 176.617 Loading class sun/awt/AWTAutoShutdown$1
Event: 176.617 Loading class sun/awt/AWTAutoShutdown$1 done
Event: 177.408 Loading class java/nio/file/attribute/UserPrincipalLookupService
Event: 177.409 Loading class java/nio/file/attribute/UserPrincipalLookupService done
Event: 179.595 Loading class java/nio/file/FileSystemLoopException
Event: 179.596 Loading class java/nio/file/FileSystemLoopException done
Event: 179.795 Loading class sun/nio/cs/UTF_32BE
Event: 179.797 Loading class sun/nio/cs/UTF_32BE done
Event: 179.797 Loading class sun/nio/cs/UTF_32LE
Event: 179.798 Loading class sun/nio/cs/UTF_32LE done
Event: 179.798 Loading class sun/nio/cs/MS1251
Event: 179.799 Loading class sun/nio/cs/MS1251 done
Event: 182.601 Loading class java/util/AbstractList$SubList$1
Event: 182.602 Loading class java/util/AbstractList$SubList$1 done
Event: 182.762 Loading class sun/nio/cs/ISO_8859_1$Decoder
Event: 182.764 Loading class sun/nio/cs/ISO_8859_1$Decoder done
Event: 182.957 Loading class java/util/concurrent/CompletionException
Event: 182.957 Loading class java/util/concurrent/CompletionException done
Event: 186.247 Loading class java/time/format/DateTimeParseException
Event: 186.251 Loading class java/time/format/DateTimeParseException done

Classes unloaded (20 events):
Event: 161.719 Thread 0x000001b08c038610 Unloading class 0x0000000801863d70 'jdk/internal/jimage/ImageHeader'
Event: 161.719 Thread 0x000001b08c038610 Unloading class 0x0000000801863b20 'jdk/internal/jimage/BasicImageReader$2'
Event: 161.719 Thread 0x000001b08c038610 Unloading class 0x00000008018638d0 'jdk/internal/jimage/BasicImageReader$1'
Event: 161.719 Thread 0x000001b08c038610 Unloading class 0x0000000801863648 'jdk/internal/jimage/ImageReader$Resource'
Event: 161.719 Thread 0x000001b08c038610 Unloading class 0x00000008018633c0 'jdk/internal/jimage/ImageReader$LinkNode'
Event: 161.719 Thread 0x000001b08c038610 Unloading class 0x0000000801863138 'jdk/internal/jimage/ImageReader$Directory'
Event: 161.719 Thread 0x000001b08c038610 Unloading class 0x0000000801862eb0 'jdk/internal/jimage/ImageReader$Node'
Event: 161.719 Thread 0x000001b08c038610 Unloading class 0x0000000801862c98 'jdk/internal/jimage/ImageStrings'
Event: 161.719 Thread 0x000001b08c038610 Unloading class 0x00000008018629b8 'jdk/internal/jimage/ImageReader$SharedImageReader'
Event: 161.719 Thread 0x000001b08c038610 Unloading class 0x00000008018626d8 'jdk/internal/jimage/BasicImageReader'
Event: 161.719 Thread 0x000001b08c038610 Unloading class 0x0000000801862498 'jdk/internal/jimage/ImageReader'
Event: 161.719 Thread 0x000001b08c038610 Unloading class 0x0000000801862250 'jdk/internal/jrtfs/SystemImage$2'
Event: 161.719 Thread 0x000001b08c038610 Unloading class 0x0000000801861dc0 'jdk/internal/jrtfs/SystemImage$$Lambda+0x0000000801861dc0'
Event: 161.719 Thread 0x000001b08c038610 Unloading class 0x0000000801862000 'jdk/internal/jrtfs/ExplodedImage'
Event: 161.719 Thread 0x000001b08c038610 Unloading class 0x0000000801861b68 'jdk/internal/jrtfs/SystemImage$1'
Event: 161.719 Thread 0x000001b08c038610 Unloading class 0x0000000801861930 'jdk/internal/jrtfs/SystemImage'
Event: 161.719 Thread 0x000001b08c038610 Unloading class 0x00000008018616b0 'jdk/internal/jrtfs/JrtFileStore'
Event: 161.719 Thread 0x000001b08c038610 Unloading class 0x0000000801861318 'jdk/internal/jrtfs/JrtPath'
Event: 161.719 Thread 0x000001b08c038610 Unloading class 0x0000000801861000 'jdk/internal/jrtfs/JrtFileSystem'
Event: 161.719 Thread 0x000001b08c038610 Unloading class 0x0000000801860c00 'jdk/internal/jrtfs/JrtFileSystemProvider'

Classes redefined (0 events):
No events

Internal exceptions (20 events):
Event: 186.544 Thread 0x000001b0924773f0 Exception <a 'sun/nio/fs/WindowsException'{0x00000006b96f9cd8}> (0x00000006b96f9cd8) 
thrown [s\src\hotspot\share\prims\jni.cpp, line 535]
Event: 186.561 Thread 0x000001b09247bc20 Exception <a 'sun/nio/fs/WindowsException'{0x00000006b93e0e50}> (0x00000006b93e0e50) 
thrown [s\src\hotspot\share\prims\jni.cpp, line 535]
Event: 186.562 Thread 0x000001b09247bc20 Exception <a 'sun/nio/fs/WindowsException'{0x00000006b93e1d58}> (0x00000006b93e1d58) 
thrown [s\src\hotspot\share\prims\jni.cpp, line 535]
Event: 186.562 Thread 0x000001b09247bc20 Exception <a 'sun/nio/fs/WindowsException'{0x00000006b93e1f00}> (0x00000006b93e1f00) 
thrown [s\src\hotspot\share\prims\jni.cpp, line 535]
Event: 186.562 Thread 0x000001b09247bc20 Exception <a 'sun/nio/fs/WindowsException'{0x00000006b93f73c8}> (0x00000006b93f73c8) 
thrown [s\src\hotspot\share\prims\jni.cpp, line 535]
Event: 186.887 Thread 0x000001b09a863d30 Exception <a 'java/lang/NoSuchMethodError'{0x00000006b7943f78}: 'java.lang.Object java.lang.invoke.DirectMethodHandle$Holder.newInvokeSpecial(java.lang.Object, java.lang.Object, java.lang.Object, java.lang.Object, java.lang.Object, java.lang.Object, java.lang.Object, java.lang.Object, java.lang.Object, java.lang.Object, java.lang.Object, java.lang.Object, java.lang.Object, java.lang.Object, java.lang.Object, java.lang.Object, java.lang.Object, java.lang.Object, java.lang.Object, java.lang.Object, java.lang
Event: 186.890 Thread 0x000001b09a863d30 Exception <a 'java/lang/NoSuchMethodError'{0x00000006b794a420}: 'java.lang.Object java.lang.invoke.DelegatingMethodHandle$Holder.reinvoke_L(java.lang.Object, java.lang.Object, java.lang.Object, java.lang.Object, java.lang.Object, java.lang.Object, java.lang.Object, java.lang.Object, java.lang.Object, java.lang.Object, java.lang.Object, java.lang.Object, java.lang.Object, java.lang.Object, java.lang.Object, java.lang.Object, java.lang.Object, java.lang.Object, java.lang.Object, java.lang.Object, java.lang.O
Event: 186.983 Thread 0x000001b09247bc20 Exception <a 'sun/nio/fs/WindowsException'{0x00000006b6b0d1b0}> (0x00000006b6b0d1b0) 
thrown [s\src\hotspot\share\prims\jni.cpp, line 535]
Event: 186.983 Thread 0x000001b09247bc20 Exception <a 'sun/nio/fs/WindowsException'{0x00000006b6b0e2b8}> (0x00000006b6b0e2b8) 
thrown [s\src\hotspot\share\prims\jni.cpp, line 535]
Event: 186.984 Thread 0x000001b09247bc20 Exception <a 'sun/nio/fs/WindowsException'{0x00000006b6b0f138}> (0x00000006b6b0f138) 
thrown [s\src\hotspot\share\prims\jni.cpp, line 535]
Event: 186.984 Thread 0x000001b09247bc20 Exception <a 'sun/nio/fs/WindowsException'{0x00000006b6b0f258}> (0x00000006b6b0f258) 
thrown [s\src\hotspot\share\prims\jni.cpp, line 535]
Event: 186.984 Thread 0x000001b09247bc20 Exception <a 'sun/nio/fs/WindowsException'{0x00000006b6b10038}> (0x00000006b6b10038) 
thrown [s\src\hotspot\share\prims\jni.cpp, line 535]
Event: 186.984 Thread 0x000001b09247bc20 Exception <a 'sun/nio/fs/WindowsException'{0x00000006b6b180c8}> (0x00000006b6b180c8) 
thrown [s\src\hotspot\share\prims\jni.cpp, line 535]
Event: 187.006 Thread 0x000001b09247c2b0 Exception <a 'sun/nio/fs/WindowsException'{0x00000006b643cd40}> (0x00000006b643cd40) 
thrown [s\src\hotspot\share\prims\jni.cpp, line 535]
Event: 187.007 Thread 0x000001b09247c2b0 Exception <a 'sun/nio/fs/WindowsException'{0x00000006b643dee0}> (0x00000006b643dee0) 
thrown [s\src\hotspot\share\prims\jni.cpp, line 535]
Event: 187.007 Thread 0x000001b09247c2b0 Exception <a 'sun/nio/fs/WindowsException'{0x00000006b643e070}> (0x00000006b643e070) 
thrown [s\src\hotspot\share\prims\jni.cpp, line 535]
Event: 187.008 Thread 0x000001b09247c2b0 Exception <a 'sun/nio/fs/WindowsException'{0x00000006b643f2d8}> (0x00000006b643f2d8) 
thrown [s\src\hotspot\share\prims\jni.cpp, line 535]
Event: 187.013 Thread 0x000001b09a863d30 Exception <a 'java/lang/NoSuchMethodError'{0x00000006b68ff078}: 'java.lang.Object java.lang.invoke.DirectMethodHandle$Holder.newInvokeSpecial(java.lang.Object, java.lang.Object, java.lang.Object, java.lang.Object, java.lang.Object, java.lang.Object, java.lang.Object, java.lang.Object, java.lang.Object, java.lang.Object, java.lang.Object, java.lang.Object, java.lang.Object, java.lang.Object, java.lang.Object, java.lang.Object, java.lang.Object, java.lang.Object, java.lang.Object, java.lang.Object)'> (0x0000
Event: 187.027 Thread 0x000001b09a863d30 Exception <a 'java/lang/NoSuchMethodError'{0x00000006b6905450}: 'java.lang.Object java.lang.invoke.DirectMethodHandle$Holder.invokeSpecial(java.lang.Object, java.lang.Object, java.lang.Object, java.lang.Object, java.lang.Object, java.lang.Object, java.lang.Object, java.lang.Object, java.lang.Object, java.lang.Object, java.lang.Object, java.lang.Object, java.lang.Object, java.lang.Object, java.lang.Object, java.lang.Object, java.lang.Object, java.lang.Object, java.lang.Object, java.lang.Object, java.lang.Ob
Event: 187.033 Thread 0x000001b09a863d30 Exception <a 'java/lang/NoSuchMethodError'{0x00000006b690a3b8}: 'java.lang.Object java.lang.invoke.DelegatingMethodHandle$Holder.reinvoke_L(java.lang.Object, java.lang.Object, java.lang.Object, java.lang.Object, java.lang.Object, java.lang.Object, java.lang.Object, java.lang.Object, java.lang.Object, java.lang.Object, java.lang.Object, java.lang.Object, java.lang.Object, java.lang.Object, java.lang.Object, java.lang.Object, java.lang.Object, java.lang.Object, java.lang.Object, java.lang.Object)'> (0x000000

ZGC Phase Switch (0 events):
No events

VM Operations (20 events):
Event: 184.288 Executing VM operation: HandshakeAllThreads (Deoptimize)
Event: 184.289 Executing VM operation: HandshakeAllThreads (Deoptimize) done
Event: 184.384 Executing VM operation: HandshakeAllThreads (Deoptimize)
Event: 184.385 Executing VM operation: HandshakeAllThreads (Deoptimize) done
Event: 184.405 Executing VM operation: HandshakeAllThreads (Deoptimize)
Event: 184.406 Executing VM operation: HandshakeAllThreads (Deoptimize) done
Event: 184.513 Executing VM operation: ICBufferFull
Event: 184.517 Executing VM operation: ICBufferFull done
Event: 185.404 Executing VM operation: HandshakeAllThreads (Deoptimize)
Event: 185.410 Executing VM operation: HandshakeAllThreads (Deoptimize) done
Event: 185.564 Executing VM operation: ICBufferFull
Event: 185.567 Executing VM operation: ICBufferFull done
Event: 186.239 Executing VM operation: ICBufferFull
Event: 186.246 Executing VM operation: ICBufferFull done
Event: 186.246 Executing VM operation: ICBufferFull
Event: 186.247 Executing VM operation: ICBufferFull done
Event: 186.247 Executing VM operation: ICBufferFull
Event: 186.251 Executing VM operation: ICBufferFull done
Event: 186.282 Executing VM operation: HandshakeAllThreads (Deoptimize)
Event: 186.284 Executing VM operation: HandshakeAllThreads (Deoptimize) done

Events (20 events):
Event: 177.601 Thread 0x000001b09a864a50 Thread exited: 0x000001b09a864a50
Event: 177.611 Thread 0x000001b09a8650e0 Thread exited: 0x000001b09a8650e0
Event: 177.614 Thread 0x000001b09bc7df10 Thread exited: 0x000001b09bc7df10
Event: 177.614 Thread 0x000001b09bc7d880 Thread exited: 0x000001b09bc7d880
Event: 177.619 Thread 0x000001b09902a0b0 Thread exited: 0x000001b09902a0b0
Event: 177.631 Thread 0x000001b09a86acc0 Thread exited: 0x000001b09a86acc0
Event: 177.777 Thread 0x000001b09a867ed0 Thread exited: 0x000001b09a867ed0
Event: 177.778 Thread 0x000001b09a867840 Thread exited: 0x000001b09a867840
Event: 177.862 Thread 0x000001b09902a740 Thread exited: 0x000001b09902a740
Event: 177.960 Thread 0x000001b09bc7ffe0 Thread exited: 0x000001b09bc7ffe0
Event: 177.963 Thread 0x000001b09bc83af0 Thread exited: 0x000001b09bc83af0
Event: 182.033 Thread 0x000001b09a866b20 Thread exited: 0x000001b09a866b20
Event: 182.037 Thread 0x000001b09a85e7e0 Thread exited: 0x000001b09a85e7e0
Event: 182.044 Thread 0x000001b09bc80d00 Thread exited: 0x000001b09bc80d00
Event: 182.075 Thread 0x000001b09bc7f950 Thread exited: 0x000001b09bc7f950
Event: 182.083 Thread 0x000001b09bc7f2c0 Thread exited: 0x000001b09bc7f2c0
Event: 182.085 Thread 0x000001b09a869280 Thread exited: 0x000001b09a869280
Event: 182.105 Thread 0x000001b09a865e00 Thread exited: 0x000001b09a865e00
Event: 185.388 Thread 0x000001b0a17855c0 Thread exited: 0x000001b0a17855c0
Event: 185.392 Thread 0x000001b0a1784ef0 Thread exited: 0x000001b0a1784ef0


Dynamic libraries:
0x00007ff6a61e0000 - 0x00007ff6a61ea000 	C:\Program Files\Android\Android Studio\jbr\bin\java.exe
0x00007ff99a150000 - 0x00007ff99a367000 	C:\windows\SYSTEM32\ntdll.dll
0x00007ff9983d0000 - 0x00007ff998494000 	C:\windows\System32\KERNEL32.DLL
0x00007ff997750000 - 0x00007ff997b22000 	C:\windows\System32\KERNELBASE.dll
0x00007ff997430000 - 0x00007ff997541000 	C:\windows\System32\ucrtbase.dll
0x00007ff9915a0000 - 0x00007ff9915bb000 	C:\Program Files\Android\Android Studio\jbr\bin\VCRUNTIME140.dll
0x00007ff9915c0000 - 0x00007ff9915d8000 	C:\Program Files\Android\Android Studio\jbr\bin\jli.dll
0x00007ff998010000 - 0x00007ff9981c1000 	C:\windows\System32\USER32.dll
0x00007ff9972c0000 - 0x00007ff9972e6000 	C:\windows\System32\win32u.dll
0x00007ff97c0d0000 - 0x00007ff97c36b000 	C:\windows\WinSxS\amd64_microsoft.windows.common-controls_6595b64144ccf1df_6.0.22621.5547_none_27104afb73855772\COMCTL32.dll
0x00007ff9982b0000 - 0x00007ff9982d9000 	C:\windows\System32\GDI32.dll
0x00007ff997580000 - 0x00007ff9976a3000 	C:\windows\System32\gdi32full.dll
0x00007ff998b90000 - 0x00007ff998c37000 	C:\windows\System32\msvcrt.dll
0x00007ff9976b0000 - 0x00007ff99774a000 	C:\windows\System32\msvcp_win.dll
0x00007ff998d50000 - 0x00007ff998d81000 	C:\windows\System32\IMM32.DLL
0x00007ff991640000 - 0x00007ff99164c000 	C:\Program Files\Android\Android Studio\jbr\bin\vcruntime140_1.dll
0x00007ff973640000 - 0x00007ff9736cd000 	C:\Program Files\Android\Android Studio\jbr\bin\msvcp140.dll
0x00007ff8b3c10000 - 0x00007ff8b488d000 	C:\Program Files\Android\Android Studio\jbr\bin\server\jvm.dll
0x00007ff997e40000 - 0x00007ff997ef1000 	C:\windows\System32\ADVAPI32.dll
0x00007ff999e50000 - 0x00007ff999ef8000 	C:\windows\System32\sechost.dll
0x00007ff997550000 - 0x00007ff997578000 	C:\windows\System32\bcrypt.dll
0x00007ff999d30000 - 0x00007ff999e44000 	C:\windows\System32\RPCRT4.dll
0x00007ff9982e0000 - 0x00007ff998351000 	C:\windows\System32\WS2_32.dll
0x00007ff996080000 - 0x00007ff9960cd000 	C:\windows\SYSTEM32\POWRPROF.dll
0x00007ff98f5d0000 - 0x00007ff98f604000 	C:\windows\SYSTEM32\WINMM.dll
0x00007ff98bab0000 - 0x00007ff98baba000 	C:\windows\SYSTEM32\VERSION.dll
0x00007ff996060000 - 0x00007ff996073000 	C:\windows\SYSTEM32\UMPDC.dll
0x00007ff996320000 - 0x00007ff996338000 	C:\windows\SYSTEM32\kernel.appcore.dll
0x00007ff991590000 - 0x00007ff99159a000 	C:\Program Files\Android\Android Studio\jbr\bin\jimage.dll
0x00007ff994b40000 - 0x00007ff994d73000 	C:\windows\SYSTEM32\DBGHELP.DLL
0x00007ff9987f0000 - 0x00007ff998b83000 	C:\windows\System32\combase.dll
0x00007ff9984c0000 - 0x00007ff998597000 	C:\windows\System32\OLEAUT32.dll
0x00007ff989220000 - 0x00007ff989252000 	C:\windows\SYSTEM32\dbgcore.DLL
0x00007ff9973b0000 - 0x00007ff99742b000 	C:\windows\System32\bcryptPrimitives.dll
0x00007ff97e320000 - 0x00007ff97e32e000 	C:\Program Files\Android\Android Studio\jbr\bin\instrument.dll
0x00007ff98f700000 - 0x00007ff98f71f000 	C:\Program Files\Android\Android Studio\jbr\bin\java.dll
0x00007ff98f6e0000 - 0x00007ff98f6f8000 	C:\Program Files\Android\Android Studio\jbr\bin\zip.dll
0x00007ff999480000 - 0x00007ff999d22000 	C:\windows\System32\SHELL32.dll
0x00007ff997ca0000 - 0x00007ff997ddf000 	C:\windows\System32\wintypes.dll
0x00007ff995130000 - 0x00007ff995a4d000 	C:\windows\SYSTEM32\windows.storage.dll
0x00007ff997f00000 - 0x00007ff99800c000 	C:\windows\System32\SHCORE.dll
0x00007ff999410000 - 0x00007ff999479000 	C:\windows\System32\shlwapi.dll
0x00007ff997170000 - 0x00007ff99719b000 	C:\windows\SYSTEM32\profapi.dll
0x00007ff991340000 - 0x00007ff991350000 	C:\Program Files\Android\Android Studio\jbr\bin\net.dll
0x00007ff992ba0000 - 0x00007ff992ccc000 	C:\windows\SYSTEM32\WINHTTP.dll
0x00007ff9967a0000 - 0x00007ff996809000 	C:\windows\system32\mswsock.dll
0x00007ff988f70000 - 0x00007ff988f86000 	C:\Program Files\Android\Android Studio\jbr\bin\nio.dll
0x00007ff98f6a0000 - 0x00007ff98f6b0000 	C:\Program Files\Android\Android Studio\jbr\bin\verify.dll
0x00007ff96e2d0000 - 0x00007ff96e2f7000 	C:\Users\jyoti\.gradle\native\1def1411415f61bf3af743bc5b6707747c0891f09f0c88961ee8f79bc544acac\windows-amd64\native-platform.dll
0x00007ff9601c0000 - 0x00007ff960238000 	C:\Users\jyoti\.gradle\native\0.2.7\x86_64-windows-gnu\gradle-fileevents.dll
0x00007ff98f410000 - 0x00007ff98f419000 	C:\Program Files\Android\Android Studio\jbr\bin\management.dll
0x00007ff98eb40000 - 0x00007ff98eb4b000 	C:\Program Files\Android\Android Studio\jbr\bin\management_ext.dll
0x00007ff998280000 - 0x00007ff998288000 	C:\windows\System32\PSAPI.DLL
0x00007ff995d20000 - 0x00007ff995d4d000 	C:\windows\SYSTEM32\IPHLPAPI.DLL
0x00007ff998d90000 - 0x00007ff998d99000 	C:\windows\System32\NSI.dll
0x00007ff98f470000 - 0x00007ff98f479000 	C:\Program Files\Android\Android Studio\jbr\bin\extnet.dll
0x00007ff9969c0000 - 0x00007ff9969db000 	C:\windows\SYSTEM32\CRYPTSP.dll
0x00007ff996280000 - 0x00007ff9962b7000 	C:\windows\system32\rsaenh.dll
0x00007ff996860000 - 0x00007ff996888000 	C:\windows\SYSTEM32\USERENV.dll
0x00007ff9969e0000 - 0x00007ff9969ec000 	C:\windows\SYSTEM32\CRYPTBASE.dll
0x00007ff969840000 - 0x00007ff969848000 	C:\windows\system32\wshunix.dll
0x00007ff995d90000 - 0x00007ff995e88000 	C:\windows\SYSTEM32\DNSAPI.dll
0x00007ff98f5a0000 - 0x00007ff98f5aa000 	C:\Windows\System32\rasadhlp.dll
0x00007ff98ea60000 - 0x00007ff98eae4000 	C:\windows\System32\fwpuclnt.dll
0x00007ff96dd20000 - 0x00007ff96dd37000 	C:\windows\system32\napinsp.dll
0x00007ff96dd00000 - 0x00007ff96dd1b000 	C:\windows\system32\pnrpnsp.dll
0x00007ff96dce0000 - 0x00007ff96dcf1000 	C:\windows\System32\winrnr.dll
0x00007ff991e10000 - 0x00007ff991e2f000 	C:\windows\system32\wshbth.dll
0x00007ff96dcb0000 - 0x00007ff96dcd1000 	C:\windows\system32\nlansp_c.dll
0x00007ff996440000 - 0x00007ff996474000 	C:\windows\SYSTEM32\ntmarta.dll
0x00007ff991780000 - 0x00007ff991787000 	C:\Program Files\Android\Android Studio\jbr\bin\rmi.dll
0x00007ff943b60000 - 0x00007ff943cf8000 	C:\Program Files\Android\Android Studio\jbr\bin\awt.dll
0x00007ff9945d0000 - 0x00007ff9945fe000 	C:\windows\SYSTEM32\dwmapi.dll
0x00007ff9926b0000 - 0x00007ff992747000 	C:\windows\SYSTEM32\apphelp.dll
0x00007ff994330000 - 0x00007ff9943e4000 	C:\windows\system32\uxtheme.dll
0x00007ff998da0000 - 0x00007ff998f00000 	C:\windows\System32\MSCTF.dll
0x00007ff999f00000 - 0x00007ff99a0a0000 	C:\windows\System32\ole32.dll

dbghelp: loaded successfully - version: 4.0.5 - missing functions: none
symbol engine: initialized successfully - sym options: 0x614 - pdb path: .;C:\Program Files\Android\Android Studio\jbr\bin;C:\windows\SYSTEM32;C:\windows\WinSxS\amd64_microsoft.windows.common-controls_6595b64144ccf1df_6.0.22621.5547_none_27104afb73855772;C:\Program Files\Android\Android Studio\jbr\bin\server;C:\Users\jyoti\.gradle\native\1def1411415f61bf3af743bc5b6707747c0891f09f0c88961ee8f79bc544acac\windows-amd64;C:\Users\jyoti\.gradle\native\0.2.7\x86_64-windows-gnu

VM Arguments:
jvm_args: --add-opens=java.base/java.lang=ALL-UNNAMED --add-opens=java.base/java.lang.invoke=ALL-UNNAMED --add-opens=java.base/java.util=ALL-UNNAMED --add-opens=java.prefs/java.util.prefs=ALL-UNNAMED --add-exports=jdk.compiler/com.sun.tools.javac.api=ALL-UNNAMED --add-exports=jdk.compiler/com.sun.tools.javac.util=ALL-UNNAMED --add-opens=java.base/java.util=ALL-UNNAMED --add-opens=java.prefs/java.util.prefs=ALL-UNNAMED --add-opens=java.base/java.nio.charset=ALL-UNNAMED --add-opens=java.base/java.net=ALL-UNNAMED --add-opens=java.base/java.util.concurrent.atomic=ALL-UNNAMED --add-opens=java.xml/javax.xml.namespace=ALL-UNNAMED -XX:MaxMetaspaceSize=4G -XX:ReservedCodeCacheSize=512m -XX:+HeapDumpOnOutOfMemoryError -Xmx8G -Dfile.encoding=UTF-8 -Duser.country=IN -Duser.language=en -Duser.variant -javaagent:C:\Users\jyoti\.gradle\wrapper\dists\gradle-8.14-all\c2qonpi39x1mddn7hk5gh9iqj\gradle-8.14\lib\agents\gradle-instrumentation-agent-8.14.jar 
java_command: org.gradle.launcher.daemon.bootstrap.GradleDaemon 8.14
java_class_path (initial): C:\Users\jyoti\.gradle\wrapper\dists\gradle-8.14-all\c2qonpi39x1mddn7hk5gh9iqj\gradle-8.14\lib\gradle-daemon-main-8.14.jar
Launcher Type: SUN_STANDARD

[Global flags]
     intx CICompilerCount                          = 4                                         {product} {ergonomic}
     uint ConcGCThreads                            = 3                                         {product} {ergonomic}
     uint G1ConcRefinementThreads                  = 10                                        {product} {ergonomic}
   size_t G1HeapRegionSize                         = 4194304                                   {product} {ergonomic}
    uintx GCDrainStackTargetSize                   = 64                                        {product} {ergonomic}
     bool HeapDumpOnOutOfMemoryError               = true                                   {manageable} {command line}
   size_t InitialHeapSize                          = 130023424                                 {product} {ergonomic}
   size_t MarkStackSize                            = 4194304                                   {product} {ergonomic}
   size_t MaxHeapSize                              = 8589934592                                {product} {command line}
   size_t MaxMetaspaceSize                         = 4294967296                                {product} {command line}
   size_t MaxNewSize                               = 5150605312                                {product} {ergonomic}
   size_t MinHeapDeltaBytes                        = 4194304                                   {product} {ergonomic}
   size_t MinHeapSize                              = 8388608                                   {product} {ergonomic}
    uintx NonNMethodCodeHeapSize                   = 5839372                                {pd product} {ergonomic}
    uintx NonProfiledCodeHeapSize                  = 265515770                              {pd product} {ergonomic}
    uintx ProfiledCodeHeapSize                     = 265515770                              {pd product} {ergonomic}
    uintx ReservedCodeCacheSize                    = 536870912                              {pd product} {command line}
     bool SegmentedCodeCache                       = true                                      {product} {ergonomic}
   size_t SoftMaxHeapSize                          = 8589934592                             {manageable} {ergonomic}
     bool UseCompressedOops                        = true                           {product lp64_product} {ergonomic}
     bool UseG1GC                                  = true                                      {product} {ergonomic}
     bool UseLargePagesIndividualAllocation        = false                                  {pd product} {ergonomic}

Logging:
Log output configuration:
 #0: stdout all=warning uptime,level,tags foldmultilines=false
 #1: stderr all=off uptime,level,tags foldmultilines=false

Environment Variables:
JAVA_HOME=C:\Program Files\Android\Android Studio\jbr
CLASSPATH=C:\gps\android\\gradle\wrapper\gradle-wrapper.jar
PATH=C:\Program Files\Android\Android Studio\jbr\bin;C:\flutter\bin\;C:\Program Files\Common Files\Oracle\Java\javapath;C:\Program Files (x86)\Common Files\Oracle\Java\java8path;C:\Program Files (x86)\Common Files\Oracle\Java\javapath;C:\windows\system32;C:\windows;C:\windows\System32\Wbem;C:\windows\System32\WindowsPowerShell\v1.0\;C:\windows\System32\OpenSSH\;C:\Program Files (x86)\NVIDIA Corporation\PhysX\Common;C:\Program Files\NVIDIA Corporation\NVIDIA NvDLISR;C:\Users\Administrator\AppData\Local\Microsoft\WindowsApps;C:\Program Files\HP\OMEN-Broadcast\Common;C:\Program Files\Git\cmd;C:\Program Files\platform-tools;C:\dart\dart-sdk\bin;C:\Program Files\platform-tools;C:\Program Files\Java\jdk-17.0.16+8\bin;C:\flutter\bin;C:\Users\jyoti\AppData\Local\Microsoft\WindowsApps;C:\Users\jyoti\AppData\Local\Programs\Microsoft VS Code\bin;C:\Users\jyoti\AppData\Local\GitHubDesktop\bin;C:\Program Files\platform-tools;C:\dart\dart-sdk\bin;C:\Program Files\platform-tools;C:\flutter\bin;C:\Program Files\Java\jdk-17.0.16+8\bin;C:\Users\jyoti\AppData\Local\Programs\Antigravity IDE\bin;c:\Users\jyoti\.antigravity-ide\extensions\vscjava.vscode-java-debug-0.59.0-universal\bundled\scripts\noConfigScripts;c:\Users\jyoti\.antigravity-ide\extensions\ms-python.debugpy-2026.6.0-win32-x64\bundled\scripts\noConfigScripts;C:\flutter\bin\mingit\cmd
USERNAME=jyoti
LANG=en_US.UTF-8
OS=Windows_NT
PROCESSOR_IDENTIFIER=Intel64 Family 6 Model 154 Stepping 3, GenuineIntel
TMP=C:\Users\jyoti\AppData\Local\Temp
TEMP=C:\Users\jyoti\AppData\Local\Temp




Periodic native trim disabled

JNI global refs:
JNI global refs: 41, weak refs: 20

JNI global refs memory usage: 835, weak refs: 833

Process memory usage:
Resident Set Size: 491708K (6% of 8020484K total physical memory with 253168K free physical memory)

OOME stack traces (most recent first):
Classloader memory used:
Loader org.gradle.internal.classloader.VisitableURLClassLoader$InstrumentingVisitableURLClassLoader: 83019K
Loader java.net.URLClassLoader                                                         : 56469K
Loader org.gradle.internal.classloader.VisitableURLClassLoader                         : 53551K
Loader bootstrap                                                                       : 40697K
Loader org.gradle.initialization.MixInLegacyTypesClassLoader                           : 14546K
Loader jdk.internal.loader.ClassLoaders$AppClassLoader                                 : 11049K
Loader org.gradle.groovy.scripts.internal.DefaultScriptCompilationHandler$ScriptClassLoader: 1154K
Loader jdk.internal.loader.ClassLoaders$PlatformClassLoader                            : 1107K
Loader jdk.internal.reflect.DelegatingClassLoader                                      : 730K
Loader org.gradle.internal.classloader.VisitableURLClassLoader                         : 385K
Loader jdk.internal.jrtfs.JrtFileSystemProvider$JrtFsLoader                            : 292K
Loader org.codehaus.groovy.runtime.callsite.CallSiteClassLoader                        : 50040B
Loader sun.reflect.misc.MethodUtil                                                     : 2960B

Classes loaded by more than one classloader:
Class Program                                                                         : loaded 15 times (x 69B)
Class Build_gradle                                                                    : loaded 8 times (x 127B)
Class Build_gradle$1                                                                  : loaded 8 times (x 71B)
Class Build_gradle$2                                                                  : loaded 7 times (x 71B)
Class Build_gradle$1$1                                                                : loaded 6 times (x 75B)
Class kotlin.text.StringsKt__RegexExtensionsJVMKt                                     : loaded 4 times (x 68B)
Class com.google.common.collect.MapDifference                                         : loaded 4 times (x 67B)
Class kotlin._Assertions                                                              : loaded 4 times (x 68B)
Class kotlin.jvm.internal.FunctionReference                                           : loaded 4 times (x 119B)
Class kotlin.jvm.internal.FunctionBase                                                : loaded 4 times (x 67B)
Class kotlin.enums.EnumEntriesList                                                    : loaded 4 times (x 220B)
Class com.google.common.collect.Sets$3                                                : loaded 4 times (x 136B)
Class com.google.common.base.AbstractIterator$State                                   : loaded 4 times (x 76B)
Class kotlin.text.StringsKt__StringsKt                                                : loaded 4 times (x 68B)
Class kotlin.NotImplementedError                                                      : loaded 4 times (x 79B)
Class com.google.common.collect.RegularImmutableSet                                   : loaded 4 times (x 146B)
Class kotlin.collections.CollectionsKt__IteratorsJVMKt                                : loaded 4 times (x 68B)
Class kotlin.comparisons.ComparisonsKt___ComparisonsJvmKt                             : loaded 4 times (x 68B)
Class kotlin.collections.CollectionsKt                                                : loaded 4 times (x 68B)
Class com.google.common.collect.UnmodifiableIterator                                  : loaded 4 times (x 77B)
Class kotlin.Pair                                                                     : loaded 4 times (x 69B)
Class [Lkotlin.Function;                                                              : loaded 4 times (x 66B)
Class kotlin.io.CloseableKt                                                           : loaded 4 times (x 68B)
Class com.google.common.collect.ImmutableSet$SetBuilderImpl                           : loaded 4 times (x 73B)
Class kotlin.collections.CollectionsKt__MutableCollectionsKt                          : loaded 4 times (x 68B)
Class com.google.common.collect.RegularImmutableAsList                                : loaded 4 times (x 214B)
Class kotlin.io.FilesKt__FilePathComponentsKt                                         : loaded 4 times (x 68B)
Class com.google.common.collect.ImmutableList                                         : loaded 4 times (x 203B)
Class kotlin.reflect.KCallable                                                        : loaded 4 times (x 67B)
Class com.google.common.collect.Lists$StringAsImmutableList                           : loaded 4 times (x 204B)
Class kotlin.collections.ArraysKt___ArraysJvmKt                                       : loaded 4 times (x 68B)
Class kotlin.jvm.internal.markers.KMappedMarker                                       : loaded 4 times (x 67B)
Class kotlin.io.FilesKt__FileTreeWalkKt                                               : loaded 4 times (x 68B)
Class kotlin.sequences.FilteringSequence$iterator$1                                   : loaded 4 times (x 76B)
Class kotlin.collections.CollectionsKt__ReversedViewsKt                               : loaded 4 times (x 68B)
Class kotlin.sequences.SequencesKt__SequenceBuilderKt                                 : loaded 4 times (x 68B)
Class [Lcom.google.common.base.AbstractIterator$State;                                : loaded 4 times (x 66B)
Class com.google.common.base.CharMatcher$IsEither                                     : loaded 4 times (x 108B)
Class kotlin.collections.MapsKt__MapsJVMKt                                            : loaded 4 times (x 68B)
Class kotlin.collections.EmptyList                                                    : loaded 4 times (x 171B)
Class com.google.common.base.CharMatcher$InRange                                      : loaded 4 times (x 108B)
Class [Lkotlin.jvm.functions.Function1;                                               : loaded 4 times (x 66B)
Class com.google.common.collect.Maps$BiMapConverter                                   : loaded 4 times (x 87B)
Class kotlin.NoWhenBranchMatchedException                                             : loaded 4 times (x 79B)
Class com.google.common.collect.Sets$2                                                : loaded 4 times (x 136B)
Class kotlin.Lazy                                                                     : loaded 4 times (x 67B)
Class kotlin.text.StringsKt__StringBuilderKt                                          : loaded 4 times (x 68B)
Class kotlin.jvm.internal.CallableReference$NoReceiver                                : loaded 4 times (x 68B)
Class com.google.common.base.CharMatcher$1                                            : loaded 4 times (x 110B)
Class com.google.common.base.CharMatcher$NamedFastMatcher                             : loaded 4 times (x 109B)
Class kotlin.collections.ArraysKt__ArraysJVMKt                                        : loaded 4 times (x 68B)
Class kotlin.text.StringsKt__StringNumberConversionsJVMKt                             : loaded 4 times (x 68B)
Class kotlin.sequences.Sequence                                                       : loaded 4 times (x 67B)
Class com.google.common.base.CharMatcher$And                                          : loaded 4 times (x 109B)
Class com.google.common.collect.BiMap                                                 : loaded 4 times (x 67B)
Class com.google.common.base.CharMatcher                                              : loaded 4 times (x 108B)
Class kotlin.collections.SetsKt__SetsKt                                               : loaded 4 times (x 68B)
Class kotlin.LazyKt                                                                   : loaded 4 times (x 68B)
Class com.google.common.base.Preconditions                                            : loaded 4 times (x 68B)
Class kotlin.collections.ArraysKt                                                     : loaded 4 times (x 68B)
Class com.google.common.math.MathPreconditions                                        : loaded 4 times (x 68B)
Class kotlin.collections.ArraysKt__ArraysKt                                           : loaded 4 times (x 68B)
Class com.google.common.collect.Hashing                                               : loaded 4 times (x 68B)
Class com.google.common.base.CharMatcher$Negated                                      : loaded 4 times (x 110B)
Class com.google.common.base.CharMatcher$Is                                           : loaded 4 times (x 108B)
Class kotlin.collections.SetsKt__SetsJVMKt                                            : loaded 4 times (x 68B)
Class kotlin.ranges.RangesKt___RangesKt                                               : loaded 4 times (x 68B)
Class kotlin.KotlinNullPointerException                                               : loaded 4 times (x 80B)
Class kotlin.Function                                                                 : loaded 4 times (x 67B)
Class com.google.common.base.NullnessCasts                                            : loaded 4 times (x 68B)
Class com.google.common.collect.Multimap                                              : loaded 4 times (x 67B)
Class com.google.common.collect.ImmutableEnumSet                                      : loaded 4 times (x 143B)
Class com.google.common.collect.Sets$1                                                : loaded 4 times (x 136B)
Class kotlin.collections.CollectionsKt__IterablesKt                                   : loaded 4 times (x 68B)
Class kotlin.collections.MapsKt                                                       : loaded 4 times (x 68B)
Class com.google.common.base.Splitter                                                 : loaded 4 times (x 69B)
Class kotlin.text.StringsKt__StringsJVMKt                                             : loaded 4 times (x 68B)
Class kotlin.jvm.internal.Intrinsics                                                  : loaded 4 times (x 68B)
Class kotlin.reflect.KAnnotatedElement                                                : loaded 4 times (x 67B)
Class kotlin.collections.SetsKt                                                       : loaded 4 times (x 68B)
Class kotlin.text.StringsKt__IndentKt                                                 : loaded 4 times (x 68B)
Class com.google.common.collect.ImmutableSet$RegularSetBuilderImpl                    : loaded 4 times (x 74B)
Class kotlin.collections.CollectionsKt__CollectionsKt                                 : loaded 4 times (x 68B)
Class kotlin.enums.EnumEntriesKt                                                      : loaded 4 times (x 68B)
Class kotlin.text.StringsKt___StringsKt                                               : loaded 4 times (x 68B)
Class kotlin.reflect.KFunction                                                        : loaded 4 times (x 67B)
Class com.google.common.base.Splitter$Strategy                                        : loaded 4 times (x 67B)
Class kotlin.collections.CollectionsKt__MutableCollectionsJVMKt                       : loaded 4 times (x 68B)
Class kotlin.collections.MapsKt__MapsKt                                               : loaded 4 times (x 68B)
Class com.google.common.collect.SingletonImmutableSet                                 : loaded 4 times (x 143B)
Class com.google.common.base.Splitter$1                                               : loaded 4 times (x 74B)
Class com.google.common.collect.ImmutableMap$IteratorBasedImmutableMap                : loaded 4 times (x 123B)
Class com.google.common.collect.ImmutableEnumMap                                      : loaded 4 times (x 123B)
Class kotlin.collections.MapsKt__MapWithDefaultKt                                     : loaded 4 times (x 68B)
Class kotlin.text.StringsKt__AppendableKt                                             : loaded 4 times (x 68B)
Class kotlin.UninitializedPropertyAccessException                                     : loaded 4 times (x 79B)
Class com.google.common.collect.ImmutableSet$JdkBackedSetBuilderImpl                  : loaded 4 times (x 73B)
Class com.google.common.collect.SortedMapDifference                                   : loaded 4 times (x 67B)
Class kotlin.collections.ArraysKt___ArraysKt                                          : loaded 4 times (x 68B)
Class kotlin.collections.MapsKt___MapsKt                                              : loaded 4 times (x 68B)
Class kotlin.io.FilesKt                                                               : loaded 4 times (x 68B)
Class kotlin.text.StringsKt___StringsJvmKt                                            : loaded 4 times (x 68B)
Class kotlin.reflect.KDeclarationContainer                                            : loaded 4 times (x 67B)
Class com.google.common.base.Splitter$SplittingIterator                               : loaded 4 times (x 81B)
Class com.google.common.base.CharMatcher$ForPredicate                                 : loaded 4 times (x 109B)
Class kotlin.collections.CollectionsKt___CollectionsKt                                : loaded 4 times (x 68B)
Class kotlin.collections.EmptySet                                                     : loaded 4 times (x 119B)
Class kotlin.io.FilesKt__UtilsKt                                                      : loaded 4 times (x 68B)
Class com.google.common.base.CharMatcher$NegatedFastMatcher                           : loaded 4 times (x 110B)
Class kotlin.collections.CollectionsKt__CollectionsJVMKt                              : loaded 4 times (x 68B)
Class kotlin.collections.MapsKt___MapsJvmKt                                           : loaded 4 times (x 68B)
Class com.google.common.base.CharMatcher$AnyOf                                        : loaded 4 times (x 109B)
Class kotlin.jvm.functions.Function2                                                  : loaded 4 times (x 67B)
Class com.google.common.collect.ImmutableMap                                          : loaded 4 times (x 117B)
Class com.google.common.base.Predicate                                                : loaded 4 times (x 67B)
Class com.google.common.collect.Sets                                                  : loaded 4 times (x 68B)
Class com.google.common.base.CharMatcher$FastMatcher                                  : loaded 4 times (x 108B)
Class kotlin.jvm.functions.Function1                                                  : loaded 4 times (x 67B)
Class com.google.common.collect.ImmutableCollection                                   : loaded 4 times (x 122B)
Class com.google.common.collect.ImmutableSet$CachingAsList                            : loaded 4 times (x 145B)
Class kotlin.collections.CollectionsKt__IteratorsKt                                   : loaded 4 times (x 68B)
Class kotlin.sequences.SequencesKt                                                    : loaded 4 times (x 68B)
Class com.google.common.base.Converter                                                : loaded 4 times (x 87B)
Class com.google.common.collect.Lists                                                 : loaded 4 times (x 68B)
Class kotlin.jvm.functions.Function0                                                  : loaded 4 times (x 67B)
Class kotlin.collections.ArraysUtilJVM                                                : loaded 4 times (x 68B)
Class com.google.common.collect.ImmutableAsList                                       : loaded 4 times (x 206B)
Class kotlin.ranges.RangesKt                                                          : loaded 4 times (x 68B)
Class kotlin.text.StringsKt                                                           : loaded 4 times (x 68B)
Class kotlin.LazyKt__LazyJVMKt                                                        : loaded 4 times (x 68B)
Class kotlin.io.FilesKt__FileReadWriteKt                                              : loaded 4 times (x 68B)
Class kotlin.text.StringsKt__StringNumberConversionsKt                                : loaded 4 times (x 68B)
Class com.google.common.base.CharMatcher$Or                                           : loaded 4 times (x 109B)
Class com.google.common.collect.Maps$EntryTransformer                                 : loaded 4 times (x 67B)
Class kotlin.sequences.SequencesKt___SequencesJvmKt                                   : loaded 4 times (x 68B)
Class com.google.common.io.Closer$Suppressor                                          : loaded 4 times (x 67B)
Class kotlin.Unit                                                                     : loaded 4 times (x 68B)
Class kotlin.TuplesKt                                                                 : loaded 4 times (x 68B)
Class kotlin.jvm.internal.FunctionReferenceImpl                                       : loaded 4 times (x 119B)
Class com.google.common.base.CharMatcher$IsNot                                        : loaded 4 times (x 108B)
Class kotlin.collections.CollectionsKt___CollectionsJvmKt                             : loaded 4 times (x 68B)
Class com.google.common.base.CommonPattern                                            : loaded 4 times (x 71B)
Class com.google.common.collect.ImmutableSet                                          : loaded 4 times (x 142B)
Class com.google.common.base.CharMatcher$BitSetMatcher                                : loaded 4 times (x 109B)
Class com.google.common.io.Closer                                                     : loaded 4 times (x 75B)
Class com.google.common.math.IntMath                                                  : loaded 4 times (x 68B)
Class com.google.common.base.AbstractIterator                                         : loaded 4 times (x 77B)
Class kotlin.comparisons.ComparisonsKt___ComparisonsKt                                : loaded 4 times (x 68B)
Class kotlin.comparisons.ComparisonsKt                                                : loaded 4 times (x 68B)
Class kotlin.jvm.internal.CallableReference                                           : loaded 4 times (x 103B)
Class com.google.common.base.Function                                                 : loaded 4 times (x 67B)
Class kotlin.sequences.FilteringSequence                                              : loaded 4 times (x 72B)
Class kotlin.enums.EnumEntries                                                        : loaded 4 times (x 67B)
Class kotlin.collections.AbstractList$Companion                                       : loaded 4 times (x 68B)
Class kotlin.comparisons.ComparisonsKt__ComparisonsKt                                 : loaded 4 times (x 68B)
Class kotlin.sequences.SequencesKt__SequencesKt                                       : loaded 4 times (x 68B)
Class kotlin.collections.SetsKt___SetsKt                                              : loaded 4 times (x 68B)
Class com.google.common.base.CharMatcher$None                                         : loaded 4 times (x 109B)
Class com.google.common.math.IntMath$1                                                : loaded 4 times (x 68B)
Class kotlin.ranges.RangesKt__RangesKt                                                : loaded 4 times (x 68B)
Class kotlin.sequences.SequencesKt___SequencesKt                                      : loaded 4 times (x 68B)
Class kotlin.UNINITIALIZED_VALUE                                                      : loaded 4 times (x 68B)
Class Build_gradle$3                                                                  : loaded 4 times (x 71B)
Class com.google.common.collect.Maps                                                  : loaded 4 times (x 68B)
Class com.google.common.collect.Sets$SetView                                          : loaded 4 times (x 135B)
Class kotlin.text.StringsKt__StringBuilderJVMKt                                       : loaded 4 times (x 68B)
Class com.google.common.collect.Sets$4                                                : loaded 4 times (x 136B)
Class kotlin.collections.EmptyIterator                                                : loaded 4 times (x 86B)
Class kotlin.SynchronizedLazyImpl                                                     : loaded 4 times (x 73B)
Class kotlin.LazyKt__LazyKt                                                           : loaded 4 times (x 68B)
Class kotlin.collections.ArrayAsCollection                                            : loaded 4 times (x 102B)
Class com.google.common.base.JdkPattern                                               : loaded 4 times (x 72B)
Class kotlin.collections.AbstractCollection                                           : loaded 4 times (x 114B)
Class kotlin.collections.AbstractList                                                 : loaded 4 times (x 194B)
Class com.google.common.collect.Maps$8                                                : loaded 4 times (x 79B)
Class kotlin.sequences.SequencesKt__SequencesJVMKt                                    : loaded 4 times (x 68B)
Class kotlin.text.StringsKt__RegexExtensionsKt                                        : loaded 4 times (x 68B)
Class kotlin.jvm.KotlinReflectionNotSupportedError                                    : loaded 4 times (x 79B)
Class com.android.tools.lint.model.LintModelLibrary                                   : loaded 3 times (x 67B)
Class com.android.tools.lint.model.LintModelMavenName                                 : loaded 3 times (x 67B)
Class [Lcom.android.tools.lint.model.LintModelArtifactType;                           : loaded 3 times (x 66B)
Class kotlin.text.Regex                                                               : loaded 3 times (x 69B)
Class com.android.utils.EnvironmentProvider                                           : loaded 3 times (x 67B)
Class kotlin.jvm.internal.ArrayIterator                                               : loaded 3 times (x 76B)
Class com.android.tools.lint.model.LintModelModule                                    : loaded 3 times (x 67B)
Class it.unimi.dsi.fastutil.HashCommon                                                : loaded 3 times (x 68B)
Class com.android.tools.lint.model.LintModelExternalLibrary                           : loaded 3 times (x 67B)
Class org.jetbrains.kotlin.name.Name                                                  : loaded 3 times (x 72B)
Class com.google.gson.JsonSyntaxException                                             : loaded 3 times (x 79B)
Class com.android.tools.lint.model.LintModelNamespacingMode                           : loaded 3 times (x 76B)
Class kotlin.sequences.EmptySequence                                                  : loaded 3 times (x 75B)
Class kotlin.text.MatcherMatchResult$groupValues$1                                    : loaded 3 times (x 195B)
Class com.google.common.graph.SuccessorsFunction                                      : loaded 3 times (x 67B)
Class com.android.utils.EnvironmentProvider$DirectEnvironmentProvider                 : loaded 3 times (x 77B)
Class com.android.tools.lint.model.LintModelArtifactType                              : loaded 3 times (x 76B)
Class com.google.common.io.Files$FileByteSink                                         : loaded 3 times (x 74B)
Class it.unimi.dsi.fastutil.Hash                                                      : loaded 3 times (x 67B)
Class org.gradle.kotlin.dsl.TestImplementationConfigurationAccessorsKt                : loaded 3 times (x 68B)
Class com.android.tools.lint.model.LintModelSerialization$LintModelSerializationAdapter: loaded 3 times (x 67B)
Class kotlin.text.MatchResult$DefaultImpls                                            : loaded 3 times (x 68B)
Class com.android.tools.lint.model.LintModelLibraryResolver                           : loaded 3 times (x 67B)
Class com.android.sdklib.AndroidVersion                                               : loaded 3 times (x 72B)
Class com.android.prefs.PathLocator                                                   : loaded 3 times (x 70B)
Class com.android.tools.lint.model.DefaultLintModelJavaLibrary                        : loaded 3 times (x 100B)
Class com.google.gson.JsonParseException                                              : loaded 3 times (x 79B)
Class org.jetbrains.kotlin.name.ClassId$Companion                                     : loaded 3 times (x 68B)
Class it.unimi.dsi.fastutil.Hash$Strategy                                             : loaded 3 times (x 67B)
Class com.android.tools.lint.model.LintModelDependencies                              : loaded 3 times (x 67B)
Class com.android.prefs.LocationValue                                                 : loaded 3 times (x 67B)
Class org.jetbrains.kotlin.name.FqName                                                : loaded 3 times (x 69B)
Class org.jetbrains.kotlin.build.report.metrics.BuildTime                             : loaded 3 times (x 67B)
Class kotlin.text.CharsKt__CharJVMKt                                                  : loaded 3 times (x 68B)
Class kotlin.collections.AbstractList$SubList                                         : loaded 3 times (x 195B)
Class [Lorg.jetbrains.kotlin.build.report.metrics.GradleBuildTime;                    : loaded 3 times (x 66B)
Class kotlin.collections.AbstractList$IteratorImpl                                    : loaded 3 times (x 79B)
Class it.unimi.dsi.fastutil.objects.AbstractObjectCollection                          : loaded 3 times (x 140B)
Class com.android.tools.lint.model.LintModelSerialization$LintModelSerializationFileAdapter: loaded 3 times (x 86B)
Class com.android.prefs.VariableType                                                  : loaded 3 times (x 76B)
Class com.android.tools.lint.model.LintModelBuildFeatures                             : loaded 3 times (x 67B)
Class [Lkotlin.sequences.Sequence;                                                    : loaded 3 times (x 66B)
Class com.android.ide.common.gradle.Part                                              : loaded 3 times (x 74B)
Class com.android.tools.lint.model.PathVariables                                      : loaded 3 times (x 69B)
Class com.google.common.io.LineProcessor                                              : loaded 3 times (x 67B)
Class kotlin.text.MatchNamedGroupCollection                                           : loaded 3 times (x 67B)
Class com.android.utils.ILogger                                                       : loaded 3 times (x 67B)
Class [Lkotlin.Pair;                                                                  : loaded 3 times (x 66B)
Class [Lcom.android.ide.common.repository.AgpVersion$PreviewKind;                     : loaded 3 times (x 66B)
Class kotlin.sequences.SequencesKt___SequencesKt$flatMap$2                            : loaded 3 times (x 122B)
Class com.android.utils.NullLogger                                                    : loaded 3 times (x 82B)
Class kotlin.sequences.TransformingSequence                                           : loaded 3 times (x 72B)
Class com.android.tools.lint.model.LintModelSerialization                             : loaded 3 times (x 73B)
Class com.android.ide.common.gradle.Version$Companion$ParseState                      : loaded 3 times (x 67B)
Class org.jetbrains.kotlin.build.report.metrics.GradleBuildTime$Companion             : loaded 3 times (x 68B)
Class com.android.ide.common.repository.AgpVersion$Companion                          : loaded 3 times (x 68B)
Class kotlin.sequences.FlatteningSequence$iterator$1                                  : loaded 3 times (x 76B)
Class com.android.prefs.AbstractAndroidLocations                                      : loaded 3 times (x 79B)
Class Settings_gradle                                                                 : loaded 3 times (x 125B)
Class com.android.ide.common.gradle.Version$Companion                                 : loaded 3 times (x 68B)
Class com.android.tools.lint.model.DefaultLintModelMavenName                          : loaded 3 times (x 84B)
Class kotlin.KotlinNothingValueException                                              : loaded 3 times (x 79B)
Class [Lcom.android.prefs.Global;                                                     : loaded 3 times (x 66B)
Class [Lcom.android.prefs.LocationValue;                                              : loaded 3 times (x 66B)
Class kotlin.jvm.functions.Function3                                                  : loaded 3 times (x 67B)
Class com.google.common.collect.CollectPreconditions                                  : loaded 3 times (x 68B)
Class kotlin.text.RegexKt                                                             : loaded 3 times (x 68B)
Class org.jetbrains.kotlin.name.FqNameUnsafe                                          : loaded 3 times (x 69B)
Class com.android.ide.common.gradle.Version                                           : loaded 3 times (x 72B)
Class com.android.ProgressManagerAdapter                                              : loaded 3 times (x 70B)
Class com.android.ide.common.repository.AgpVersion$PreviewKind$Companion              : loaded 3 times (x 68B)
Class com.android.tools.lint.model.DefaultLintModelAndroidArtifact                    : loaded 3 times (x 90B)
Class com.android.tools.lint.model.LintModelSeverity$Companion                        : loaded 3 times (x 68B)
Class it.unimi.dsi.fastutil.objects.ObjectSet                                         : loaded 3 times (x 67B)
Class com.android.tools.lint.model.DefaultLintModelSourceProvider                     : loaded 3 times (x 81B)
Class [Lcom.android.prefs.VariableType;                                               : loaded 3 times (x 66B)
Class com.google.common.io.Files                                                      : loaded 3 times (x 68B)
Class kotlin.text.MatchResult$Destructured                                            : loaded 3 times (x 69B)
Class [Lcom.android.ide.common.gradle.Separator;                                      : loaded 3 times (x 66B)
Class kotlin.jvm.internal.Lambda                                                      : loaded 3 times (x 72B)
Class com.android.prefs.AndroidLocationsProvider                                      : loaded 3 times (x 67B)
Class com.android.prefs.QueryResult                                                   : loaded 3 times (x 81B)
Class com.android.sdklib.AndroidApiLevel$Companion                                    : loaded 3 times (x 68B)
Class com.android.tools.lint.model.DefaultLintModelAndroidLibrary                     : loaded 3 times (x 108B)
Class it.unimi.dsi.fastutil.objects.ObjectIterable                                    : loaded 3 times (x 67B)
Class com.google.common.io.Files$FileByteSource                                       : loaded 3 times (x 82B)
Class com.google.common.base.CharMatcher$Whitespace                                   : loaded 3 times (x 109B)
Class com.android.tools.lint.model.PathVariables$Companion$PATH_COMPARATOR$4          : loaded 3 times (x 75B)
Class com.google.common.base.Splitter$1$1                                             : loaded 3 times (x 83B)
Class it.unimi.dsi.fastutil.objects.AbstractObjectSet                                 : loaded 3 times (x 176B)
Class com.google.common.io.ByteSink                                                   : loaded 3 times (x 73B)
Class kotlin.collections.EmptyMap                                                     : loaded 3 times (x 106B)
Class com.android.tools.lint.model.PathVariables$Companion$PATH_COMPARATOR$3          : loaded 3 times (x 75B)
Class kotlin.text.MatcherMatchResult$groups$1                                         : loaded 3 times (x 148B)
Class org.jetbrains.kotlin.name.FqNameUnsafe$Companion                                : loaded 3 times (x 68B)
Class it.unimi.dsi.fastutil.objects.ObjectCollection                                  : loaded 3 times (x 67B)
Class com.android.ide.common.gradle.Numeric                                           : loaded 3 times (x 74B)
Class com.android.tools.lint.model.PathVariables$Companion$PATH_COMPARATOR$2          : loaded 3 times (x 75B)
Class kotlin.jvm.internal.ArrayIteratorKt                                             : loaded 3 times (x 68B)
Class com.android.tools.lint.model.DefaultLintModelModule                             : loaded 3 times (x 95B)
Class org.gradle.kotlin.dsl.ImplementationConfigurationAccessorsKt                    : loaded 3 times (x 68B)
Class com.android.prefs.PathLocator$singlePathOf$values$2                             : loaded 3 times (x 75B)
Class kotlin.jvm.internal.TypeIntrinsics                                              : loaded 3 times (x 68B)
Class com.android.tools.lint.model.PathVariables$Companion$PATH_COMPARATOR$1          : loaded 3 times (x 75B)
Class com.android.prefs.PathLocator$singlePathOf$values$1                             : loaded 3 times (x 76B)
Class [Lkotlin.reflect.KCallable;                                                     : loaded 3 times (x 66B)
Class com.android.tools.lint.model.LintModelLintOptions                               : loaded 3 times (x 67B)
Class com.android.sdklib.AndroidApiLevel                                              : loaded 3 times (x 71B)
Class com.android.ide.common.gradle.Version$Companion$ParseState$EMPTY                : loaded 3 times (x 71B)
Class com.google.common.primitives.IntsMethodsForWeb                                  : loaded 3 times (x 68B)
Class [Lkotlin.reflect.KAnnotatedElement;                                             : loaded 3 times (x 66B)
Class org.jetbrains.kotlin.build.report.metrics.BuildMetricsReporter                  : loaded 3 times (x 67B)
Class com.android.tools.lint.model.DefaultLintModelVariant$mainArtifact$2             : loaded 3 times (x 76B)
Class [Lcom.android.tools.lint.model.LintModelSerialization$TargetFile;               : loaded 3 times (x 66B)
Class com.android.tools.lint.model.LintModelAndroidArtifact                           : loaded 3 times (x 67B)
Class com.android.prefs.AbstractAndroidLocations$Companion                            : loaded 3 times (x 68B)
Class com.android.prefs.VariableValue                                                 : loaded 3 times (x 81B)
Class kotlin.collections.CharIterator                                                 : loaded 3 times (x 79B)
Class kotlin.text.Charsets                                                            : loaded 3 times (x 68B)
Class com.android.tools.lint.model.LintModelMavenName$Companion                       : loaded 3 times (x 68B)
Class com.android.ide.common.repository.AgpVersion$Companion$WhenMappings             : loaded 3 times (x 68B)
Class com.android.tools.lint.model.DefaultLintModelVariant$artifact$2                 : loaded 3 times (x 76B)
Class com.android.tools.lint.model.LintModelAndroidLibrary                            : loaded 3 times (x 67B)
Class kotlin.text.CharsKt__CharKt                                                     : loaded 3 times (x 68B)
Class com.android.ide.common.repository.AgpVersion                                    : loaded 3 times (x 72B)
Class com.android.tools.lint.model.DefaultLintModelDependencies                       : loaded 3 times (x 76B)
Class org.jetbrains.kotlin.name.ClassId                                               : loaded 3 times (x 69B)
Class com.google.common.primitives.Ints                                               : loaded 3 times (x 68B)
Class it.unimi.dsi.fastutil.ints.IntSet                                               : loaded 3 times (x 67B)
Class it.unimi.dsi.fastutil.ints.IntIterable                                          : loaded 3 times (x 67B)
Class com.android.ide.common.gradle.Version$Companion$ParseState$NUMERIC              : loaded 3 times (x 71B)
Class com.android.tools.lint.model.LintModelDependencyGraph                           : loaded 3 times (x 67B)
Class com.android.manifmerger.ManifestMerger2$MergeFailureException                   : loaded 3 times (x 79B)
Class com.android.ide.common.repository.AgpVersion$PreviewKind                        : loaded 3 times (x 76B)
Class com.android.tools.lint.model.PathVariables$Companion                            : loaded 3 times (x 68B)
Class kotlin.collections.ArraysKt___ArraysKt$asSequence$$inlined$Sequence$1           : loaded 3 times (x 72B)
Class [Lcom.android.prefs.VariableValue;                                              : loaded 3 times (x 66B)
Class kotlin.text.MatchResult                                                         : loaded 3 times (x 67B)
Class [Lcom.android.tools.lint.model.LintModelModuleType;                             : loaded 3 times (x 66B)
Class com.android.tools.lint.model.LintModelSerialization$LintModelSerializationFileAdapter$WhenMappings: loaded 3 times (x 68B)
Class com.android.prefs.Global                                                        : loaded 3 times (x 77B)
Class com.google.common.collect.ImmutableSet$Builder                                  : loaded 3 times (x 82B)
Class kotlin.sequences.ConstrainedOnceSequence                                        : loaded 3 times (x 72B)
Class com.android.tools.lint.model.LintModelSourceProvider                            : loaded 3 times (x 67B)
Class com.android.ide.common.gradle.Separator                                         : loaded 3 times (x 76B)
Class com.android.tools.lint.model.LintModelModuleLoader                              : loaded 3 times (x 67B)
Class [Lorg.jetbrains.kotlin.build.report.metrics.BuildTime;                          : loaded 3 times (x 66B)
Class com.android.tools.lint.model.DefaultLintModelDependencyGraph                    : loaded 3 times (x 75B)
Class com.android.tools.lint.model.DefaultLintModelLibraryResolver                    : loaded 3 times (x 73B)
Class it.unimi.dsi.fastutil.Function                                                  : loaded 3 times (x 67B)
Class com.android.io.CancellableFileIo                                                : loaded 3 times (x 68B)
Class kotlin.text.CharsKt                                                             : loaded 3 times (x 68B)
Class com.android.tools.lint.model.LintModelSeverity                                  : loaded 3 times (x 76B)
Class com.android.tools.lint.model.DefaultLintModelLintOptions                        : loaded 3 times (x 100B)
Class kotlin.jvm.internal.CollectionToArray                                           : loaded 3 times (x 68B)
Class com.google.common.collect.ImmutableSet$EmptySetBuilderImpl                      : loaded 3 times (x 73B)
Class org.jetbrains.kotlin.name.FqName$Companion                                      : loaded 3 times (x 68B)
Class com.android.tools.lint.model.LintModelDependency                                : loaded 3 times (x 67B)
Class org.jetbrains.kotlin.util.capitalizeDecapitalize.CapitalizeDecapitalizeKt       : loaded 3 times (x 68B)
Class com.android.tools.lint.model.DefaultLintModelVariant                            : loaded 3 times (x 98B)
Class kotlin.sequences.TransformingSequence$iterator$1                                : loaded 3 times (x 76B)
Class com.android.tools.lint.model.LintModelModuleType                                : loaded 3 times (x 76B)
Class com.android.tools.lint.model.LintModelArtifact                                  : loaded 3 times (x 67B)
Class org.jetbrains.kotlin.build.report.metrics.GradleBuildTime                       : loaded 3 times (x 83B)
Class org.jetbrains.kotlin.utils.CollectionsKt                                        : loaded 3 times (x 68B)
Class [Lcom.android.tools.lint.model.LintModelSeverity;                               : loaded 3 times (x 66B)
Class com.google.common.base.Splitter$5                                               : loaded 3 times (x 77B)
Class it.unimi.dsi.fastutil.ints.IntCollection                                        : loaded 3 times (x 67B)
Class com.android.prefs.PathLocator$WhenMappings                                      : loaded 3 times (x 68B)
Class com.google.common.io.ByteSource                                                 : loaded 3 times (x 81B)
Class com.google.common.collect.ImmutableCollection$Builder                           : loaded 3 times (x 73B)
Class kotlin.collections.CollectionsKt___CollectionsKt$asSequence$$inlined$Sequence$1 : loaded 3 times (x 72B)
Class com.android.prefs.AndroidPathLocator                                            : loaded 3 times (x 70B)
Class kotlin.sequences.FlatteningSequence                                             : loaded 3 times (x 72B)
Class kotlin.text.MatcherMatchResult                                                  : loaded 3 times (x 77B)
Class kotlin.text.MatchGroupCollection                                                : loaded 3 times (x 67B)
Class com.android.tools.lint.model.LintModelJavaLibrary                               : loaded 3 times (x 67B)
Class com.android.tools.lint.model.DefaultLintModelArtifact                           : loaded 3 times (x 81B)
Class com.android.utils.Pair                                                          : loaded 3 times (x 69B)
Class kotlin.text.Regex$Companion                                                     : loaded 3 times (x 68B)
Class kotlin.sequences.DropTakeSequence                                               : loaded 3 times (x 67B)
Class kotlin.io.TextStreamsKt                                                         : loaded 3 times (x 68B)
Class com.android.tools.lint.model.DefaultLintModelDependency                         : loaded 3 times (x 83B)
Class com.android.tools.lint.model.DefaultLintModelLibrary                            : loaded 3 times (x 83B)
Class com.android.tools.lint.model.DefaultLintModelBuildFeatures                      : loaded 3 times (x 74B)
Class com.android.prefs.AndroidLocationsException                                     : loaded 3 times (x 79B)
Class com.android.tools.lint.model.LintModelSerialization$TargetFile                  : loaded 3 times (x 76B)
Class [Lcom.android.tools.lint.model.LintModelNamespacingMode;                        : loaded 3 times (x 66B)
Class com.android.tools.lint.model.LintModelModuleLibrary                             : loaded 3 times (x 67B)
Class com.android.tools.lint.model.LintModelVariant                                   : loaded 3 times (x 67B)
Class org.jetbrains.kotlin.gradle.targets.js.npm.NpmDependencyExtensionKt$AddNpmDependencyExtensionProjectSetupAction$1: loaded 2 times (x 71B)
Class org.jetbrains.kotlin.build.report.metrics.GradleBuildPerformanceMetric          : loaded 2 times (x 89B)
Class org.jetbrains.kotlin.gradle.internal.properties.PropertiesBuildService$NullableBooleanGradleProperty: loaded 2 times (x 73B)
Class [Lorg.objectweb.asm.AnnotationVisitor;                                          : loaded 2 times (x 66B)
Class com.google.common.cache.LocalCache$LocalLoadingCache                            : loaded 2 times (x 131B)
Class org.gradle.internal.service.UnknownServiceException                             : loaded 2 times (x 80B)
Class com.android.tools.lint.checks.RequiredAttributeDetector                         : loaded 2 times (x 177B)
Class com.android.tools.lint.checks.PermissionDetector$Companion                      : loaded 2 times (x 68B)
Class com.android.tools.lint.checks.OnClickDetector                                   : loaded 2 times (x 177B)
Class com.android.tools.lint.checks.GradleDetector                                    : loaded 2 times (x 165B)
Class com.android.tools.lint.checks.ExtraTextDetector                                 : loaded 2 times (x 151B)
Class com.android.tools.lint.checks.DuplicateResourceDetector                         : loaded 2 times (x 152B)
Class com.android.tools.lint.detector.api.TextFormat$Companion                        : loaded 2 times (x 68B)
Class org.jetbrains.kotlin.gradle.plugin.diagnostics.checkers.WasmJsEnvironmentChecker$1: loaded 2 times (x 75B)
Class com.android.tools.lint.detector.api.LintModelModuleLibraryProject               : loaded 2 times (x 153B)
Class org.jetbrains.kotlin.descriptors.DescriptorVisibilities$4                       : loaded 2 times (x 76B)
Class [Lorg.jetbrains.kotlin.protobuf.WireFormat$JavaType;                            : loaded 2 times (x 66B)
Class it.unimi.dsi.fastutil.longs.LongIterable                                        : loaded 2 times (x 67B)
Class com.google.common.collect.MapMakerInternalMap$StrongValueEntry                  : loaded 2 times (x 67B)
Class com.google.common.io.ByteArrayDataInput                                         : loaded 2 times (x 67B)
Class org.jetbrains.kotlin.gradle.tasks.configuration.BaseKotlinCompileConfig$2$1$1$1 : loaded 2 times (x 71B)
Class org.jetbrains.kotlin.gradle.tasks.KotlinCompile$ScriptFilterSpec                : loaded 2 times (x 72B)
Class org.jetbrains.kotlin.gradle.plugin.diagnostics.checkers.ComposePluginSuggestApplyChecker$runChecks$1: loaded 2 times (x 85B)
Class org.jetbrains.kotlin.konan.target.KonanTarget$TVOS_ARM64                        : loaded 2 times (x 75B)
Class org.jetbrains.kotlin.gradle.targets.js.npm.DefaultPeerNpmDependencyExtension    : loaded 2 times (x 138B)
Class org.jetbrains.kotlin.gradle.plugin.KotlinPluginLifecycleKt                      : loaded 2 times (x 68B)
Class org.jetbrains.kotlin.gradle.plugin.diagnostics.checkers.WasmJsEnvironmentChecker$2: loaded 2 times (x 75B)
Class org.jetbrains.kotlin.gradle.plugin.mpp.AbstractKotlinTarget                     : loaded 2 times (x 153B)
Class org.jetbrains.kotlin.gradle.internal.properties.NativePropertiesLoader$kotlinNativeVersion$1: loaded 2 times (x 72B)
Class org.jetbrains.kotlin.gradle.plugin.VariantImplementationFactoriesConfigurator$Inject: loaded 2 times (x 93B)
Class org.jetbrains.kotlin.gradle.dsl.KotlinSingleTargetExtension                     : loaded 2 times (x 121B)
Class org.objectweb.asm.ModuleVisitor                                                 : loaded 2 times (x 78B)
Class com.google.common.cache.LocalCache$Strength$1                                   : loaded 2 times (x 78B)
Class com.android.tools.lint.checks.UnsafeBroadcastReceiverDetector                   : loaded 2 times (x 177B)
Class com.android.tools.lint.checks.StringFormatDetector                              : loaded 2 times (x 177B)
Class com.android.tools.lint.checks.SliceDetector                                     : loaded 2 times (x 167B)
Class com.android.tools.lint.checks.SignatureOrSystemDetector                         : loaded 2 times (x 151B)
Class com.android.tools.lint.checks.NotificationTrampolineDetector                    : loaded 2 times (x 167B)
Class com.android.tools.lint.checks.InternalInsetResourceDetector$Companion           : loaded 2 times (x 68B)
Class com.android.tools.lint.checks.IntentDetector                                    : loaded 2 times (x 167B)
Class com.android.ide.common.fonts.FontQueryParserError                               : loaded 2 times (x 79B)
Class com.android.tools.lint.checks.AppLinksAutoVerifyDetector                        : loaded 2 times (x 152B)
Class com.android.tools.lint.checks.ApiLookup$UnsupportedVersionException             : loaded 2 times (x 81B)
Class com.intellij.openapi.util.UserDataHolder                                        : loaded 2 times (x 67B)
Class com.android.tools.lint.detector.api.Issue                                       : loaded 2 times (x 72B)
Class com.android.tools.lint.Main$ArgumentState                                       : loaded 2 times (x 69B)
Class kotlin.collections.MapWithDefault                                               : loaded 2 times (x 67B)
Class org.jetbrains.kotlin.descriptors.DescriptorVisibilities$5                       : loaded 2 times (x 76B)
Class org.jetbrains.kotlin.metadata.jvm.JvmProtoBuf$JvmPropertySignatureOrBuilder     : loaded 2 times (x 67B)
Class org.jetbrains.kotlin.protobuf.GeneratedMessageLite$ExtendableMessage            : loaded 2 times (x 110B)
Class it.unimi.dsi.fastutil.objects.ObjectSpliterator                                 : loaded 2 times (x 67B)
Class kotlin.coroutines.jvm.internal.SuspendLambda                                    : loaded 2 times (x 88B)
Class kotlin.coroutines.jvm.internal.ContinuationImpl                                 : loaded 2 times (x 84B)
Class org.jetbrains.kotlin.gradle.tasks.configuration.BaseKotlinCompileConfig$2$1$1$2 : loaded 2 times (x 71B)
Class org.jetbrains.kotlin.gradle.plugin.mpp.KotlinCompilationsKt$addSourcesToKotlinCompileTask$configureAction$2: loaded 2 times (x 76B)
Class org.jetbrains.kotlin.gradle.plugin.mpp.compilationImpl.KotlinCompilationTaskNamesContainer: loaded 2 times (x 69B)
Class org.jetbrains.kotlin.gradle.plugin.mpp.compilationImpl.factory.KotlinCompilationImplFactory$KotlinCompilerOptionsFactory: loaded 2 times (x 67B)
Class org.jetbrains.kotlin.gradle.internal.properties.PropertiesBuildServiceKt$propertyWithDeprecatedName$1: loaded 2 times (x 72B)
Class org.jetbrains.kotlin.gradle.targets.js.npm.NpmDependencyExtension               : loaded 2 times (x 67B)
Class org.jetbrains.kotlin.gradle.plugin.LanguageSettingsBuilder                      : loaded 2 times (x 67B)
Class org.jetbrains.kotlin.gradle.plugin.diagnostics.checkers.WasmWasiEnvironmentChecker: loaded 2 times (x 73B)
Class org.jetbrains.kotlin.gradle.plugin.diagnostics.checkers.WasmJsEnvironmentChecker$3: loaded 2 times (x 75B)
Class org.jetbrains.kotlin.gradle.targets.ConfigureBuildSideEffectKt                  : loaded 2 times (x 68B)
Class org.jetbrains.kotlin.gradle.plugin.BuildEventsListenerRegistryHolder$Companion  : loaded 2 times (x 68B)
Class [Lorg.jetbrains.kotlin.statistics.metrics.StringMetrics;                        : loaded 2 times (x 66B)
Class org.jetbrains.kotlin.gradle.internal.properties.PropertiesBuildService$Inject   : loaded 2 times (x 93B)
Class com.google.common.util.concurrent.SettableFuture                                : loaded 2 times (x 111B)
Class com.google.common.cache.LocalCache$Strength$2                                   : loaded 2 times (x 78B)
Class com.android.tools.lint.checks.SecurityDetector$IdentifierVisitor                : loaded 2 times (x 124B)
Class com.android.tools.lint.checks.SdkSuppressDetector                               : loaded 2 times (x 167B)
Class com.android.tools.lint.checks.MergeRootFrameLayoutDetector                      : loaded 2 times (x 177B)
Class com.android.tools.lint.checks.LabelForDetector                                  : loaded 2 times (x 152B)
Class com.android.tools.lint.checks.FirebaseAnalyticsDetector                         : loaded 2 times (x 167B)
Class com.android.tools.lint.checks.AllowAllHostnameVerifierDetector                  : loaded 2 times (x 167B)
Class org.jetbrains.kotlin.gradle.dsl.AndroidMainSourceSetConventionsChecker          : loaded 2 times (x 71B)
Class com.android.tools.lint.detector.api.Intervals$Companion                         : loaded 2 times (x 68B)
Class org.jetbrains.kotlin.gradle.targets.js.npm.PeerNpmDependencyExtension           : loaded 2 times (x 67B)
Class [Lorg.jetbrains.kotlin.konan.target.Family;                                     : loaded 2 times (x 66B)
Class org.jetbrains.kotlin.gradle.plugin.diagnostics.checkers.UnusedSourceSetsChecker$runChecks$1: loaded 2 times (x 85B)
Class org.jetbrains.kotlin.konan.target.HostManager$targetValues$2                    : loaded 2 times (x 75B)
Class org.jetbrains.kotlin.gradle.tasks.CacheableTasksKt                              : loaded 2 times (x 68B)
Class org.jetbrains.kotlin.gradle.tasks.KotlinJvmCompile$DefaultImpls                 : loaded 2 times (x 68B)
Class org.jetbrains.kotlin.gradle.plugin.diagnostics.CheckKotlinGradlePluginConfigurationErrors$Companion: loaded 2 times (x 68B)
Class org.jetbrains.kotlin.descriptors.DescriptorVisibilities$6                       : loaded 2 times (x 76B)
Class kotlin.reflect.KTypeParameter                                                   : loaded 2 times (x 67B)
Class org.jetbrains.kotlin.protobuf.CodedOutputStream$OutOfSpaceException             : loaded 2 times (x 79B)
Class it.unimi.dsi.fastutil.ints.IntIterator                                          : loaded 2 times (x 67B)
Class build_326qo49o77xj9u1amurkpwo1g$_run_closure1                                   : loaded 2 times (x 136B)
Class com.google.common.collect.Interners$InternerImpl                                : loaded 2 times (x 72B)
Class com.google.common.collect.Interner                                              : loaded 2 times (x 67B)
Class com.google.common.io.ByteStreams                                                : loaded 2 times (x 68B)
Class com.google.common.collect.TransformedIterator                                   : loaded 2 times (x 77B)
Class com.google.common.collect.ComparisonChain$1                                     : loaded 2 times (x 78B)
Class com.google.common.collect.AllEqualOrdering                                      : loaded 2 times (x 111B)
Class org.jetbrains.kotlin.gradle.tasks.KotlinJavaToolchain$JdkSetter                 : loaded 2 times (x 67B)
Class org.jetbrains.kotlin.gradle.utils.ConfigurationCacheKt                          : loaded 2 times (x 68B)
Class org.jetbrains.kotlin.gradle.plugin.KotlinPluginLifecycle$ProjectConfigurationResult$Success: loaded 2 times (x 68B)
Class org.jetbrains.kotlin.gradle.internal.StdlibDependencyManagementKt$configureStdlibVersionAlignment$1: loaded 2 times (x 72B)
Class org.jetbrains.kotlin.gradle.plugin.diagnostics.checkers.OverriddenKotlinNativeHomeChecker$allKonanMainSubdirectoriesExist$1$1: loaded 2 times (x 72B)
Class org.jetbrains.kotlin.gradle.dsl.PlatformSourceSetConventionsChecker$CheckedPlatformInfo: loaded 2 times (x 69B)
Class org.jetbrains.kotlin.gradle.plugin.diagnostics.checkers.WasmJsEnvironmentChecker$4: loaded 2 times (x 75B)
Class org.jetbrains.kotlin.gradle.plugin.mpp.KotlinUsages$KotlinCinteropDisambiguation: loaded 2 times (x 73B)
Class org.jetbrains.kotlin.gradle.plugin.KotlinPluginInMultipleProjectsHolder         : loaded 2 times (x 69B)
Class org.jetbrains.kotlin.gradle.report.BuildReportType$Companion                    : loaded 2 times (x 68B)
Class com.google.common.cache.LocalCache$Strength$3                                   : loaded 2 times (x 78B)
Class com.intellij.util.containers.ConcurrentList                                     : loaded 2 times (x 67B)
Class org.jetbrains.kotlin.gradle.plugin.statistics.ExecutedTaskMetrics               : loaded 2 times (x 68B)
Class com.google.common.collect.MapMakerInternalMap$Strength$2                        : loaded 2 times (x 77B)
Class jdk.internal.jrtfs.SystemImage                                                  : loaded 2 times (x 71B)
Class com.android.tools.lint.client.api.Configuration                                 : loaded 2 times (x 91B)
Class org.jetbrains.kotlin.descriptors.DescriptorVisibilities$7                       : loaded 2 times (x 76B)
Class com.google.common.reflect.Invokable                                             : loaded 2 times (x 100B)
Class com.google.common.collect.MapMaker$Dummy                                        : loaded 2 times (x 76B)
Class org.jetbrains.kotlin.gradle.tasks.KotlinCompilerPluginData$InputsOutputsState   : loaded 2 times (x 69B)
Class org.jetbrains.kotlin.gradle.plugin.sources.FragmentConsistencyChecks$optInAnnotationsCheck$1: loaded 2 times (x 76B)
Class org.jetbrains.kotlin.gradle.plugin.mpp.AbstractKotlinCompilationToRunnableFiles : loaded 2 times (x 193B)
Class org.jetbrains.kotlin.gradle.artifacts.KotlinMetadataArtifactKt$KotlinMetadataArtifact$1: loaded 2 times (x 71B)
Class org.jetbrains.kotlin.gradle.plugin.mpp.KotlinUsages$KotlinMetadataCompatibility : loaded 2 times (x 73B)
Class [Lorg.jetbrains.kotlin.gradle.dsl.JvmTarget;                                    : loaded 2 times (x 66B)
Class org.jetbrains.kotlin.gradle.utils.ConfigurationsKt$maybeCreateResolvable$1      : loaded 2 times (x 75B)
Class org.jetbrains.kotlin.gradle.plugin.StatisticsBuildFlowManager$Companion         : loaded 2 times (x 68B)
Class org.jetbrains.kotlin.statistics.metrics.StringMetrics$Companion                 : loaded 2 times (x 68B)
Class org.jetbrains.kotlin.gradle.internal.properties.PropertiesBuildService$property$1$1: loaded 2 times (x 72B)
Class org.jetbrains.kotlin.tooling.core.Extras$Type                                   : loaded 2 times (x 69B)
Class org.objectweb.asm.FieldWriter                                                   : loaded 2 times (x 75B)
Class com.google.common.cache.CacheBuilder$NullListener                               : loaded 2 times (x 79B)
Class org.gradle.internal.classpath.TransformedClassPath                              : loaded 2 times (x 93B)
Class org.gradle.internal.classloader.InstrumentingClassLoader                        : loaded 2 times (x 67B)
Class com.android.tools.lint.checks.ViewConstructorDetector                           : loaded 2 times (x 167B)
Class org.jetbrains.uast.UDeclaration                                                 : loaded 2 times (x 67B)
Class com.android.tools.lint.checks.PublicKeyCredentialDetector                       : loaded 2 times (x 167B)
Class com.android.tools.lint.checks.PendingIntentMutableFlagDetector                  : loaded 2 times (x 167B)
Class com.android.tools.lint.checks.ConstraintLayoutDetector                          : loaded 2 times (x 151B)
Class com.android.tools.lint.checks.AppCompatCustomViewDetector                       : loaded 2 times (x 167B)
Class com.intellij.psi.PsiElement                                                     : loaded 2 times (x 67B)
Class [Lkotlin.text.RegexOption;                                                      : loaded 2 times (x 66B)
Class org.jetbrains.kotlin.cli.common.CompilerSystemProperties                        : loaded 2 times (x 77B)
Class org.jetbrains.kotlin.metadata.ProtoBuf$MemberKind                               : loaded 2 times (x 79B)
Class kotlin.reflect.jvm.internal.KProperty1Impl$$Lambda$1                            : loaded 2 times (x 73B)
Class org.jetbrains.kotlin.descriptors.DescriptorVisibilities$3                       : loaded 2 times (x 76B)
Class org.jetbrains.kotlin.descriptors.DescriptorVisibilities$8                       : loaded 2 times (x 76B)
Class org.jetbrains.kotlin.metadata.ProtoBuf$MemberKind$1                             : loaded 2 times (x 71B)
Class org.jetbrains.kotlin.resolve.jvm.JvmClassName                                   : loaded 2 times (x 73B)
Class it.unimi.dsi.fastutil.longs.LongSet                                             : loaded 2 times (x 67B)
Class [Lkotlin.coroutines.intrinsics.CoroutineSingletons;                             : loaded 2 times (x 66B)
Class it.unimi.dsi.fastutil.objects.ReferenceCollection                               : loaded 2 times (x 67B)
Class com.android.tools.lint.detector.api.LintModelModuleProject$Companion            : loaded 2 times (x 68B)
Class jdk.internal.jrtfs.SystemImage$1                                                : loaded 2 times (x 75B)
Class com.google.common.collect.ImmutableListMultimap                                 : loaded 2 times (x 173B)
Class org.jetbrains.kotlin.gradle.plugin.BuildFinishedListenerService$Companion       : loaded 2 times (x 68B)
Class org.jetbrains.kotlin.gradle.plugin.BuildFinishedListenerService                 : loaded 2 times (x 77B)
Class com.google.common.collect.ImmutableRangeSet$AsSet                               : loaded 2 times (x 297B)
Class org.jetbrains.kotlin.gradle.plugin.sources.FragmentConsistencyChecks$optInAnnotationsCheck$2: loaded 2 times (x 75B)
Class org.jetbrains.kotlin.gradle.targets.NativeForwardImplementationToApiElementsSideEffectKt$special$$inlined$KotlinTargetSideEffect$1: loaded 2 times (x 71B)
Class com.google.common.cache.CacheLoader$FunctionToCacheLoader                       : loaded 2 times (x 72B)
Class com.google.common.collect.Iterators$ArrayItr                                    : loaded 2 times (x 94B)
Class com.android.tools.lint.checks.OverrideDetector                                  : loaded 2 times (x 151B)
Class com.android.tools.lint.detector.api.ResourceContext                             : loaded 2 times (x 74B)
Class com.android.tools.lint.checks.AppBundleLocaleChangesDetector                    : loaded 2 times (x 176B)
Class com.android.tools.lint.checks.BidirectionalTextDetector$Companion               : loaded 2 times (x 68B)
Class org.jetbrains.kotlin.descriptors.DescriptorVisibilities$9                       : loaded 2 times (x 76B)
Class kotlin.collections.builders.ListBuilder$Companion                               : loaded 2 times (x 68B)
Class kotlin.collections.builders.ListBuilder                                         : loaded 2 times (x 204B)
Class jdk.internal.jrtfs.SystemImage$2                                                : loaded 2 times (x 73B)
Class build_abn2j4cv3solw1newpa47lrxe                                                 : loaded 2 times (x 177B)
Class com.google.common.collect.EmptyImmutableListMultimap                            : loaded 2 times (x 173B)
Class com.google.common.collect.BaseImmutableMultimap                                 : loaded 2 times (x 120B)
Class org.jetbrains.kotlin.gradle.tasks.configuration.BaseKotlinCompileConfig$1$3$2   : loaded 2 times (x 72B)
Class org.jetbrains.kotlin.gradle.tasks.AbstractKotlinCompileTool$sources$1           : loaded 2 times (x 76B)
Class org.jetbrains.kotlin.gradle.tasks.configuration.TaskConfigAction                : loaded 2 times (x 69B)
Class org.jetbrains.kotlin.gradle.plugin.diagnostics.checkers.OverriddenKotlinNativeHomeChecker$allKonanMainSubdirectoriesExist$1: loaded 2 times (x 72B)
Class org.jetbrains.kotlin.gradle.plugin.AbstractKotlinPlugin$Companion               : loaded 2 times (x 68B)
Class org.jetbrains.kotlin.gradle.plugin.KotlinSourceSetTree                          : loaded 2 times (x 69B)
Class org.jetbrains.kotlin.gradle.plugin.KotlinPluginLifecycle$Stage                  : loaded 2 times (x 76B)
Class org.jetbrains.kotlin.gradle.plugin.mpp.compilationImpl.KotlinCreateResourcesTaskSideEffectKt$KotlinCreateResourcesTaskSideEffect$1: loaded 2 times (x 71B)
Class org.jetbrains.kotlin.gradle.plugin.sources.KotlinSourceSetFactory               : loaded 2 times (x 77B)
Class org.jetbrains.kotlin.gradle.targets.native.toolchain.KotlinNativeBundleBuildService$Parameters_Decorated: loaded 2 times (x 140B)
Class org.jetbrains.kotlin.gradle.internal.ClassLoadersCachingBuildService$Companion  : loaded 2 times (x 68B)
Class com.google.common.base.Joiner                                                   : loaded 2 times (x 76B)
Class com.google.common.base.MoreObjects                                              : loaded 2 times (x 68B)
Class com.android.tools.lint.checks.ButtonDetector                                    : loaded 2 times (x 152B)
Class com.android.tools.lint.checks.WearMaterialThemeDetector$Companion               : loaded 2 times (x 68B)
Class com.android.tools.lint.checks.TileProviderDetector$Issues                       : loaded 2 times (x 68B)
Class com.android.tools.lint.checks.OpenForTestingDetector$Companion                  : loaded 2 times (x 68B)
Class com.android.tools.lint.checks.CredentialManagerSignInWithGoogleDetector         : loaded 2 times (x 167B)
Class com.android.tools.lint.detector.api.ClassContext                                : loaded 2 times (x 74B)
Class com.android.tools.lint.checks.MissingClassDetector                              : loaded 2 times (x 160B)
Class kotlin.reflect.KProperty0                                                       : loaded 2 times (x 67B)
Class com.android.tools.lint.checks.WearBackNavigationDetector$Issues                 : loaded 2 times (x 68B)
Class org.jetbrains.kotlin.metadata.ProtoBuf$PropertyOrBuilder                        : loaded 2 times (x 67B)
Class org.jetbrains.kotlin.metadata.ProtoBuf$Constructor$1                            : loaded 2 times (x 141B)
Class kotlin.Result                                                                   : loaded 2 times (x 69B)
Class com.intellij.openapi.util.Key                                                   : loaded 2 times (x 74B)
Class [Lorg.objectweb.asm.Attribute;                                                  : loaded 2 times (x 66B)
Class [Lorg.jetbrains.kotlin.build.report.metrics.BuildAttribute;                     : loaded 2 times (x 66B)
Class org.jetbrains.kotlin.gradle.utils.ProviderApiUtilsKt$mapOrNull$1$1              : loaded 2 times (x 72B)
Class org.jetbrains.kotlin.gradle.plugin.hierarchy.KotlinSourceSetTreeClassifier$Default: loaded 2 times (x 68B)
Class org.jetbrains.kotlin.gradle.plugin.mpp.InternalKotlinCompilationKt              : loaded 2 times (x 68B)
Class org.jetbrains.kotlin.gradle.tasks.configuration.AbstractKotlinCompileConfig     : loaded 2 times (x 69B)
Class org.jetbrains.kotlin.gradle.plugin.mpp.compilationImpl.KotlinCompilationImpl$attributes$2: loaded 2 times (x 76B)
Class org.jetbrains.kotlin.gradle.plugin.diagnostics.checkers.OverriddenKotlinNativeHomeChecker$StdlibExistenceCheckerValueSource: loaded 2 times (x 75B)
Class org.jetbrains.kotlin.gradle.utils.IsolatedKotlinClasspathClassCastException     : loaded 2 times (x 79B)
Class com.google.common.collect.Platform                                              : loaded 2 times (x 68B)
Class [Lorg.objectweb.asm.Type;                                                       : loaded 2 times (x 66B)
Class org.gradle.internal.service.ServiceLocator                                      : loaded 2 times (x 67B)
Class com.intellij.util.containers.ConcurrentRefValueHashMap$ValueReference           : loaded 2 times (x 67B)
Class com.intellij.util.containers.ConcurrentRefValueHashMap                          : loaded 2 times (x 146B)
Class com.intellij.DynamicBundle                                                      : loaded 2 times (x 75B)
Class com.android.tools.lint.checks.TrimDetector$Issues                               : loaded 2 times (x 68B)
Class com.android.tools.lint.checks.MissingResourcesPropertiesDetector                : loaded 2 times (x 150B)
Class com.android.tools.lint.checks.GradleDetector$Companion$playSdkIndexFactory$1    : loaded 2 times (x 75B)
Class com.android.tools.lint.checks.FullBackupContentDetector                         : loaded 2 times (x 151B)
Class com.android.tools.lint.checks.CredentialManagerDigitalAssetLinkDetector$Companion: loaded 2 times (x 68B)
Class com.android.tools.lint.checks.BuildListDetector$Issues                          : loaded 2 times (x 68B)
Class org.gradle.api.internal.ClassPathProvider                                       : loaded 2 times (x 67B)
Class [Lorg.gradle.api.internal.ClassPathProvider;                                    : loaded 2 times (x 66B)
Class org.jetbrains.kotlin.gradle.plugin.VariantImplementationFactories$Companion$getProvider$2$1: loaded 2 times (x 76B)
Class org.jetbrains.kotlin.statistics.metrics.NumericalMetrics                        : loaded 2 times (x 77B)
Class kotlin.reflect.KClass                                                           : loaded 2 times (x 67B)
Class kotlin.reflect.KProperty1                                                       : loaded 2 times (x 67B)
Class jdk.internal.jrtfs.JrtFileSystemProvider                                        : loaded 2 times (x 98B)
Class com.google.common.collect.ImmutableSortedMap$Builder                            : loaded 2 times (x 87B)
Class com.google.common.collect.HashBiMap$BiEntry                                     : loaded 2 times (x 80B)
Class org.jetbrains.kotlin.gradle.tasks.DefaultKotlinJavaToolchain$DefaultJavaToolchainSetter$useAsConvention$1: loaded 2 times (x 72B)
Class org.jetbrains.kotlin.gradle.plugin.KotlinCompilerArgumentsProducer$CreateCompilerArgumentsContext: loaded 2 times (x 67B)
Class org.jetbrains.kotlin.gradle.utils.GradleAttributesContainerUtilsKt$copyAttributeTo$1: loaded 2 times (x 76B)
Class org.jetbrains.kotlin.gradle.plugin.diagnostics.RenderReportedDiagnosticsKt      : loaded 2 times (x 68B)
Class org.jetbrains.kotlin.gradle.plugin.hierarchy.KotlinSourceSetTreeClassifierKt$classify$1: loaded 2 times (x 85B)
Class [Lorg.jetbrains.kotlin.konan.target.KonanTarget;                                : loaded 2 times (x 66B)
Class org.jetbrains.kotlin.gradle.plugin.diagnostics.checkers.WasmSourceSetsNotFoundChecker: loaded 2 times (x 71B)
Class org.jetbrains.kotlin.gradle.plugin.diagnostics.checkers.AndroidSourceSetLayoutV1SourceSetsNotFoundChecker$androidSourceSetRegex$2: loaded 2 times (x 75B)
Class org.jetbrains.kotlin.gradle.plugin.statistics.KotlinBuildStatsLoggerService$Companion: loaded 2 times (x 68B)
Class com.google.common.base.Ascii                                                    : loaded 2 times (x 68B)
Class com.google.common.collect.SingletonImmutableBiMap                               : loaded 2 times (x 140B)
Class com.google.common.cache.LocalCache$1                                            : loaded 2 times (x 86B)
Class com.google.common.collect.Iterators$SingletonIterator                           : loaded 2 times (x 78B)
Class com.google.common.collect.AbstractMapEntry                                      : loaded 2 times (x 78B)
Class com.intellij.openapi.progress.ProcessCanceledException                          : loaded 2 times (x 79B)
Class com.android.tools.lint.checks.UastImplementationDetector                        : loaded 2 times (x 167B)
Class [Lorg.jetbrains.kotlin.name.FqName;                                             : loaded 2 times (x 66B)
Class com.android.tools.lint.checks.MissingIdDetector                                 : loaded 2 times (x 151B)
Class com.android.tools.lint.checks.HighSensorSamplingRateDetector                    : loaded 2 times (x 151B)
Class com.android.tools.lint.checks.FontDetector                                      : loaded 2 times (x 152B)
Class com.android.tools.lint.checks.DosLineEndingDetector$Issues                      : loaded 2 times (x 68B)
Class com.android.tools.lint.checks.AppCompatCustomViewDetector$Companion             : loaded 2 times (x 68B)
Class org.jetbrains.kotlin.gradle.plugin.mpp.SyncLanguageSettingsWithKotlinExtensionSetupActionKt: loaded 2 times (x 68B)
Class org.jetbrains.kotlin.gradle.targets.CreateDefaultCompilationsSideEffectKt       : loaded 2 times (x 68B)
Class com.android.tools.lint.model.LintModelModuleReader                              : loaded 2 times (x 70B)
Class org.jetbrains.kotlin.gradle.plugin.diagnostics.checkers.KotlinSourceSetTreeDependsOnMismatchChecker: loaded 2 times (x 71B)
Class kotlin.reflect.KProperty2                                                       : loaded 2 times (x 67B)
Class kotlin.sequences.GeneratorSequence$iterator$1                                   : loaded 2 times (x 76B)
Class kotlin.internal.jdk7.JDK7PlatformImplementations                                : loaded 2 times (x 73B)
Class com.google.common.reflect.TypeToken$SimpleTypeToken                             : loaded 2 times (x 70B)
Class com.google.common.io.CharSource$StringCharSource                                : loaded 2 times (x 83B)
Class com.google.common.io.ByteSource$ByteArrayByteSource                             : loaded 2 times (x 82B)
Class com.google.common.collect.MapMakerInternalMap$AbstractStrongKeyEntry            : loaded 2 times (x 77B)
Class com.google.common.collect.AbstractSetMultimap                                   : loaded 2 times (x 171B)
Class org.jetbrains.kotlin.gradle.plugin.KotlinCompilationWithResources               : loaded 2 times (x 67B)
Class com.google.common.collect.Sets$ImprovedAbstractSet                              : loaded 2 times (x 132B)
Class com.google.common.collect.ImmutableList$Builder                                 : loaded 2 times (x 74B)
Class org.jetbrains.kotlin.gradle.plugin.KotlinTargetPreset                           : loaded 2 times (x 67B)
Class org.jetbrains.kotlin.gradle.plugin.diagnostics.checkers.KotlinTargetAlreadyDeclaredChecker: loaded 2 times (x 71B)
Class org.jetbrains.kotlin.gradle.plugin.mpp.compilationImpl.KotlinCompilationProcessorSideEffectKt: loaded 2 times (x 68B)
Class org.jetbrains.kotlin.gradle.utils.FileUtilsKt$localProperties$1                 : loaded 2 times (x 72B)
Class org.jetbrains.kotlin.gradle.dsl.HasConfigurableKotlinCompilerOptions            : loaded 2 times (x 67B)
Class com.google.common.collect.AbstractMultimap                                      : loaded 2 times (x 120B)
Class com.google.common.cache.LocalCache$2                                            : loaded 2 times (x 139B)
Class com.android.tools.lint.checks.ViewBindingTypeDetector$Companion                 : loaded 2 times (x 68B)
Class org.jetbrains.kotlin.gradle.dsl.PlatformSourceSetConventionsChecker             : loaded 2 times (x 71B)
Class com.android.tools.lint.checks.InteroperabilityDetector                          : loaded 2 times (x 167B)
Class com.android.ide.common.gradle.Component                                         : loaded 2 times (x 69B)
Class com.android.tools.lint.checks.CordovaVersionDetector                            : loaded 2 times (x 151B)
Class com.android.tools.lint.checks.BinderGetCallingInMainThreadDetector$Companion    : loaded 2 times (x 68B)
Class com.android.tools.lint.checks.ArraySizeDetector                                 : loaded 2 times (x 152B)
Class com.android.tools.lint.detector.api.Issue$Companion                             : loaded 2 times (x 68B)
Class org.jetbrains.kotlin.gradle.plugin.KotlinPluginLifecycleCoroutineContextElement : loaded 2 times (x 81B)
Class org.jetbrains.kotlin.gradle.tasks.configuration.KaptGenerateStubsConfig$Companion$wireJavaAndKotlinOutputs$1: loaded 2 times (x 76B)
Class kotlin.ReplaceWith                                                              : loaded 2 times (x 67B)
Class kotlin.reflect.jvm.internal.CacheByClass                                        : loaded 2 times (x 70B)
Class org.jetbrains.kotlin.metadata.deserialization.ProtoBufUtilKt                    : loaded 2 times (x 68B)
Class it.unimi.dsi.fastutil.ints.IntSpliterator                                       : loaded 2 times (x 67B)
Class kotlin.coroutines.CoroutineContext$Element                                      : loaded 2 times (x 67B)
Class kotlin.io.TerminateException                                                    : loaded 2 times (x 79B)
Class org.jetbrains.kotlin.gradle.tasks.configuration.AbstractKotlinCompileConfig$2$1 : loaded 2 times (x 76B)
Class org.jetbrains.kotlin.gradle.tasks.DefaultKotlinJavaToolchain_Decorated          : loaded 2 times (x 123B)
Class org.jetbrains.kotlin.gradle.plugin.statistics.KotlinProjectConfigurationMetrics : loaded 2 times (x 68B)
Class org.jetbrains.kotlin.gradle.plugin.KotlinCompilationInfo$TCS                    : loaded 2 times (x 86B)
Class com.google.common.collect.ImmutableRangeSet$1                                   : loaded 2 times (x 207B)
Class org.jetbrains.kotlin.gradle.plugin.mpp.HasBinaries                              : loaded 2 times (x 67B)
Class org.jetbrains.kotlin.gradle.dsl.KotlinCommonOptions                             : loaded 2 times (x 67B)
Class org.jetbrains.kotlin.gradle.plugin.mpp.compilationImpl.KotlinCreateSourcesJarTaskSideEffectKt: loaded 2 times (x 68B)
Class org.jetbrains.kotlin.gradle.dsl.KotlinJvmProjectExtension                       : loaded 2 times (x 144B)
Class org.jetbrains.kotlin.gradle.plugin.KotlinGradlePluginExtensionPointInternalKt   : loaded 2 times (x 68B)
Class org.jetbrains.kotlin.gradle.targets.native.toolchain.UsesKotlinNativeBundleBuildService: loaded 2 times (x 67B)
Class org.jetbrains.kotlin.gradle.plugin.KotlinCompilerArgumentsProducer              : loaded 2 times (x 67B)
Class org.jetbrains.kotlin.build.report.metrics.ValueType                             : loaded 2 times (x 76B)
Class com.android.tools.lint.checks.WatchFaceFormatVersionDetector$Companion          : loaded 2 times (x 68B)
Class com.android.tools.lint.checks.SetTextDetector                                   : loaded 2 times (x 167B)
Class com.android.tools.lint.checks.ScopedStorageDetector$Companion                   : loaded 2 times (x 68B)
Class com.android.tools.lint.checks.ActivityIconColorDetector                         : loaded 2 times (x 181B)
Class com.android.tools.lint.detector.api.ApiConstraint$SdkApiConstraint              : loaded 2 times (x 91B)
Class org.jetbrains.kotlin.gradle.tasks.configuration.BaseKotlinCompileConfig$1$3$classpathEntrySnapshotFiles$1: loaded 2 times (x 71B)
Class com.google.common.collect.NaturalOrdering                                       : loaded 2 times (x 112B)
Class com.google.common.collect.Maps$ViewCachingAbstractMap                           : loaded 2 times (x 122B)
Class com.android.tools.lint.client.api.CompositeIssueRegistry                        : loaded 2 times (x 80B)
Class org.jetbrains.kotlin.metadata.deserialization.MetadataVersion                   : loaded 2 times (x 71B)
Class org.jetbrains.kotlin.protobuf.AbstractMessageLite$Builder                       : loaded 2 times (x 119B)
Class org.jetbrains.kotlin.protobuf.Internal$EnumLiteMap                              : loaded 2 times (x 67B)
Class org.jetbrains.kotlin.protobuf.GeneratedMessageLite                              : loaded 2 times (x 98B)
Class org.jetbrains.kotlin.cli.common.messages.MessageCollector$Companion             : loaded 2 times (x 68B)
Class kotlin.io.LinesSequence$iterator$1                                              : loaded 2 times (x 76B)
Class build_2cbidxsuegrhrilcfywse7zmf$_run_closure1                                   : loaded 2 times (x 136B)
Class com.google.common.base.Optional                                                 : loaded 2 times (x 77B)
Class org.jetbrains.kotlin.build.report.metrics.BuildTimes$Companion                  : loaded 2 times (x 68B)
Class org.jetbrains.kotlin.gradle.tasks.configuration.BaseKotlinCompileConfig$1$classpathConfiguration$1: loaded 2 times (x 72B)
Class com.google.common.collect.Range                                                 : loaded 2 times (x 84B)
Class org.jetbrains.kotlin.gradle.targets.js.npm.NpmDependencyExtensionDelegate       : loaded 2 times (x 164B)
Class org.jetbrains.kotlin.gradle.plugin.sources.FragmentConsistencyChecker           : loaded 2 times (x 69B)
Class org.jetbrains.kotlin.gradle.dsl.DefaultToolchainSupport_Decorated               : loaded 2 times (x 121B)
Class org.jetbrains.kotlin.gradle.internal.properties.NativePropertiesLoader$jvmArgs$1: loaded 2 times (x 72B)
Class org.jetbrains.kotlin.gradle.report.BuildMetricsService$Companion                : loaded 2 times (x 68B)
Class org.jetbrains.kotlin.gradle.tasks.KotlinCompileTool                             : loaded 2 times (x 67B)
Class org.jetbrains.kotlin.gradle.utils.SingleAction$PerformedActions                 : loaded 2 times (x 69B)
Class org.jetbrains.kotlin.gradle.plugin.VariantImplementationFactories$Parameters_Decorated: loaded 2 times (x 131B)
Class org.jetbrains.kotlin.gradle.plugin.PropertiesProvider$PropertyNames             : loaded 2 times (x 68B)
Class org.jetbrains.kotlin.gradle.utils.GradleUtilsKt                                 : loaded 2 times (x 68B)
Class org.jetbrains.kotlin.gradle.plugin.HasProject                                   : loaded 2 times (x 67B)
Class com.google.common.util.concurrent.AbstractFuture$Trusted                        : loaded 2 times (x 67B)
Class com.google.common.collect.Iterators                                             : loaded 2 times (x 68B)
Class com.google.common.collect.MapMakerInternalMap$Strength$1                        : loaded 2 times (x 77B)
Class com.android.tools.lint.checks.WebViewClientDetector                             : loaded 2 times (x 167B)
Class com.android.tools.lint.checks.NoOpDetector$Issues                               : loaded 2 times (x 68B)
Class com.android.tools.lint.checks.EmptySuperDetector$Companion                      : loaded 2 times (x 68B)
Class com.google.common.io.CharSource$ConcatenatedCharSource                          : loaded 2 times (x 83B)
Class com.android.tools.lint.model.LintModelVariantReader                             : loaded 2 times (x 70B)
Class build_abn2j4cv3solw1newpa47lrxe$_run_closure1                                   : loaded 2 times (x 136B)
Class org.jetbrains.kotlin.load.kotlin.KotlinJvmBinaryClass                           : loaded 2 times (x 67B)
Class org.jetbrains.kotlin.config.KotlinCompilerVersion                               : loaded 2 times (x 68B)
Class org.jetbrains.kotlin.descriptors.Visibilities$Unknown                           : loaded 2 times (x 76B)
Class org.jetbrains.kotlin.descriptors.Visibilities$Inherited                         : loaded 2 times (x 76B)
Class kotlin.reflect.jvm.internal.KMutableProperty1Impl                               : loaded 2 times (x 132B)
Class org.jetbrains.kotlin.protobuf.Parser                                            : loaded 2 times (x 67B)
Class kotlin.coroutines.ContinuationInterceptor$Key                                   : loaded 2 times (x 68B)
Class kotlin.text.DelimitedRangesSequence$iterator$1                                  : loaded 2 times (x 76B)
Class jdk.internal.jrtfs.JrtDirectoryStream$1                                         : loaded 2 times (x 80B)
Class jdk.internal.jimage.ImageLocation                                               : loaded 2 times (x 87B)
Class kotlin.sequences.SequenceScope                                                  : loaded 2 times (x 70B)
Class build_6njktbe2g5mxeop99a97ef23l                                                 : loaded 2 times (x 177B)
Class com.google.common.io.ByteSink$AsCharSink                                        : loaded 2 times (x 77B)
Class com.google.common.collect.ExplicitOrdering                                      : loaded 2 times (x 112B)
Class org.jetbrains.kotlin.gradle.tasks.configuration.AbstractKotlinCompileConfig$2$3 : loaded 2 times (x 72B)
Class org.jetbrains.kotlin.gradle.tasks.configuration.BaseKotlinCompileConfig         : loaded 2 times (x 69B)
Class org.jetbrains.kotlin.gradle.plugin.mpp.compilationImpl.factory.KotlinCompilationImplFactory$KotlinCompilationTaskNamesContainerFactory: loaded 2 times (x 67B)
Class org.jetbrains.kotlin.gradle.internal.KotlinDependenciesManagementKt$CustomizeKotlinDependenciesSetupAction$1$coreLibrariesVersion$1: loaded 2 times (x 76B)
Class org.jetbrains.kotlin.gradle.plugin.diagnostics.checkers.CInteropInputChecker$runChecks$1: loaded 2 times (x 85B)
Class org.jetbrains.kotlin.gradle.ExperimentalKotlinGradlePluginApi                   : loaded 2 times (x 67B)
Class org.jetbrains.kotlin.gradle.internal.properties.NativePropertiesLoader          : loaded 2 times (x 83B)
Class org.jetbrains.kotlin.statistics.metrics.NumberAnonymizationPolicy$SAFE          : loaded 2 times (x 82B)
Class org.jetbrains.kotlin.gradle.plugin.statistics.BuildFusService                   : loaded 2 times (x 81B)
Class com.google.common.util.concurrent.UncheckedExecutionException                   : loaded 2 times (x 79B)
Class org.jetbrains.kotlin.platform.jvm.JvmPlatforms                                  : loaded 2 times (x 68B)
Class com.android.tools.lint.checks.TypographyDetector$Companion                      : loaded 2 times (x 68B)
Class com.android.tools.lint.checks.RestrictToDetector$Companion                      : loaded 2 times (x 68B)
Class com.android.tools.lint.checks.PxUsageDetector                                   : loaded 2 times (x 151B)
Class com.android.tools.lint.checks.MediaBrowserServiceCompatVersionDetector$Issues   : loaded 2 times (x 68B)
Class com.intellij.pom.Navigatable                                                    : loaded 2 times (x 67B)
Class com.android.tools.lint.detector.api.Location$Companion$NONE$1                   : loaded 2 times (x 82B)
Class org.jetbrains.kotlin.protobuf.ExtensionRegistryLite                             : loaded 2 times (x 71B)
Class com.android.tools.lint.checks.optional.AospIssueRegistry                        : loaded 2 times (x 79B)
Class org.jetbrains.kotlin.protobuf.WireFormat$JavaType                               : loaded 2 times (x 76B)
Class org.jetbrains.kotlin.gradle.tasks.configuration.AbstractKotlinCompileConfig$2$4 : loaded 2 times (x 72B)
Class org.jetbrains.kotlin.gradle.tasks.KotlinCompile$scriptSources$1                 : loaded 2 times (x 72B)
Class org.jetbrains.kotlin.build.report.metrics.BuildAttribute$Companion              : loaded 2 times (x 68B)
Class org.jetbrains.kotlin.gradle.plugin.diagnostics.checkers.CInteropInputChecker$runChecks$2: loaded 2 times (x 72B)
Class org.jetbrains.kotlin.gradle.tasks.configuration.KaptGenerateStubsConfig$Companion: loaded 2 times (x 68B)
Class org.jetbrains.kotlin.gradle.internal.KotlinTestDependencyManagementKt$maybeAddTestDependencyCapability$1: loaded 2 times (x 72B)
Class org.jetbrains.kotlin.gradle.plugin.diagnostics.CheckKotlinGradlePluginConfigurationErrorsKt: loaded 2 times (x 68B)
Class org.jetbrains.kotlin.gradle.targets.js.npm.NpmDependencyExtensionKt$AddNpmDependencyExtensionProjectSetupAction$1$WhenMappings: loaded 2 times (x 68B)
Class org.jetbrains.kotlin.gradle.plugin.mpp.KotlinJvmAndroidCompilation              : loaded 2 times (x 195B)
Class org.jetbrains.kotlin.gradle.targets.CreateDefaultCompilationsSideEffectKt$CreateDefaultCompilationsSideEffect$1: loaded 2 times (x 71B)
Class org.jetbrains.kotlin.gradle.targets.native.internal.AddKotlinPlatformIntegersSupportLibraryKt$AddKotlinPlatformIntegersSupportLibrary$1: loaded 2 times (x 92B)
Class org.jetbrains.kotlin.gradle.plugin.mpp.ApplyUserDefinedAttributesKt             : loaded 2 times (x 68B)
Class org.jetbrains.kotlin.tooling.core.TypeUtils$WhenMappings                        : loaded 2 times (x 68B)
Class org.jetbrains.kotlin.gradle.utils.FutureImpl                                    : loaded 2 times (x 77B)
Class org.jetbrains.kotlin.gradle.internal.properties.NativePropertiesLoader$isToolchainEnabled$1: loaded 2 times (x 72B)
Class [Lorg.jetbrains.kotlin.statistics.metrics.NumericalMetrics;                     : loaded 2 times (x 66B)
Class org.gradle.internal.InternalTransformer                                         : loaded 2 times (x 67B)
Class it.unimi.dsi.fastutil.ints.Int2ObjectFunction                                   : loaded 2 times (x 67B)
Class it.unimi.dsi.fastutil.objects.ObjectBidirectionalIterable                       : loaded 2 times (x 67B)
Class com.intellij.pom.PomRenameableTarget                                            : loaded 2 times (x 67B)
Class com.intellij.lang.jvm.JvmModifiersOwner                                         : loaded 2 times (x 67B)
Class org.jetbrains.kotlin.metadata.jvm.JvmProtoBuf$JvmFieldSignature                 : loaded 2 times (x 105B)
Class com.android.tools.lint.checks.AndroidAutoDetector                               : loaded 2 times (x 177B)
Class org.jetbrains.kotlin.metadata.ProtoBuf$Modality                                 : loaded 2 times (x 79B)
Class kotlin.reflect.jvm.internal.KProperty1Impl$$Lambda$0                            : loaded 2 times (x 73B)
Class org.jetbrains.kotlin.descriptors.DescriptorVisibilities$2                       : loaded 2 times (x 76B)
Class com.android.tools.lint.detector.api.FileScanner                                 : loaded 2 times (x 67B)
Class com.intellij.psi.PsiTypeParameterListOwner                                      : loaded 2 times (x 67B)
Class org.jetbrains.uast.UAnnotated                                                   : loaded 2 times (x 67B)
Class com.android.tools.lint.checks.OpenForTestingDetector                            : loaded 2 times (x 167B)
Class com.android.tools.lint.checks.ViewHolderDetector                                : loaded 2 times (x 167B)
Class kotlin.DeprecationLevel                                                         : loaded 2 times (x 76B)
Class kotlin.jvm.JvmStatic                                                            : loaded 2 times (x 67B)
Class org.jetbrains.kotlin.descriptors.Visibilities$PrivateToThis                     : loaded 2 times (x 76B)
Class kotlin.reflect.jvm.internal.ReflectionFactoryImpl                               : loaded 2 times (x 88B)
Class org.jetbrains.kotlin.protobuf.SmallSortedMap$1                                  : loaded 2 times (x 127B)
Class it.unimi.dsi.fastutil.ints.IntArraySet                                          : loaded 2 times (x 232B)
Class jdk.internal.jimage.ImageBufferCache$1                                          : loaded 2 times (x 80B)
Class com.google.common.collect.ImmutableBiMap$Builder                                : loaded 2 times (x 79B)
Class com.google.common.collect.HashMultimapGwtSerializationDependencies              : loaded 2 times (x 171B)
Class org.jetbrains.kotlin.gradle.tasks.CompileUsingKotlinDaemonWithNormalization     : loaded 2 times (x 67B)
Class org.jetbrains.kotlin.gradle.plugin.mpp.compilationImpl.factory.KotlinCompilationImplFactory$PostConfigure$Companion: loaded 2 times (x 68B)
Class com.google.common.collect.AbstractMapBasedMultimap$KeySet$1                     : loaded 2 times (x 79B)
Class org.jetbrains.kotlin.gradle.internal.KotlinDomApiDependencyManagementKt$configureKotlinDomApiDefaultDependency$1: loaded 2 times (x 76B)
Class org.jetbrains.kotlin.gradle.targets.js.npm.DefaultDevNpmDependencyExtension     : loaded 2 times (x 142B)
Class [Lorg.jetbrains.kotlin.gradle.plugin.HasKotlinDependencies;                     : loaded 2 times (x 66B)
Class org.jetbrains.kotlin.gradle.tasks.DefaultKotlinJavaToolchain$Companion$wireJvmTargetToToolchain$1: loaded 2 times (x 72B)
Class org.jetbrains.kotlin.gradle.plugin.diagnostics.checkers.JsLikeEnvironmentChecker: loaded 2 times (x 73B)
Class org.jetbrains.kotlin.gradle.plugin.KotlinPlatformType                           : loaded 2 times (x 79B)
Class org.jetbrains.kotlin.gradle.internal.properties.PropertiesBuildServiceKt        : loaded 2 times (x 68B)
Class org.jetbrains.kotlin.gradle.plugin.KotlinGradleBuildServices$Companion          : loaded 2 times (x 68B)
Class org.objectweb.asm.ClassWriter                                                   : loaded 2 times (x 103B)
Class com.google.common.cache.CacheLoader$UnsupportedLoadingOperationException        : loaded 2 times (x 79B)
Class org.gradle.internal.classloader.ClasspathUtil$1                                 : loaded 2 times (x 73B)
Class com.intellij.util.containers.ObjectIntMap                                       : loaded 2 times (x 67B)
Class com.android.tools.lint.checks.WatchFaceFormatVersionDetector                    : loaded 2 times (x 153B)
Class com.android.tools.lint.checks.Utf8Detector                                      : loaded 2 times (x 151B)
Class org.jetbrains.uast.UClass                                                       : loaded 2 times (x 67B)
Class com.android.tools.lint.checks.ShortcutUsageDetector                             : loaded 2 times (x 167B)
Class com.android.tools.lint.checks.ManifestResourceDetector                          : loaded 2 times (x 151B)
Class com.android.tools.lint.checks.CanvasSizeDetector                                : loaded 2 times (x 167B)
Class com.android.tools.lint.checks.WearableConfigurationActionDetector               : loaded 2 times (x 152B)
Class com.intellij.util.containers.CollectionFactory                                  : loaded 2 times (x 68B)
Class com.android.tools.lint.CliConfiguration                                         : loaded 2 times (x 104B)
Class org.jetbrains.kotlin.protobuf.BoundedByteString                                 : loaded 2 times (x 109B)
Class kotlin.coroutines.ContinuationKt                                                : loaded 2 times (x 68B)
Class kotlin.collections.builders.ListBuilderKt                                       : loaded 2 times (x 68B)
Class jdk.internal.jimage.ImageBufferCache$2                                          : loaded 2 times (x 88B)
Class com.google.common.collect.FluentIterable$1                                      : loaded 2 times (x 78B)
Class com.google.common.base.Objects                                                  : loaded 2 times (x 68B)
Class org.jetbrains.kotlin.gradle.plugin.diagnostics.TransformActionUsingKotlinToolingDiagnostics$Companion: loaded 2 times (x 68B)
Class org.jetbrains.kotlin.gradle.plugin.BuildFinishedListenerService$Companion$registerIfAbsent$1: loaded 2 times (x 71B)
Class com.google.common.collect.AbstractMapBasedMultimap$Itr                          : loaded 2 times (x 80B)
Class org.jetbrains.kotlin.gradle.plugin.diagnostics.ToolingDiagnosticRenderingOptions$Companion: loaded 2 times (x 68B)
Class org.jetbrains.kotlin.gradle.dsl.KotlinJvmCompilerOptionsHelper                  : loaded 2 times (x 68B)
Class org.jetbrains.kotlin.gradle.tasks.DefaultKotlinJavaToolchain$Companion$wireJvmTargetToToolchain$2: loaded 2 times (x 72B)
Class org.jetbrains.kotlin.gradle.plugin.ProjectLocalConfigurations$ProjectLocalDisambiguation: loaded 2 times (x 73B)
Class org.jetbrains.kotlin.gradle.plugin.mpp.apple.swiftexport.internal.SwiftExportInitKt: loaded 2 times (x 68B)
Class org.jetbrains.kotlin.gradle.internal.properties.PropertiesBuildService$NullableStringGradleProperty: loaded 2 times (x 73B)
Class org.jetbrains.kotlin.gradle.plugin.KotlinGradleBuildServices$detectKotlinPluginLoadedInMultipleProjects$onRegister$1$1: loaded 2 times (x 72B)
Class org.jetbrains.kotlin.gradle.plugin.internal.ConfigurationCacheStartParameterAccessor$Factory: loaded 2 times (x 67B)
Class org.objectweb.asm.FieldVisitor                                                  : loaded 2 times (x 74B)
Class com.google.common.collect.IndexedImmutableSet                                   : loaded 2 times (x 149B)
Class com.google.common.collect.ImmutableMap$1                                        : loaded 2 times (x 78B)
Class org.gradle.api.internal.classpath.DefaultModuleRegistry$DefaultModule           : loaded 2 times (x 83B)
Class it.unimi.dsi.fastutil.objects.AbstractObjectSortedSet                           : loaded 2 times (x 298B)
Class org.gradle.api.internal.DefaultClassPathProvider                                : loaded 2 times (x 73B)
Class org.jetbrains.kotlin.platform.jvm.JvmPlatform                                   : loaded 2 times (x 72B)
Class com.android.tools.lint.checks.SyntheticAccessorDetector$Companion               : loaded 2 times (x 68B)
Class com.android.tools.lint.checks.StringCasingDetector                              : loaded 2 times (x 152B)
Class com.android.tools.lint.checks.NotificationPermissionDetector                    : loaded 2 times (x 175B)
Class org.objectweb.asm.AnnotationVisitor                                             : loaded 2 times (x 75B)
Class com.android.tools.lint.checks.LocaleDetector                                    : loaded 2 times (x 167B)
Class com.intellij.psi.PsiJvmMember                                                   : loaded 2 times (x 67B)
Class com.android.tools.lint.checks.FileEndsWithDetector                              : loaded 2 times (x 167B)
Class com.android.tools.lint.checks.CredentialManagerDigitalAssetLinkDetector         : loaded 2 times (x 167B)
Class com.android.tools.lint.checks.AssertDetector$Issues                             : loaded 2 times (x 68B)
Class org.jetbrains.kotlin.gradle.plugin.VariantImplementationFactoriesConfigurator$Companion$getProvider$1: loaded 2 times (x 71B)
Class org.jetbrains.kotlin.gradle.plugin.PropertiesProvider$kotlinExperimentalTryNext$1: loaded 2 times (x 72B)
Class org.jetbrains.kotlin.descriptors.Visibilities$InvisibleFake                     : loaded 2 times (x 76B)
Class kotlin.reflect.jvm.internal.ClassValueCache                                     : loaded 2 times (x 71B)
Class org.jetbrains.kotlin.protobuf.UninitializedMessageException                     : loaded 2 times (x 81B)
Class org.jetbrains.kotlin.metadata.ProtoBuf$TypeParameter$Variance                   : loaded 2 times (x 79B)
Class kotlin.ResultKt                                                                 : loaded 2 times (x 68B)
Class build_cl15ik6ueg67tnardlg47lsg1$_run_closure1                                   : loaded 2 times (x 136B)
Class com.google.common.collect.FluentIterable$2                                      : loaded 2 times (x 78B)
Class com.google.common.base.Absent                                                   : loaded 2 times (x 77B)
Class org.jetbrains.kotlin.buildtools.api.KotlinLogger                                : loaded 2 times (x 67B)
Class org.jetbrains.kotlin.gradle.internal.transforms.BuildToolsApiClasspathEntrySnapshotTransform$Parameters$Inject: loaded 2 times (x 116B)
Class com.google.common.collect.NullsFirstOrdering                                    : loaded 2 times (x 112B)
Class org.jetbrains.kotlin.gradle.plugin.diagnostics.CheckKotlinGradlePluginConfigurationErrors_Decorated: loaded 2 times (x 362B)
Class org.jetbrains.kotlin.gradle.plugin.mpp.compilationImpl.KotlinCompilationSourceSetInclusion$DefaultAddSourcesToCompileTask$addSources$1: loaded 2 times (x 76B)
Class org.jetbrains.kotlin.gradle.plugin.diagnostics.checkers.WasmSourceSetsNotFoundChecker$wasmSourceSetRegex$2: loaded 2 times (x 75B)
Class org.jetbrains.kotlin.gradle.plugin.mpp.compilationImpl.KotlinCompilationSideEffect: loaded 2 times (x 67B)
Class org.jetbrains.kotlin.gradle.plugin.KotlinGradlePluginExtensionPoint             : loaded 2 times (x 67B)
Class org.jetbrains.kotlin.tooling.core.ExtrasUtilsKt                                 : loaded 2 times (x 68B)
Class org.jetbrains.kotlin.buildtools.api.ExperimentalBuildToolsApi                   : loaded 2 times (x 67B)
Class org.jetbrains.kotlin.gradle.utils.ResourceUtilsKt                               : loaded 2 times (x 68B)
Class org.jetbrains.kotlin.gradle.plugin.KotlinPluginWrapperKt$kotlinPluginVersionFromResources$1: loaded 2 times (x 75B)
Class com.google.common.collect.AbstractIterator                                      : loaded 2 times (x 79B)
Class org.jetbrains.kotlin.platform.TargetPlatform                                    : loaded 2 times (x 116B)
Class com.intellij.psi.PsiVariable                                                    : loaded 2 times (x 67B)
Class com.android.tools.lint.checks.TranslationDetector$Companion                     : loaded 2 times (x 68B)
Class com.intellij.lang.jvm.types.JvmPrimitiveTypeKind                                : loaded 2 times (x 69B)
Class com.android.tools.lint.checks.RestrictToDetector                                : loaded 2 times (x 167B)
Class org.jetbrains.kotlin.statistics.metrics.BooleanOverridePolicy$OVERRIDE          : loaded 2 times (x 82B)
Class org.jetbrains.kotlin.statistics.metrics.BooleanAnonymizationPolicy              : loaded 2 times (x 82B)
Class org.jetbrains.kotlin.serialization.deserialization.ProtoEnumFlagsUtilsKt        : loaded 2 times (x 68B)
Class kotlin.Deprecated                                                               : loaded 2 times (x 67B)
Class org.jetbrains.kotlin.descriptors.Named                                          : loaded 2 times (x 67B)
Class org.jetbrains.kotlin.metadata.ProtoBuf$Visibility$1                             : loaded 2 times (x 71B)
Class org.jetbrains.kotlin.metadata.deserialization.NameResolver                      : loaded 2 times (x 67B)
Class org.jetbrains.kotlin.protobuf.GeneratedMessageLite$ExtensionDescriptor          : loaded 2 times (x 81B)
Class org.jetbrains.kotlin.protobuf.InvalidProtocolBufferException                    : loaded 2 times (x 81B)
Class kotlin.Result$Failure                                                           : loaded 2 times (x 69B)
Class kotlin.collections.IndexingIterable                                             : loaded 2 times (x 76B)
Class com.google.common.collect.FluentIterable$3                                      : loaded 2 times (x 78B)
Class org.jetbrains.kotlin.gradle.tasks.UsesKotlinJavaToolchain$DefaultImpls          : loaded 2 times (x 68B)
Class org.jetbrains.kotlin.build.report.metrics.BuildAttributeKind$Companion          : loaded 2 times (x 68B)
Class org.jetbrains.kotlin.gradle.plugin.mpp.KotlinTargetSoftwareComponentImplKt$KotlinTargetSoftwareComponent$1$1$1: loaded 2 times (x 72B)
Class org.jetbrains.kotlin.gradle.tasks.configuration.KaptGenerateStubsConfig$Companion$configureLibraries$1: loaded 2 times (x 76B)
Class org.jetbrains.kotlin.gradle.plugin.mpp.compilationImpl.KotlinCompilationSourceSetInclusion$DefaultAddSourcesToCompileTask$addSources$2: loaded 2 times (x 76B)
Class org.jetbrains.kotlin.gradle.tasks.AbstractKotlinCompile                         : loaded 2 times (x 451B)
Class org.jetbrains.kotlin.gradle.plugin.KotlinCompilationOutput                      : loaded 2 times (x 67B)
Class org.jetbrains.kotlin.gradle.plugin.diagnostics.CheckKotlinGradlePluginConfigurationErrorsKt$addDependsOnFromTasksThatShouldFailWhenErrorsReported$1: loaded 2 times (x 72B)
Class org.jetbrains.kotlin.konan.target.KonanTarget$TVOS_X64                          : loaded 2 times (x 75B)
Class org.jetbrains.kotlin.gradle.plugin.diagnostics.KotlinToolingDiagnosticsSetupActionKt: loaded 2 times (x 68B)
Class org.jetbrains.kotlin.gradle.plugin.KotlinGradleBuildServices$Parameters$Inject  : loaded 2 times (x 103B)
Class org.jetbrains.kotlin.gradle.plugin.KotlinPluginWrapperKt$kotlinPluginVersionFromResources$1$1: loaded 2 times (x 68B)
Class com.google.common.collect.ObjectArrays                                          : loaded 2 times (x 68B)
Class com.google.common.collect.Multiset                                              : loaded 2 times (x 67B)
Class com.google.common.collect.ArrayListMultimapGwtSerializationDependencies         : loaded 2 times (x 169B)
Class com.google.common.collect.AbstractIndexedListIterator                           : loaded 2 times (x 93B)
Class it.unimi.dsi.fastutil.ints.Int2ObjectMap$FastEntrySet                           : loaded 2 times (x 67B)
Class com.intellij.openapi.diagnostic.Logger$Factory                                  : loaded 2 times (x 67B)
Class com.android.tools.lint.checks.ResourcePrefixDetector                            : loaded 2 times (x 156B)
Class [Lorg.jetbrains.kotlin.name.ClassId;                                            : loaded 2 times (x 66B)
Class com.android.tools.lint.checks.MissingInflatedIdDetector$Companion               : loaded 2 times (x 68B)
Class com.android.tools.lint.detector.api.Option                                      : loaded 2 times (x 73B)
Class com.intellij.psi.PsiTarget                                                      : loaded 2 times (x 67B)
Class org.jetbrains.kotlin.gradle.targets.native.toolchain.KotlinNativeBundleBuildService$Companion$registerIfAbsent$1: loaded 2 times (x 72B)
Class org.jetbrains.kotlin.gradle.utils.ProviderApiUtilsKt$mapOrNull$1                : loaded 2 times (x 72B)
Class org.jetbrains.kotlin.gradle.targets.CreateDefaultTestRunSideEffectKt            : loaded 2 times (x 68B)
Class org.jetbrains.kotlin.konan.target.KonanTarget                                   : loaded 2 times (x 75B)
Class kotlin.reflect.jvm.internal.KotlinReflectionInternalError                       : loaded 2 times (x 79B)
Class org.jetbrains.kotlin.protobuf.ByteString$ByteIterator                           : loaded 2 times (x 67B)
Class it.unimi.dsi.fastutil.ints.IntArrays$ForkJoinQuickSort2                         : loaded 2 times (x 93B)
Class it.unimi.dsi.fastutil.objects.ObjectBidirectionalIterator                       : loaded 2 times (x 67B)
Class build_bk8c5qtwyw6vmcu990napi6w4$_run_closure1                                   : loaded 2 times (x 136B)
Class org.jetbrains.kotlin.tooling.core.Extras$Entry                                  : loaded 2 times (x 69B)
Class org.jetbrains.kotlin.gradle.plugin.sources.InternalKotlinSourceSetKt            : loaded 2 times (x 68B)
Class org.jetbrains.kotlin.gradle.internal.Kapt3GradleSubplugin$Kapt3SubpluginContext : loaded 2 times (x 69B)
Class org.jetbrains.kotlin.gradle.artifacts.KotlinTargetArtifact                      : loaded 2 times (x 67B)
Class org.jetbrains.kotlin.gradle.dsl.KotlinJvmCompilerOptionsDefault_Decorated       : loaded 2 times (x 165B)
Class org.jetbrains.kotlin.gradle.plugin.HasKotlinDependencies                        : loaded 2 times (x 67B)
Class org.jetbrains.kotlin.gradle.targets.native.toolchain.KotlinNativeBundleBuildService$Companion: loaded 2 times (x 68B)
Class org.jetbrains.kotlin.gradle.plugin.BuildEventsListenerRegistryHolder_Decorated  : loaded 2 times (x 116B)
Class org.jetbrains.kotlin.gradle.plugin.statistics.MetricContainer                   : loaded 2 times (x 69B)
Class org.jetbrains.kotlin.gradle.plugin.statistics.old.Pre232IdeaKotlinBuildStatsMXBean: loaded 2 times (x 67B)
Class org.jetbrains.kotlin.gradle.plugin.statistics.KotlinBuildStatsServicesRegistry  : loaded 2 times (x 75B)
Class org.jetbrains.kotlin.gradle.plugin.VariantImplementationFactoriesConfigurator   : loaded 2 times (x 73B)
Class com.google.common.collect.ImmutableMapEntrySet                                  : loaded 2 times (x 149B)
Class org.gradle.api.internal.classpath.Module                                        : loaded 2 times (x 67B)
Class com.android.tools.lint.checks.ChildCountDetector$Issues                         : loaded 2 times (x 68B)
Class com.intellij.psi.PsiModifierListOwner                                           : loaded 2 times (x 67B)
Class com.android.tools.lint.detector.api.Intervals                                   : loaded 2 times (x 81B)
Class com.android.tools.lint.TextReporter                                             : loaded 2 times (x 72B)
Class org.jetbrains.kotlin.gradle.plugin.diagnostics.KotlinGradleProjectCheckersRunnerKt$launchKotlinGradleProjectCheckers$1$1: loaded 2 times (x 92B)
Class kotlin.KotlinVersion                                                            : loaded 2 times (x 71B)
Class kotlin.reflect.jvm.internal.KClassifierImpl                                     : loaded 2 times (x 67B)
Class kotlin.reflect.KMutableProperty                                                 : loaded 2 times (x 67B)
Class org.jetbrains.kotlin.metadata.deserialization.Flags$FlagField                   : loaded 2 times (x 70B)
Class it.unimi.dsi.fastutil.ints.IntOpenHashSet                                       : loaded 2 times (x 236B)
Class kotlin.internal.ProgressionUtilKt                                               : loaded 2 times (x 68B)
Class kotlin.io.FileAlreadyExistsException                                            : loaded 2 times (x 79B)
Class build_ehn27d2wsl7i7n76q8ywi2f9b                                                 : loaded 2 times (x 178B)
Class org.jetbrains.kotlin.gradle.tasks.DefaultKotlinJavaToolchain$getToolsJarFromJvm$1$1: loaded 2 times (x 76B)
Class org.jetbrains.kotlin.gradle.tasks.KotlinCompile$ClasspathSnapshotProperties_Decorated: loaded 2 times (x 134B)
Class org.jetbrains.kotlin.gradle.internal.transforms.BuildToolsApiClasspathEntrySnapshotTransform$Parameters_Decorated: loaded 2 times (x 154B)
Class org.jetbrains.kotlin.gradle.plugin.mpp.compilationImpl.KotlinCompilationSourceSetInclusion$Companion$includedSourceSets$2: loaded 2 times (x 75B)
Class org.jetbrains.kotlin.gradle.plugin.diagnostics.KotlinToolingDiagnosticsSetupActionKt$KotlinToolingDiagnosticsSetupAction$1$1: loaded 2 times (x 72B)
Class org.jetbrains.kotlin.gradle.targets.js.npm.NpmDirectoryDependencyWithExternalsExtension: loaded 2 times (x 67B)
Class org.jetbrains.kotlin.gradle.plugin.KotlinProjectSetupAction                     : loaded 2 times (x 67B)
Class org.jetbrains.kotlin.gradle.plugin.KotlinGradleFinishBuildHandler$Companion     : loaded 2 times (x 68B)
Class com.google.common.cache.Weigher                                                 : loaded 2 times (x 67B)
Class org.gradle.api.internal.classpath.UnknownModuleException                        : loaded 2 times (x 79B)
Class com.intellij.openapi.diagnostic.Logger                                          : loaded 2 times (x 96B)
Class org.jetbrains.kotlin.platform.TargetPlatformVersion$NoVersion                   : loaded 2 times (x 71B)
Class [Lcom.intellij.psi.PsiAnnotation;                                               : loaded 2 times (x 66B)
Class com.android.tools.lint.checks.PackageVisibilityDetector                         : loaded 2 times (x 177B)
Class com.android.tools.lint.checks.MonochromeLauncherIconDetector                    : loaded 2 times (x 151B)
Class com.android.tools.lint.checks.FileEndsWithDetector$Issues                       : loaded 2 times (x 68B)
Class org.jetbrains.kotlin.gradle.plugin.diagnostics.checkers.AndroidSourceSetLayoutV1SourceSetsNotFoundChecker$runChecks$1: loaded 2 times (x 85B)
Class org.jetbrains.kotlin.gradle.plugin.diagnostics.checkers.AndroidPluginWithoutAndroidTargetChecker$runChecks$1: loaded 2 times (x 85B)
Class com.android.tools.lint.detector.api.Lint                                        : loaded 2 times (x 68B)
Class [Lorg.jetbrains.kotlin.metadata.ProtoBuf$Class$Kind;                            : loaded 2 times (x 66B)
Class kotlin.internal.PlatformImplementationsKt                                       : loaded 2 times (x 68B)
Class kotlin.jvm.internal.PropertyReference                                           : loaded 2 times (x 112B)
Class org.jetbrains.kotlin.config.ApiVersion                                          : loaded 2 times (x 83B)
Class jdk.internal.jimage.ImageHeader                                                 : loaded 2 times (x 68B)
Class org.jetbrains.kotlin.gradle.plugin.mpp.InternalKotlinTargetComponentKt          : loaded 2 times (x 68B)
Class org.jetbrains.kotlin.gradle.plugin.mpp.InternalKotlinTarget$DefaultImpls        : loaded 2 times (x 68B)
Class org.jetbrains.kotlin.gradle.plugin.KotlinPluginLifecycleImpl$executeCurrentStageAndScheduleNext$3: loaded 2 times (x 72B)
Class org.jetbrains.kotlin.gradle.plugin.mpp.compilationImpl.KotlinCompilationRegisterInSourceSetsConfigurator$configure$1: loaded 2 times (x 76B)
Class org.jetbrains.kotlin.gradle.plugin.diagnostics.KotlinToolingDiagnosticsSetupActionKt$KotlinToolingDiagnosticsSetupAction$1$2: loaded 2 times (x 92B)
Class org.jetbrains.kotlin.gradle.targets.js.npm.NpmDependencyWithExternalsExtension  : loaded 2 times (x 67B)
Class org.jetbrains.kotlin.gradle.plugin.mpp.KotlinUsageContext                       : loaded 2 times (x 67B)
Class org.jetbrains.kotlin.gradle.plugin.KotlinTargetsContainer                       : loaded 2 times (x 67B)
Class org.jetbrains.kotlin.compilerRunner.GradleCliCommonizerKt                       : loaded 2 times (x 68B)
Class org.jetbrains.kotlin.gradle.utils.ConfigurationsKt                              : loaded 2 times (x 68B)
Class org.jetbrains.kotlin.gradle.plugin.StatisticsBuildFlowManager                   : loaded 2 times (x 69B)
Class org.jetbrains.kotlin.gradle.plugin.statistics.BuildFusService$Parameters        : loaded 2 times (x 67B)
Class org.jetbrains.kotlin.gradle.plugin.PluginWrappersKt                             : loaded 2 times (x 68B)
Class com.google.common.base.Stopwatch                                                : loaded 2 times (x 69B)
Class com.google.common.cache.LocalCache$Strength                                     : loaded 2 times (x 78B)
Class com.google.common.cache.Cache                                                   : loaded 2 times (x 67B)
Class com.google.gson.stream.JsonReader$1                                             : loaded 2 times (x 69B)
Class it.unimi.dsi.fastutil.objects.ObjectLinkedOpenCustomHashSet                     : loaded 2 times (x 314B)
Class com.intellij.DynamicBundle$1                                                    : loaded 2 times (x 75B)
Class com.intellij.psi.PsiClass                                                       : loaded 2 times (x 67B)
Class com.android.tools.lint.checks.NegativeMarginDetector                            : loaded 2 times (x 151B)
Class com.android.tools.lint.checks.InvalidPackageDetector                            : loaded 2 times (x 151B)
Class com.android.tools.lint.checks.HighSensorSamplingRateDetector$Companion          : loaded 2 times (x 68B)
Class com.android.tools.lint.checks.ExportedFlagDetector$Companion                    : loaded 2 times (x 68B)
Class com.android.tools.lint.checks.CommentDetector$CommentChecker                    : loaded 2 times (x 124B)
Class com.google.common.collect.Iterators$EmptyModifiableIterator                     : loaded 2 times (x 83B)
Class com.android.tools.lint.model.LazyLintModelDependency                            : loaded 2 times (x 83B)
Class org.jetbrains.kotlin.gradle.ExternalKotlinTargetApi                             : loaded 2 times (x 67B)
Class org.jetbrains.kotlin.buildtools.api.jvm.ClassSnapshotGranularity                : loaded 2 times (x 76B)
Class kotlin.reflect.jvm.internal.KPackageImpl$$Lambda$0                              : loaded 2 times (x 73B)
Class org.jetbrains.kotlin.protobuf.LiteralByteString                                 : loaded 2 times (x 109B)
Class org.jetbrains.kotlin.protobuf.LazyFieldLite                                     : loaded 2 times (x 79B)
Class com.google.common.io.Files$2                                                    : loaded 2 times (x 73B)
Class kotlin.collections.IndexingIterator                                             : loaded 2 times (x 76B)
Class org.jetbrains.kotlin.incremental.ClasspathChanges                               : loaded 2 times (x 68B)
Class com.google.common.io.AppendableWriter                                           : loaded 2 times (x 97B)
Class org.jetbrains.kotlin.gradle.plugin.mpp.InternalKotlinTargetKt                   : loaded 2 times (x 68B)
Class com.google.common.collect.AbstractMultimap$Entries                              : loaded 2 times (x 117B)
Class org.jetbrains.kotlin.gradle.plugin.diagnostics.KotlinToolingDiagnosticsSetupActionKt$KotlinToolingDiagnosticsSetupAction$1$3: loaded 2 times (x 72B)
Class org.jetbrains.kotlin.gradle.targets.js.dsl.KotlinTargetWithNodeJsDsl            : loaded 2 times (x 67B)
Class org.jetbrains.kotlin.gradle.plugin.sources.DefaultKotlinSourceSetKt$defaultSourceSetLanguageSettingsChecker$1: loaded 2 times (x 75B)
Class org.jetbrains.kotlin.gradle.plugin.sources.InternalKotlinSourceSet              : loaded 2 times (x 67B)
Class org.jetbrains.kotlin.gradle.plugin.KotlinJvmPlugin                              : loaded 2 times (x 77B)
Class org.jetbrains.kotlin.gradle.plugin.mpp.SyncLanguageSettingsWithKotlinExtensionSetupActionKt$SyncLanguageSettingsWithKotlinExtensionSetupAction$1: loaded 2 times (x 92B)
Class org.jetbrains.kotlin.gradle.dsl.KotlinGradlePluginPublicDsl                     : loaded 2 times (x 67B)
Class org.jetbrains.kotlin.gradle.internal.properties.NativeProperties                : loaded 2 times (x 67B)
Class org.jetbrains.kotlin.statistics.BuildSessionLogger                              : loaded 2 times (x 74B)
Class org.jetbrains.kotlin.gradle.plugin.internal.ConfigurationCacheStartParameterAccessor: loaded 2 times (x 67B)
Class com.google.common.util.concurrent.AbstractFuture$Cancellation                   : loaded 2 times (x 69B)
Class com.google.common.collect.ImmutableMap$Builder                                  : loaded 2 times (x 79B)
Class com.intellij.DynamicBundle$2                                                    : loaded 2 times (x 77B)
Class com.android.tools.lint.checks.WebViewApiAvailabilityDetector                    : loaded 2 times (x 167B)
Class com.android.tools.lint.checks.RtlDetector$IdentifierChecker                     : loaded 2 times (x 124B)
Class com.android.tools.lint.checks.LocaleConfigDetector                              : loaded 2 times (x 155B)
Class com.android.tools.lint.checks.ApiDetector                                       : loaded 2 times (x 181B)
Class com.android.tools.lint.checks.AllCapsDetector$Issues                            : loaded 2 times (x 68B)
Class com.android.tools.lint.model.LintModelDependenciesReader                        : loaded 2 times (x 70B)
Class com.android.tools.lint.client.api.LintXmlConfiguration                          : loaded 2 times (x 92B)
Class kotlin.reflect.jvm.internal.ReflectProperties$LazySoftVal                       : loaded 2 times (x 75B)
Class com.google.common.collect.ComparatorOrdering                                    : loaded 2 times (x 112B)
Class kotlin.io.ByteStreamsKt                                                         : loaded 2 times (x 68B)
Class com.google.common.base.Present                                                  : loaded 2 times (x 78B)
Class com.google.common.collect.AbstractMapBasedMultimap$WrappedCollection$WrappedIterator: loaded 2 times (x 81B)
Class org.jetbrains.kotlin.gradle.utils.FutureKt$future$2$1                           : loaded 2 times (x 92B)
Class [Lorg.jetbrains.kotlin.gradle.plugin.statistics.plugins.ObservablePlugins;      : loaded 2 times (x 66B)
Class org.jetbrains.kotlin.gradle.plugin.internal.BuildIdService$Companion$registerIfAbsent$1$1: loaded 2 times (x 72B)
Class org.jetbrains.kotlin.gradle.plugin.mpp.compilationImpl.factory.KotlinCompilationDependencyConfigurationsFactoriesKt$WhenMappings: loaded 2 times (x 68B)
Class org.jetbrains.kotlin.konan.target.KonanTarget$IOS_ARM64                         : loaded 2 times (x 75B)
Class org.jetbrains.kotlin.gradle.targets.js.dsl.KotlinWasmTargetDsl                  : loaded 2 times (x 67B)
Class org.jetbrains.kotlin.gradle.plugin.diagnostics.checkers.DisabledCinteropCommonizationInHmppProjectChecker$runChecks$1: loaded 2 times (x 85B)
Class org.jetbrains.kotlin.gradle.plugin.sources.ConsistencyCheck                     : loaded 2 times (x 69B)
Class org.jetbrains.kotlin.gradle.plugin.sources.DefaultKotlinSourceSetKt$defaultSourceSetLanguageSettingsChecker$2: loaded 2 times (x 75B)
Class org.jetbrains.kotlin.gradle.dsl.KotlinCommonToolOptions                         : loaded 2 times (x 67B)
Class org.jetbrains.kotlin.gradle.plugin.AbstractKotlinPlugin                         : loaded 2 times (x 76B)
Class org.jetbrains.kotlin.gradle.tasks.DefaultKotlinJavaToolchain$Companion$wireJvmTargetToJvm$1: loaded 2 times (x 72B)
Class org.jetbrains.kotlin.gradle.plugin.diagnostics.checkers.ComposePluginSuggestApplyChecker: loaded 2 times (x 71B)
Class org.jetbrains.kotlin.gradle.dsl.KotlinMultiplatformExtension                    : loaded 2 times (x 706B)
Class com.google.common.cache.RemovalListener                                         : loaded 2 times (x 67B)
Class org.gradle.api.internal.DefaultClassPathRegistry                                : loaded 2 times (x 73B)
Class com.google.common.collect.ImmutableSet$SerializedForm                           : loaded 2 times (x 70B)
Class com.android.tools.lint.checks.UnsafeIntentLaunchDetector                        : loaded 2 times (x 177B)
Class com.android.tools.lint.checks.RequiredFeatureDetector                           : loaded 2 times (x 151B)
Class com.android.tools.lint.checks.RegistrationDetector                              : loaded 2 times (x 177B)
Class com.android.tools.lint.checks.ExifInterfaceDetector$MyVisitor                   : loaded 2 times (x 124B)
Class com.android.tools.lint.checks.CredentialManagerSignInWithGoogleDetector$Companion: loaded 2 times (x 68B)
Class kotlin.reflect.KProperty$Accessor                                               : loaded 2 times (x 67B)
Class [Lcom.android.tools.lint.detector.api.TextFormat;                               : loaded 2 times (x 66B)
Class kotlin.jvm.internal.AdaptedFunctionReference                                    : loaded 2 times (x 74B)
Class org.jetbrains.kotlin.protobuf.CodedOutputStream$ByteBufferOutputStream          : loaded 2 times (x 83B)
Class kotlin.reflect.jvm.internal.KCallableImpl                                       : loaded 2 times (x 102B)
Class org.jetbrains.kotlin.descriptors.DescriptorVisibilities$1                       : loaded 2 times (x 76B)
Class javax.inject.Inject                                                             : loaded 2 times (x 67B)
Class kotlin.jvm.JvmClassMappingKt                                                    : loaded 2 times (x 68B)
Class kotlin.reflect.jvm.internal.KPropertyImpl                                       : loaded 2 times (x 112B)
Class kotlin.jvm.internal.Reflection                                                  : loaded 2 times (x 68B)
Class org.jetbrains.kotlin.metadata.ProtoBuf$Type$Argument$Projection$1               : loaded 2 times (x 71B)
Class org.jetbrains.kotlin.protobuf.SmallSortedMap$EmptySet$1                         : loaded 2 times (x 75B)
Class org.jetbrains.kotlin.protobuf.AbstractMessageLite$Builder$LimitedInputStream    : loaded 2 times (x 89B)
Class kotlin.ranges.ClosedRange                                                       : loaded 2 times (x 67B)
Class kotlin.reflect.KProperty                                                        : loaded 2 times (x 67B)
Class org.jetbrains.kotlin.cli.common.messages.MessageCollector                       : loaded 2 times (x 67B)
Class com.google.common.reflect.Invokable$ConstructorInvokable                        : loaded 2 times (x 104B)
Class com.google.common.collect.ImmutableMultimap$Keys                                : loaded 2 times (x 163B)
Class org.jetbrains.kotlin.gradle.plugin.mpp.KotlinTargetSoftwareComponentImplKt$KotlinTargetSoftwareComponent$1$1$configuration$1: loaded 2 times (x 76B)
Class org.jetbrains.kotlin.gradle.targets.js.npm.DefaultPeerNpmDependencyExtension$delegate$1: loaded 2 times (x 164B)
Class org.jetbrains.kotlin.gradle.targets.js.npm.NpmDependency                        : loaded 2 times (x 94B)
Class org.jetbrains.kotlin.gradle.targets.js.npm.DefaultNpmDependencyExtension        : loaded 2 times (x 149B)
Class org.jetbrains.kotlin.gradle.targets.js.npm.NpmDependency$Scope                  : loaded 2 times (x 76B)
Class org.jetbrains.kotlin.gradle.plugin.sources.FragmentConsistencyChecks$unstableFeaturesCheck$1: loaded 2 times (x 76B)
Class org.jetbrains.kotlin.gradle.plugin.sources.DefaultKotlinSourceSet               : loaded 2 times (x 138B)
Class org.jetbrains.kotlin.gradle.plugin.diagnostics.checkers.AndroidSourceSetLayoutV1SourceSetsNotFoundChecker: loaded 2 times (x 71B)
Class org.jetbrains.kotlin.gradle.utils.ConfigurationsKt$sam$org_gradle_api_Action$0  : loaded 2 times (x 72B)
Class org.jetbrains.kotlin.gradle.plugin.VariantImplementationFactories$Parameters    : loaded 2 times (x 67B)
Class org.gradle.api.internal.ClassPathRegistry                                       : loaded 2 times (x 67B)
Class org.gradle.internal.classpath.DefaultClassPath$ImmutableUniqueList              : loaded 2 times (x 196B)
Class it.unimi.dsi.fastutil.ints.Int2ObjectOpenHashMap                                : loaded 2 times (x 219B)
Class com.android.tools.lint.checks.WorkManagerDetector                               : loaded 2 times (x 167B)
Class com.android.tools.lint.checks.TitleDetector                                     : loaded 2 times (x 151B)
Class com.android.tools.lint.checks.RegisterReceiverFlagDetector                      : loaded 2 times (x 167B)
Class com.android.tools.lint.checks.ObjectAnimatorDetector                            : loaded 2 times (x 177B)
Class com.android.tools.lint.checks.JavaScriptInterfaceDetector$Companion             : loaded 2 times (x 68B)
Class com.android.tools.lint.checks.JavaScriptInterfaceDetector                       : loaded 2 times (x 167B)
Class com.android.tools.lint.checks.EmptySuperDetector                                : loaded 2 times (x 167B)
Class [Lcom.android.tools.lint.detector.api.Platform;                                 : loaded 2 times (x 66B)
Class org.jetbrains.kotlin.util.ModuleVisibilityHelper                                : loaded 2 times (x 67B)
Class com.android.tools.lint.client.api.LintDriver$DriverMode                         : loaded 2 times (x 76B)
Class com.android.tools.lint.checks.C2dmDetector$Companion                            : loaded 2 times (x 68B)
Class com.android.tools.lint.checks.LayoutConsistencyDetector                         : loaded 2 times (x 177B)
Class com.android.tools.lint.client.api.ConfigurationHierarchy$lintXmlCreator$1       : loaded 2 times (x 75B)
Class com.android.tools.lint.client.api.FlagConfiguration                             : loaded 2 times (x 104B)
Class org.jetbrains.kotlin.descriptors.Visibilities$Protected                         : loaded 2 times (x 76B)
Class kotlin.reflect.jvm.internal.ComputableClassValue                                : loaded 2 times (x 77B)
Class org.jetbrains.kotlin.metadata.jvm.JvmProtoBuf$JvmPropertySignature              : loaded 2 times (x 111B)
Class kotlin.collections.IntIterator                                                  : loaded 2 times (x 79B)
Class org.jetbrains.kotlin.metadata.ProtoBuf$ValueParameterOrBuilder                  : loaded 2 times (x 67B)
Class org.jetbrains.kotlin.protobuf.SmallSortedMap$EmptySet$2                         : loaded 2 times (x 75B)
Class org.jetbrains.kotlin.metadata.ProtoBuf$PackageOrBuilder                         : loaded 2 times (x 67B)
Class com.google.common.reflect.TypeToken                                             : loaded 2 times (x 70B)
Class com.google.common.collect.NullnessCasts                                         : loaded 2 times (x 68B)
Class com.google.common.collect.MapMakerInternalMap$Segment                           : loaded 2 times (x 139B)
Class com.google.common.base.ExtraObjectsMethodsForWeb                                : loaded 2 times (x 68B)
Class org.jetbrains.kotlin.gradle.plugin.KotlinCompilation$DefaultImpls               : loaded 2 times (x 68B)
Class org.jetbrains.kotlin.gradle.utils.ProviderApiUtilsKt$providerWithLazyConvention$1: loaded 2 times (x 71B)
Class org.jetbrains.kotlin.konan.target.KonanTarget$Companion$predefinedTargets$2     : loaded 2 times (x 75B)
Class org.jetbrains.kotlin.gradle.plugin.sources.FragmentConsistencyChecks$unstableFeaturesCheck$2: loaded 2 times (x 75B)
Class org.jetbrains.kotlin.gradle.plugin.KotlinPluginLifecycleImpl                    : loaded 2 times (x 77B)
Class org.jetbrains.kotlin.gradle.plugin.diagnostics.KotlinToolingDiagnostics$WasmWasiEnvironmentNotChosenExplicitly: loaded 2 times (x 70B)
Class org.jetbrains.kotlin.gradle.artifacts.KotlinNativeKlibArtifactKt$KotlinNativeKlibArtifact$1: loaded 2 times (x 71B)
Class org.jetbrains.kotlin.gradle.dsl.KotlinCommonCompilerOptionsDefault              : loaded 2 times (x 93B)
Class org.jetbrains.kotlin.gradle.dsl.KotlinCommonCompilerToolOptionsDefault          : loaded 2 times (x 81B)
Class org.jetbrains.kotlin.gradle.internal.properties.NativePropertiesLoader$isUseXcodeMessageStyleEnabled$1: loaded 2 times (x 72B)
Class org.jetbrains.kotlin.gradle.plugin.statistics.KotlinBuildStatisticsUtilsKt$collectGeneralConfigurationTimeMetrics$statisticOverhead$1$2: loaded 2 times (x 72B)
Class org.jetbrains.kotlin.gradle.plugin.StatisticsBuildFlowManager_Decorated         : loaded 2 times (x 116B)
Class org.jetbrains.kotlin.gradle.report.BuildReportMode$Companion                    : loaded 2 times (x 68B)
Class org.jetbrains.kotlin.gradle.plugin.VariantImplementationFactories$VariantImplementationFactory: loaded 2 times (x 67B)
Class com.android.tools.lint.checks.VectorDetector                                    : loaded 2 times (x 151B)
Class com.android.tools.lint.checks.TypographyDetector                                : loaded 2 times (x 151B)
Class com.android.tools.lint.checks.TileProviderDetector                              : loaded 2 times (x 156B)
Class com.intellij.lang.jvm.types.JvmPrimitiveType                                    : loaded 2 times (x 67B)
Class com.android.tools.lint.checks.RemoteViewDetector                                : loaded 2 times (x 167B)
Class com.android.tools.lint.checks.RangeDetector$Companion                           : loaded 2 times (x 68B)
Class com.android.tools.lint.checks.StartDestinationDetector$Issues                   : loaded 2 times (x 68B)
Class com.android.tools.lint.checks.InvalidNotificationIdDetector                     : loaded 2 times (x 167B)
Class com.android.tools.lint.checks.IntentWillNullActionDetector$Companion            : loaded 2 times (x 68B)
Class com.android.tools.lint.checks.FineLocationDetector                              : loaded 2 times (x 151B)
Class com.android.tools.lint.checks.DeprecatedSinceApiDetector$Companion              : loaded 2 times (x 68B)
Class com.android.tools.lint.checks.AlarmDetector                                     : loaded 2 times (x 177B)
Class com.android.tools.lint.detector.api.LayoutDetector                              : loaded 2 times (x 151B)
Class kotlin.text.RegexOption                                                         : loaded 2 times (x 80B)
Class com.android.tools.lint.checks.StringAuthLeakDetector                            : loaded 2 times (x 167B)
Class com.android.tools.lint.model.LintModelReader                                    : loaded 2 times (x 70B)
Class com.android.tools.lint.model.PathVariables$PathVariable                         : loaded 2 times (x 69B)
Class [Lcom.intellij.openapi.util.UserDataHolder;                                     : loaded 2 times (x 66B)
Class com.android.tools.lint.checks.UnusedResourceDetector                            : loaded 2 times (x 181B)
Class org.jetbrains.kotlin.descriptors.DescriptorVisibilities                         : loaded 2 times (x 68B)
Class org.jetbrains.kotlin.descriptors.DeclarationDescriptor                          : loaded 2 times (x 67B)
Class it.unimi.dsi.fastutil.longs.LongCollection                                      : loaded 2 times (x 67B)
Class com.android.tools.lint.checks.ViewBindingTypeDetector                           : loaded 2 times (x 152B)
Class com.google.common.collect.ListMultimap                                          : loaded 2 times (x 67B)
Class org.jetbrains.kotlin.gradle.plugin.mpp.ApplyUserDefinedAttributesKt$UserDefinedAttributesSetupAction$1$1: loaded 2 times (x 76B)
Class org.jetbrains.kotlin.compilerRunner.CompilerSystemPropertiesService             : loaded 2 times (x 77B)
Class org.jetbrains.kotlin.gradle.plugin.mpp.compilationImpl.KotlinCompilationImpl$1  : loaded 2 times (x 76B)
Class org.jetbrains.kotlin.gradle.targets.js.npm.SemVer$Companion                     : loaded 2 times (x 68B)
Class org.jetbrains.kotlin.konan.target.KonanTarget$LINUX_ARM64                       : loaded 2 times (x 75B)
Class org.jetbrains.kotlin.konan.target.KonanTarget$LINUX_X64                         : loaded 2 times (x 75B)
Class [Lorg.jetbrains.kotlin.konan.target.Architecture;                               : loaded 2 times (x 66B)
Class org.jetbrains.kotlin.gradle.targets.native.SetupEmbedAndSignAppleFrameworkTaskSideEffectKt$special$$inlined$KotlinTargetSideEffect$1: loaded 2 times (x 71B)
Class org.jetbrains.kotlin.gradle.plugin.mpp.KotlinUsages$KotlinCinteropCompatibility : loaded 2 times (x 74B)
Class org.jetbrains.kotlin.gradle.dsl.ExplicitApiMode                                 : loaded 2 times (x 76B)
Class org.jetbrains.kotlin.gradle.utils.GradleAttributesContainerUtilsKt              : loaded 2 times (x 68B)
Class org.jetbrains.kotlin.gradle.plugin.VariantImplementationFactories$Companion     : loaded 2 times (x 68B)
Class org.jetbrains.kotlin.gradle.plugin.internal.CustomPropertiesFileValueSource$Parameters_Decorated: loaded 2 times (x 131B)
Class org.jetbrains.kotlin.gradle.dsl.KotlinTopLevelExtensionConfig                   : loaded 2 times (x 67B)
Class com.google.common.cache.CacheBuilder                                            : loaded 2 times (x 69B)
Class com.google.common.collect.SingletonImmutableList                                : loaded 2 times (x 204B)
Class Settings_gradle$1                                                               : loaded 2 times (x 71B)
Class org.gradle.internal.classpath.ClassPath                                         : loaded 2 times (x 67B)
Class org.gradle.api.UncheckedIOException                                             : loaded 2 times (x 79B)
Class com.android.tools.lint.checks.WebViewApiAvailabilityDetector$Companion          : loaded 2 times (x 68B)
Class com.android.tools.lint.checks.TranslucentViewDetector$Issues                    : loaded 2 times (x 68B)
Class com.intellij.psi.TypeAnnotationProvider$1                                       : loaded 2 times (x 74B)
Class com.android.tools.lint.checks.NonConstantResourceIdDetector$Companion           : loaded 2 times (x 68B)
Class com.android.tools.lint.checks.MissingInflatedIdDetector                         : loaded 2 times (x 167B)
Class com.android.tools.lint.checks.MergeMarkerDetector                               : loaded 2 times (x 145B)
Class com.android.tools.lint.checks.AllCapsDetector                                   : loaded 2 times (x 151B)
Class [Lcom.android.tools.lint.detector.api.Severity;                                 : loaded 2 times (x 66B)
Class com.android.tools.lint.Reporter$Companion                                       : loaded 2 times (x 68B)
Class org.jetbrains.kotlin.gradle.plugin.sources.DefaultKotlinSourceSetFactory        : loaded 2 times (x 77B)
Class org.jetbrains.kotlin.gradle.plugin.diagnostics.ToolingDiagnostic                : loaded 2 times (x 69B)
Class org.jetbrains.kotlin.gradle.tasks.TasksProviderKt                               : loaded 2 times (x 68B)
Class com.android.tools.lint.client.api.LintClient                                    : loaded 2 times (x 154B)
Class kotlin.reflect.jvm.internal.KPackageImpl                                        : loaded 2 times (x 82B)
Class org.jetbrains.kotlin.metadata.deserialization.TypeTable                         : loaded 2 times (x 69B)
Class org.jetbrains.kotlin.konan.target.KonanTarget$ANDROID_ARM32                     : loaded 2 times (x 75B)
Class kotlin.sequences.SequencesKt__SequencesKt$asSequence$$inlined$Sequence$1        : loaded 2 times (x 72B)
Class com.google.common.collect.Interners$InternerBuilder                             : loaded 2 times (x 73B)
Class org.jetbrains.kotlin.gradle.incremental.IncrementalModuleInfoProvider           : loaded 2 times (x 67B)
Class org.jetbrains.kotlin.gradle.plugin.mpp.compilationImpl.KotlinCompilationImpl$2  : loaded 2 times (x 76B)
Class org.jetbrains.kotlin.gradle.dsl.PlatformSourceSetConventionsChecker$runChecks$1 : loaded 2 times (x 85B)
Class org.jetbrains.kotlin.gradle.plugin.mpp.compilationImpl.KotlinCompilationProcessorSideEffectKt$KotlinCompilationProcessorSideEffect$1: loaded 2 times (x 71B)
Class org.jetbrains.kotlin.gradle.dsl.KotlinJvmCompilerOptionsDefault                 : loaded 2 times (x 103B)
Class org.jetbrains.kotlin.gradle.internal.UsesClassLoadersCachingBuildService        : loaded 2 times (x 67B)
Class com.google.common.collect.ImmutableList$ReverseImmutableList                    : loaded 2 times (x 206B)
Class com.google.common.collect.ImmutableRangeSet                                     : loaded 2 times (x 112B)
Class com.android.tools.lint.checks.WearRecentsDetector$Issues                        : loaded 2 times (x 68B)
Class com.android.tools.lint.checks.ByteOrderMarkDetector                             : loaded 2 times (x 184B)
Class org.jetbrains.uast.UElement                                                     : loaded 2 times (x 67B)
Class org.jetbrains.kotlin.gradle.plugin.mpp.compilationImpl.DefaultKotlinCompilationConfigurationsContainer: loaded 2 times (x 82B)
Class org.jetbrains.kotlin.gradle.utils.CompatibilityKt                               : loaded 2 times (x 68B)
Class com.google.common.collect.CollectSpliterators$1WithCharacteristics              : loaded 2 times (x 87B)
Class build_cgret8zqjbznmt7lzh0sfsnrl$_run_closure1                                   : loaded 2 times (x 136B)
Class kotlin.coroutines.ContinuationInterceptor                                       : loaded 2 times (x 67B)
Class [Lkotlin.reflect.KDeclarationContainer;                                         : loaded 2 times (x 66B)
Class org.jetbrains.kotlin.metadata.ProtoBuf$Type$ArgumentOrBuilder                   : loaded 2 times (x 67B)
Class org.jetbrains.kotlin.protobuf.GeneratedMessageLite$GeneratedExtension           : loaded 2 times (x 76B)
Class com.google.common.io.CharStreams$NullWriter                                     : loaded 2 times (x 96B)
Class com.google.common.io.CharSource$CharSequenceCharSource                          : loaded 2 times (x 83B)
Class org.jetbrains.kotlin.compilerRunner.KotlinCompilerArgumentsLogLevel$Companion   : loaded 2 times (x 68B)
Class org.jetbrains.kotlin.gradle.plugin.DefaultKotlinBasePlugin$addKotlinCompilerConfiguration$3$1: loaded 2 times (x 76B)
Class org.jetbrains.kotlin.gradle.tasks.AbstractKotlinCompile$defaultKotlinJavaToolchain$1: loaded 2 times (x 75B)
Class org.jetbrains.kotlin.daemon.common.MultiModuleICSettings                        : loaded 2 times (x 69B)
Class org.jetbrains.kotlin.cli.common.arguments.Freezable                             : loaded 2 times (x 69B)
Class com.google.errorprone.annotations.DoNotMock                                     : loaded 2 times (x 67B)
Class org.jetbrains.kotlin.gradle.internal.transforms.BuildToolsApiClasspathEntrySnapshotTransform$Parameters: loaded 2 times (x 85B)
Class org.jetbrains.kotlin.gradle.plugin.KotlinCompilationInfoKt                      : loaded 2 times (x 68B)
Class org.jetbrains.kotlin.gradle.tasks.KotlinCompile                                 : loaded 2 times (x 495B)
Class org.jetbrains.kotlin.gradle.internal.StdlibDependencyManagementKt               : loaded 2 times (x 68B)
Class org.jetbrains.kotlin.gradle.dsl.PlatformSourceSetConventionsChecker$runChecks$2 : loaded 2 times (x 75B)
Class org.jetbrains.kotlin.konan.target.KonanTarget$MINGW_X64                         : loaded 2 times (x 75B)
Class org.jetbrains.kotlin.gradle.utils.ObservableSet                                 : loaded 2 times (x 67B)
Class org.jetbrains.kotlin.gradle.plugin.diagnostics.KotlinToolingDiagnosticsCollectorKt: loaded 2 times (x 68B)
Class org.jetbrains.kotlin.gradle.plugin.mpp.HierarchyAttributeContainer              : loaded 2 times (x 80B)
Class org.jetbrains.kotlin.gradle.tasks.UsesKotlinJavaToolchain                       : loaded 2 times (x 67B)
Class org.jetbrains.kotlin.gradle.plugin.DefaultKotlinBasePlugin$apply$1              : loaded 2 times (x 72B)
Class org.jetbrains.kotlin.statistics.metrics.StringOverridePolicy$OVERRIDE           : loaded 2 times (x 82B)
Class org.jetbrains.kotlin.gradle.internal.properties.PropertiesBuildService$Params_Decorated: loaded 2 times (x 131B)
Class org.objectweb.asm.SymbolTable$Entry                                             : loaded 2 times (x 71B)
Class com.google.gson.internal.JsonReaderInternalAccess                               : loaded 2 times (x 69B)
Class [Lcom.intellij.openapi.diagnostic.LogLevel;                                     : loaded 2 times (x 66B)
Class com.android.tools.lint.checks.UseCompoundDrawableDetector                       : loaded 2 times (x 151B)
Class com.android.tools.lint.checks.ThreadDetector                                    : loaded 2 times (x 168B)
Class com.android.tools.lint.checks.KotlincFE10Detector                               : loaded 2 times (x 167B)
Class com.android.tools.lint.checks.DeprecationDetector                               : loaded 2 times (x 176B)
Class com.android.tools.lint.checks.CommunicationDeviceDetector                       : loaded 2 times (x 167B)
Class com.android.tools.lint.checks.AssertDetector                                    : loaded 2 times (x 167B)
Class com.android.tools.lint.client.api.IssueRegistry$Companion                       : loaded 2 times (x 68B)
Class com.android.tools.lint.detector.api.ApiConstraint$Companion                     : loaded 2 times (x 68B)
Class com.android.tools.lint.model.LintModelLibrariesReader                           : loaded 2 times (x 70B)
Class com.android.tools.lint.client.api.IssueRegistry                                 : loaded 2 times (x 79B)
Class org.jetbrains.kotlin.metadata.ProtoBuf$Property$1                               : loaded 2 times (x 141B)
Class org.jetbrains.kotlin.metadata.ProtoBuf$Type                                     : loaded 2 times (x 142B)
Class org.jetbrains.kotlin.metadata.ProtoBuf$Class                                    : loaded 2 times (x 183B)
Class jdk.internal.jimage.ImageStringsReader                                          : loaded 2 times (x 77B)
Class build_39snwgl17v9mr972vv0lt9lkk                                                 : loaded 2 times (x 177B)
Class Build_gradle$2$1                                                                : loaded 2 times (x 75B)
Class Native_plugin_loader_gradle                                                     : loaded 2 times (x 127B)
Class org.jetbrains.kotlin.gradle.plugin.mpp.KotlinTargetComponentWithCoordinatesAndPublication: loaded 2 times (x 67B)
Class org.jetbrains.kotlin.gradle.incremental.UsesIncrementalModuleInfoBuildService   : loaded 2 times (x 67B)
Class org.jetbrains.kotlin.konan.target.KonanTarget$ANDROID_X86                       : loaded 2 times (x 75B)
Class org.jetbrains.kotlin.gradle.dsl.PlatformSourceSetConventionsChecker$runChecks$3 : loaded 2 times (x 75B)
Class org.jetbrains.kotlin.gradle.plugin.RegisterKotlinPluginExtensionsKt             : loaded 2 times (x 68B)
Class org.jetbrains.kotlin.gradle.plugin.mpp.resources.resolve.KotlinTargetResourcesResolutionStrategy: loaded 2 times (x 76B)
Class org.jetbrains.kotlin.gradle.utils.CompilerOptionsKt$configureExperimentalTryNext$1$1: loaded 2 times (x 75B)
Class org.jetbrains.kotlin.gradle.utils.CompilerOptionsKt                             : loaded 2 times (x 68B)
Class org.jetbrains.kotlin.gradle.utils.SingleAction                                  : loaded 2 times (x 70B)
Class org.jetbrains.kotlin.gradle.plugin.PropertiesProvider$Companion                 : loaded 2 times (x 68B)
Class org.objectweb.asm.Edge                                                          : loaded 2 times (x 69B)
Class com.google.common.base.Suppliers$SupplierOfInstance                             : loaded 2 times (x 76B)
Class com.google.common.collect.Iterators$1                                           : loaded 2 times (x 78B)
Class com.intellij.util.containers.ConcurrentRefHashMap$KeyReference                  : loaded 2 times (x 67B)
Class com.android.tools.lint.checks.VectorDrawableCompatDetector$Companion            : loaded 2 times (x 68B)
Class com.android.tools.lint.checks.PrivateApiDetector                                : loaded 2 times (x 168B)
Class com.android.tools.lint.checks.PermissionErrorDetector                           : loaded 2 times (x 151B)
Class org.jetbrains.kotlin.metadata.ProtoBuf$EnumEntry                                : loaded 2 times (x 118B)
Class com.android.tools.lint.checks.ForegroundServicePermissionDetector$Companion     : loaded 2 times (x 68B)
Class [Lorg.jetbrains.kotlin.descriptors.CallableMemberDescriptor$Kind;               : loaded 2 times (x 66B)
Class com.android.tools.lint.LintCliClient                                            : loaded 2 times (x 169B)
Class [Lcom.android.tools.lint.checks.BinderGetCallingInMainThreadDetector$Method;    : loaded 2 times (x 66B)
Class kotlin.properties.Delegates                                                     : loaded 2 times (x 68B)
Class kotlin.Metadata                                                                 : loaded 2 times (x 67B)
Class kotlin.collections.AbstractMutableSet                                           : loaded 2 times (x 139B)
Class com.google.common.reflect.TypeToken$1                                           : loaded 2 times (x 107B)
Class org.jetbrains.kotlin.gradle.tasks.KotlinCompile$defaultKotlinJavaToolchain$1    : loaded 2 times (x 76B)
Class org.jetbrains.kotlin.gradle.tasks.KotlinJavaToolchain$JavaToolchainSetter       : loaded 2 times (x 67B)
Class org.jetbrains.kotlin.gradle.dsl.PlatformSourceSetConventionsChecker$runChecks$4 : loaded 2 times (x 75B)
Class org.jetbrains.kotlin.gradle.plugin.diagnostics.checkers.JsLikeEnvironmentChecker$runChecks$1: loaded 2 times (x 85B)
Class org.jetbrains.kotlin.gradle.plugin.diagnostics.UsesKotlinToolingDiagnostics     : loaded 2 times (x 67B)
Class org.jetbrains.kotlin.gradle.plugin.diagnostics.KotlinToolingDiagnostics$WasmJsEnvironmentNotChosenExplicitly: loaded 2 times (x 70B)
Class org.jetbrains.kotlin.tooling.core.ExtrasPropertyKt$extrasLazyProperty$1         : loaded 2 times (x 91B)
Class org.jetbrains.kotlin.statistics.metrics.BooleanAnonymizationPolicy$SAFE         : loaded 2 times (x 82B)
Class com.google.common.cache.LocalCache$ComputingValueReference                      : loaded 2 times (x 93B)
Class com.android.tools.lint.checks.VectorPathDetector                                : loaded 2 times (x 152B)
Class com.android.tools.lint.checks.HardcodedValuesDetector                           : loaded 2 times (x 151B)
Class com.android.tools.lint.checks.CredentialManagerMisuseDetector$Companion         : loaded 2 times (x 68B)
Class org.jetbrains.kotlin.metadata.ProtoBuf$Class$Kind                               : loaded 2 times (x 79B)
Class org.jetbrains.kotlin.metadata.jvm.JvmProtoBuf$JvmMethodSignatureOrBuilder       : loaded 2 times (x 67B)
Class org.jetbrains.kotlin.protobuf.GeneratedMessageLite$Builder                      : loaded 2 times (x 125B)
Class org.jetbrains.kotlin.protobuf.WireFormat$FieldType$1                            : loaded 2 times (x 80B)
Class org.jetbrains.kotlin.protobuf.ByteString                                        : loaded 2 times (x 105B)
Class kotlin.reflect.KProperty$Getter                                                 : loaded 2 times (x 67B)
Class jdk.internal.jimage.ImageReader                                                 : loaded 2 times (x 72B)
Class build_2cbidxsuegrhrilcfywse7zmf                                                 : loaded 2 times (x 177B)
Class com.google.common.reflect.TypeToken$2                                           : loaded 2 times (x 107B)
Class com.google.common.collect.AbstractMapBasedMultimap$AsMap$AsMapEntries           : loaded 2 times (x 135B)
Class org.jetbrains.kotlin.gradle.plugin.mpp.compilationImpl.DefaultKotlinCompilationSourceSetsContainer$allKotlinSourceSetsImpl$1$1: loaded 2 times (x 77B)
Class org.jetbrains.kotlin.gradle.plugin.mpp.compilationImpl.DefaultKotlinCompilationSourceSetsContainer: loaded 2 times (x 75B)
Class org.jetbrains.kotlin.konan.target.KonanTarget$TVOS_SIMULATOR_ARM64              : loaded 2 times (x 75B)
Class org.jetbrains.kotlin.konan.target.KonanTarget$Companion                         : loaded 2 times (x 68B)
Class org.jetbrains.kotlin.gradle.plugin.KotlinPluginLifecycle$Stage$Companion        : loaded 2 times (x 68B)
Class org.jetbrains.kotlin.gradle.plugin.diagnostics.checkers.DeprecatedKotlinNativeTargetsChecker: loaded 2 times (x 71B)
Class org.jetbrains.kotlin.gradle.targets.native.ConfigureFrameworkExportSideEffectKt$special$$inlined$KotlinTargetSideEffect$1: loaded 2 times (x 71B)
Class org.jetbrains.kotlin.tooling.core.AbstractExtras                                : loaded 2 times (x 138B)
Class com.google.common.cache.LocalCache$Segment                                      : loaded 2 times (x 151B)
Class com.intellij.AbstractBundle                                                     : loaded 2 times (x 75B)
Class com.android.tools.lint.UastEnvironment$Module                                   : loaded 2 times (x 69B)
Class com.android.tools.lint.checks.TypedefDetector                                   : loaded 2 times (x 168B)
Class com.android.tools.lint.checks.MemberExtensionConflictDetector$Companion         : loaded 2 times (x 68B)
Class com.android.tools.lint.checks.CallSuperDetector$Issues                          : loaded 2 times (x 68B)
Class com.intellij.psi.PsiParameterListOwner                                          : loaded 2 times (x 67B)
Class kotlin.reflect.jvm.internal.ReflectProperties                                   : loaded 2 times (x 68B)
Class org.jetbrains.kotlin.metadata.ProtoBuf$TypeParameter                            : loaded 2 times (x 127B)
Class org.jetbrains.kotlin.metadata.ProtoBuf$ValueParameter$1                         : loaded 2 times (x 141B)
Class [Lorg.jetbrains.kotlin.protobuf.WireFormat$FieldType;                           : loaded 2 times (x 66B)
Class org.jetbrains.kotlin.protobuf.WireFormat$FieldType$2                            : loaded 2 times (x 80B)
Class kotlin.SafePublicationLazyImpl                                                  : loaded 2 times (x 73B)
Class it.unimi.dsi.fastutil.objects.ObjectIterator                                    : loaded 2 times (x 67B)
Class org.jetbrains.kotlin.cli.jvm.compiler.KotlinCoreEnvironment                     : loaded 2 times (x 69B)
Class jdk.internal.jimage.ImageReader$SharedImageReader                               : loaded 2 times (x 92B)
Class Native_plugin_loader_gradle$NativePluginLoader$Companion                        : loaded 2 times (x 68B)
Class [Lcom.google.common.base.Supplier;                                              : loaded 2 times (x 66B)
Class org.jetbrains.kotlin.build.report.metrics.BuildTimes                            : loaded 2 times (x 69B)
Class org.jetbrains.kotlin.gradle.tasks.KotlinCompile$ClasspathSnapshotProperties     : loaded 2 times (x 72B)
Class org.jetbrains.kotlin.gradle.internal.StdlibDependencyManagementKt$addStdlibDependency$1$1: loaded 2 times (x 76B)
Class org.jetbrains.kotlin.gradle.tasks.configuration.BaseKotlinCompileConfig$2$1     : loaded 2 times (x 72B)
Class org.jetbrains.kotlin.gradle.plugin.diagnostics.TransformActionUsingKotlinToolingDiagnostics: loaded 2 times (x 67B)
Class com.google.common.collect.SortedIterable                                        : loaded 2 times (x 67B)
Class org.jetbrains.kotlin.gradle.dsl.PlatformSourceSetConventionsChecker$runChecks$6 : loaded 2 times (x 85B)
Class org.jetbrains.kotlin.gradle.plugin.sources.DefaultKotlinSourceSet_Decorated     : loaded 2 times (x 189B)
Class org.jetbrains.kotlin.gradle.plugin.mpp.KotlinCompilationsKt                     : loaded 2 times (x 68B)
Class org.jetbrains.kotlin.gradle.utils.GradleUtilsKt$registerClassLoaderScopedBuildService$1: loaded 2 times (x 71B)
Class org.jetbrains.kotlin.statistics.metrics.StringOverridePolicy                    : loaded 2 times (x 82B)
Class org.jetbrains.kotlin.gradle.plugin.statistics.DefaultKotlinBuildStatsBeanService: loaded 2 times (x 89B)
Class com.google.common.collect.AbstractListMultimap                                  : loaded 2 times (x 169B)
Class [Lorg.objectweb.asm.SymbolTable$Entry;                                          : loaded 2 times (x 66B)
Class com.google.common.cache.CacheLoader                                             : loaded 2 times (x 71B)
Class com.google.common.collect.Iterators$4                                           : loaded 2 times (x 79B)
Class com.google.common.collect.ImmutableBiMap                                        : loaded 2 times (x 140B)
Class org.gradle.internal.installation.GradleInstallation$1                           : loaded 2 times (x 72B)
Class org.gradle.api.internal.classpath.ModuleRegistry                                : loaded 2 times (x 67B)
Class com.intellij.util.ArrayUtilRt                                                   : loaded 2 times (x 68B)
Class com.android.tools.lint.checks.WearSplashScreenDetector                          : loaded 2 times (x 151B)
Class com.intellij.util.ArrayFactory                                                  : loaded 2 times (x 67B)
Class com.android.tools.lint.checks.KeyboardNavigationDetector                        : loaded 2 times (x 151B)
Class com.android.tools.lint.checks.ChromeOsDetector                                  : loaded 2 times (x 152B)
Class com.android.support.AndroidxName                                                : loaded 2 times (x 77B)
Class com.android.tools.lint.checks.ManifestTypoDetector                              : loaded 2 times (x 151B)
Class com.intellij.psi.PsiType$Stub                                                   : loaded 2 times (x 102B)
Class [Lcom.intellij.psi.PsiElement;                                                  : loaded 2 times (x 66B)
Class org.jetbrains.kotlin.protobuf.WireFormat$FieldType$3                            : loaded 2 times (x 80B)
Class org.jetbrains.kotlin.gradle.logging.GradleKotlinLogger                          : loaded 2 times (x 79B)
Class org.jetbrains.kotlin.gradle.plugin.KotlinPluginLifecycle$ProjectConfigurationResult: loaded 2 times (x 68B)
Class org.jetbrains.kotlin.gradle.internal.KotlinDependenciesManagementKt$configureDefaultVersionsResolutionStrategy$1: loaded 2 times (x 72B)
Class org.jetbrains.kotlin.gradle.internal.StdlibDependencyManagementKt$configureStdlibDefaultDependency$1: loaded 2 times (x 76B)
Class org.jetbrains.kotlin.gradle.model.builder.KotlinModelBuilder$Companion          : loaded 2 times (x 68B)
Class org.jetbrains.kotlin.gradle.plugin.mpp.compilationImpl.KotlinCreateResourcesTaskSideEffectKt: loaded 2 times (x 68B)
Class org.jetbrains.kotlin.gradle.targets.native.internal.SetupKotlinNativePlatformDependenciesAndStdlibKt: loaded 2 times (x 68B)
Class [Lorg.jetbrains.kotlin.gradle.plugin.mpp.resources.resolve.KotlinTargetResourcesResolutionStrategy;: loaded 2 times (x 66B)
Class org.jetbrains.kotlin.gradle.plugin.mpp.KotlinUsages                             : loaded 2 times (x 68B)
Class org.jetbrains.kotlin.gradle.internal.properties.NativePropertiesLoader$Companion: loaded 2 times (x 68B)
Class [Lorg.jetbrains.kotlin.build.report.metrics.GradleBuildPerformanceMetric;       : loaded 2 times (x 66B)
Class org.jetbrains.kotlin.gradle.plugin.statistics.KotlinBuildStatsBeanService$Companion: loaded 2 times (x 68B)
Class org.jetbrains.kotlin.gradle.plugin.statistics.BuildFusService$Companion         : loaded 2 times (x 68B)
Class com.google.common.util.concurrent.internal.InternalFutureFailureAccess          : loaded 2 times (x 69B)
Class com.google.common.collect.Iterators$5                                           : loaded 2 times (x 79B)
Class com.android.tools.lint.checks.WearStandaloneAppDetector                         : loaded 2 times (x 151B)
Class com.android.tools.lint.checks.ViewTypeDetector$Companion                        : loaded 2 times (x 68B)
Class com.android.tools.lint.checks.UElementAsPsiDetector$Companion                   : loaded 2 times (x 68B)
Class com.android.tools.lint.checks.TranslationDetector                               : loaded 2 times (x 160B)
Class com.android.tools.lint.checks.TextFieldDetector                                 : loaded 2 times (x 151B)
Class org.gradle.api.internal.classpath.EffectiveClassPath                            : loaded 2 times (x 87B)
Class com.android.tools.lint.checks.ForegroundServicePermissionDetector               : loaded 2 times (x 176B)
Class com.android.tools.lint.checks.FirebaseMessagingDetector                         : loaded 2 times (x 167B)
Class com.android.tools.lint.checks.FineLocationDetector$Companion                    : loaded 2 times (x 68B)
Class com.android.tools.lint.checks.ArrayInitDetector                                 : loaded 2 times (x 176B)
Class com.android.tools.lint.checks.AndroidTvDetector                                 : loaded 2 times (x 152B)
Class [Lcom.google.common.collect.ImmutableMapEntry;                                  : loaded 2 times (x 66B)
Class org.jetbrains.kotlin.tooling.core.TypeUtils                                     : loaded 2 times (x 68B)
Class com.android.tools.lint.LintCliClient$Companion                                  : loaded 2 times (x 68B)
Class org.jetbrains.kotlin.descriptors.Visibilities$Internal                          : loaded 2 times (x 76B)
Class kotlin.reflect.jvm.internal.KDeclarationContainerImpl                           : loaded 2 times (x 81B)
Class org.jetbrains.kotlin.metadata.jvm.JvmProtoBuf$JvmMethodSignature$1              : loaded 2 times (x 141B)
Class org.jetbrains.kotlin.metadata.ProtoBuf$Contract$1                               : loaded 2 times (x 141B)
Class org.jetbrains.kotlin.metadata.ProtoBuf$Type$1                                   : loaded 2 times (x 141B)
Class org.jetbrains.kotlin.protobuf.WireFormat$FieldType$4                            : loaded 2 times (x 80B)
Class kotlin.coroutines.intrinsics.IntrinsicsKt__IntrinsicsKt                         : loaded 2 times (x 68B)
Class build_bk8c5qtwyw6vmcu990napi6w4                                                 : loaded 2 times (x 177B)
Class com.google.common.collect.ImmutableMultimap$Values                              : loaded 2 times (x 123B)
Class com.google.common.collect.ImmutableSortedAsList                                 : loaded 2 times (x 218B)
Class com.google.common.collect.HashBiMap$Inverse                                     : loaded 2 times (x 139B)
Class org.jetbrains.kotlin.gradle.plugin.HasCompilerOptions                           : loaded 2 times (x 67B)
Class org.jetbrains.kotlin.gradle.plugin.mpp.compilationImpl.DefaultKotlinCompilationFriendPathsResolver$FriendArtifactResolver: loaded 2 times (x 67B)
Class org.jetbrains.kotlin.konan.target.KonanTarget$WATCHOS_SIMULATOR_ARM64           : loaded 2 times (x 75B)
Class org.jetbrains.kotlin.gradle.targets.js.ir.KotlinJsIrTarget                      : loaded 2 times (x 257B)
Class org.jetbrains.kotlin.gradle.plugin.mpp.DefaultKotlinUsageContext                : loaded 2 times (x 105B)
Class org.jetbrains.kotlin.gradle.plugin.KotlinPluginLifecycleImpl$start$3            : loaded 2 times (x 76B)
Class org.jetbrains.kotlin.gradle.plugin.KotlinMultiplatformPluginWrapper             : loaded 2 times (x 83B)
Class [Lorg.jetbrains.kotlin.statistics.metrics.BooleanMetrics;                       : loaded 2 times (x 66B)
Class org.jetbrains.kotlin.gradle.internal.properties.PropertiesBuildService$Companion: loaded 2 times (x 68B)
Class com.google.common.cache.LocalCache$LocalManualCache$1                           : loaded 2 times (x 72B)
Class it.unimi.dsi.fastutil.objects.ObjectOpenCustomHashSet                           : loaded 2 times (x 185B)
Class com.android.tools.lint.checks.WatchFaceFormatDeclaresHasNoCodeDetector$Companion: loaded 2 times (x 68B)
Class com.android.tools.lint.checks.WatchFaceFormatDeclaresHasNoCodeDetector          : loaded 2 times (x 153B)
Class com.android.tools.lint.checks.TraceSectionDetector$Companion                    : loaded 2 times (x 68B)
Class com.android.tools.lint.checks.TraceSectionDetector                              : loaded 2 times (x 167B)
Class com.android.tools.lint.checks.PendingIntentMutableImplicitDetector$Companion    : loaded 2 times (x 68B)
Class org.jetbrains.kotlin.gradle.report.ConfigureReporingKt                          : loaded 2 times (x 68B)
Class org.jetbrains.kotlin.gradle.report.ReportingSettings$Companion                  : loaded 2 times (x 68B)
Class org.jetbrains.kotlin.gradle.plugin.KotlinProjectSetupActionKt                   : loaded 2 times (x 68B)
Class org.jetbrains.kotlin.gradle.dsl.KotlinTargetContainerWithJsPresetFunctions      : loaded 2 times (x 67B)
Class org.jetbrains.kotlin.gradle.plugin.mpp.compilationImpl.KotlinCreateNativeCompileTasksSideEffectKt: loaded 2 times (x 68B)
Class jdk.internal.jimage.ImageReader$Node                                            : loaded 2 times (x 81B)
Class com.google.common.collect.Multimaps$CustomSetMultimap                           : loaded 2 times (x 175B)
Class com.google.common.collect.ImmutableSortedMap$1EntrySet                          : loaded 2 times (x 152B)
Class org.jetbrains.kotlin.gradle.plugin.mpp.compilationImpl.KotlinCompilationConfigurationsContainer: loaded 2 times (x 67B)
Class org.jetbrains.kotlin.gradle.internal.StdlibDependencyManagementKt$addStdlibDependency$1: loaded 2 times (x 72B)
Class [Lorg.jetbrains.kotlin.gradle.plugin.KotlinPluginLifecycle$CoroutineStart;      : loaded 2 times (x 66B)
Class org.jetbrains.kotlin.gradle.dsl.IosSourceSetConventionChecker                   : loaded 2 times (x 71B)
Class org.jetbrains.kotlin.gradle.plugin.diagnostics.KotlinGradleProjectChecker       : loaded 2 times (x 67B)
Class org.jetbrains.kotlin.gradle.dsl.KotlinMultiplatformSourceSetConventions         : loaded 2 times (x 67B)
Class org.jetbrains.kotlin.gradle.plugin.sources.KotlinSourceSetFactory$Companion     : loaded 2 times (x 68B)
Class org.jetbrains.kotlin.statistics.metrics.NumberOverridePolicy$SUM                : loaded 2 times (x 82B)
Class org.gradle.api.internal.classpath.DefaultModuleRegistry                         : loaded 2 times (x 83B)
Class com.android.tools.lint.checks.TypedefDetector$Companion                         : loaded 2 times (x 68B)
Class com.android.tools.lint.checks.ScopedStorageDetector                             : loaded 2 times (x 152B)
Class com.android.tools.lint.checks.RemoteViewDetector$Issues                         : loaded 2 times (x 68B)
Class com.android.tools.lint.checks.PluralsDetector                                   : loaded 2 times (x 151B)
Class org.jetbrains.kotlin.gradle.plugin.mpp.KotlinTargetComponentWithPublication     : loaded 2 times (x 67B)
Class com.intellij.pom.PomNamedTarget                                                 : loaded 2 times (x 67B)
Class com.intellij.lang.jvm.JvmAnnotatedElement                                       : loaded 2 times (x 67B)
Class com.android.tools.lint.detector.api.SourceCodeScanner                           : loaded 2 times (x 67B)
Class [Lorg.jetbrains.kotlin.gradle.plugin.KotlinCompilation;                         : loaded 2 times (x 66B)
Class org.jetbrains.kotlin.gradle.plugin.KotlinPluginLifecycleKt$await$1              : loaded 2 times (x 85B)
Class org.jetbrains.kotlin.gradle.plugin.mpp.compilationImpl.KotlinCompilationLanguageSettingsConfigurator: loaded 2 times (x 71B)
Class org.jetbrains.kotlin.build.report.metrics.BuildPerformanceMetrics               : loaded 2 times (x 69B)
Class kotlin.KotlinVersionCurrentValue                                                : loaded 2 times (x 68B)
Class org.jetbrains.kotlin.metadata.jvm.deserialization.JvmProtoBufUtil               : loaded 2 times (x 68B)
Class org.jetbrains.kotlin.metadata.deserialization.Flags$BooleanFlagField            : loaded 2 times (x 73B)
Class org.jetbrains.kotlin.metadata.ProtoBuf$Function$1                               : loaded 2 times (x 141B)
Class jdk.internal.jimage.BasicImageReader$1                                          : loaded 2 times (x 74B)
Class kotlin.collections.IndexedValue                                                 : loaded 2 times (x 69B)
Class com.google.common.collect.Ordering                                              : loaded 2 times (x 111B)
Class org.jetbrains.kotlin.gradle.plugin.internal.state.TaskExecutionResults          : loaded 2 times (x 68B)
Class org.jetbrains.kotlin.compilerRunner.KotlinCompilerArgumentsLogLevel             : loaded 2 times (x 76B)
Class org.jetbrains.kotlin.gradle.plugin.mpp.compilationImpl.factory.CompositePostConfigure: loaded 2 times (x 72B)
Class org.jetbrains.kotlin.gradle.targets.native.internal.CInteropConfigurationsKt    : loaded 2 times (x 68B)
Class org.jetbrains.kotlin.gradle.plugin.statistics.BuildFusService$Parameters$Inject : loaded 2 times (x 109B)
Class org.jetbrains.kotlin.statistics.metrics.StatisticsValuesConsumer                : loaded 2 times (x 67B)
Class com.google.common.util.concurrent.ListenableFuture                              : loaded 2 times (x 67B)
Class com.google.common.cache.ReferenceEntry                                          : loaded 2 times (x 67B)
Class com.intellij.util.containers.IntKeyWeakValueHashMap                             : loaded 2 times (x 82B)
Class com.android.tools.lint.checks.WearBackNavigationDetector                        : loaded 2 times (x 151B)
Class com.android.tools.lint.checks.StringEscapeDetector                              : loaded 2 times (x 151B)
Class org.jetbrains.kotlin.metadata.ProtoBuf$Type$Argument$1                          : loaded 2 times (x 141B)
Class com.android.tools.lint.checks.LocaleDetector$Companion                          : loaded 2 times (x 68B)
Class com.android.tools.lint.checks.KotlincFE10Detector$Companion                     : loaded 2 times (x 68B)
Class com.intellij.lang.jvm.JvmMethod                                                 : loaded 2 times (x 67B)
Class org.jetbrains.kotlin.metadata.deserialization.Flags$EnumLiteFlagField           : loaded 2 times (x 73B)
Class kotlin.reflect.jvm.internal.KProperty1Impl                                      : loaded 2 times (x 125B)
Class kotlin.jvm.internal.markers.KMutableSet                                         : loaded 2 times (x 67B)
Class org.jetbrains.kotlin.gradle.plugin.DefaultKotlinBasePlugin$addKotlinCompilerConfiguration$2$1$1$1: loaded 2 times (x 72B)
Class org.jetbrains.kotlin.gradle.tasks.KotlinCompilerExecutionStrategy$Companion     : loaded 2 times (x 68B)
Class org.jetbrains.kotlin.gradle.plugin.CompilerPluginConfig                         : loaded 2 times (x 69B)
Class org.jetbrains.kotlin.gradle.model.builder.KotlinModelBuilder                    : loaded 2 times (x 73B)
Class [Lorg.jetbrains.kotlin.tooling.core.HasMutableExtras;                           : loaded 2 times (x 66B)
Class org.jetbrains.kotlin.gradle.plugin.diagnostics.checkers.GradleDeprecatedPropertyChecker: loaded 2 times (x 71B)
Class org.jetbrains.kotlin.gradle.artifacts.KotlinJsKlibArtifactKt$KotlinJsKlibArtifact$1: loaded 2 times (x 71B)
Class org.jetbrains.kotlin.gradle.targets.CreateTargetConfigurationsSideEffectKt      : loaded 2 times (x 68B)
Class org.jetbrains.kotlin.gradle.plugin.mpp.ApplyUserDefinedAttributesKt$UserDefinedAttributesSetupAction$1: loaded 2 times (x 92B)
Class org.jetbrains.kotlin.gradle.plugin.mpp.KotlinAndroidTarget                      : loaded 2 times (x 162B)
Class org.jetbrains.kotlin.gradle.plugin.DefaultKotlinBasePlugin$addKotlinCompilerConfiguration$1: loaded 2 times (x 72B)
Class org.jetbrains.kotlin.gradle.plugin.statistics.NonSynchronizedMetricsContainer   : loaded 2 times (x 79B)
Class org.jetbrains.kotlin.gradle.plugin.internal.DefaultCompatibilityConventionRegistrar: loaded 2 times (x 71B)
Class org.jetbrains.kotlin.gradle.plugin.PropertiesProvider                           : loaded 2 times (x 70B)
Class com.google.common.collect.AbstractMapBasedMultimap                              : loaded 2 times (x 136B)
Class com.google.common.util.concurrent.AbstractFuture                                : loaded 2 times (x 103B)
Class com.google.common.base.FunctionalEquivalence                                    : loaded 2 times (x 80B)
Class com.google.common.collect.Iterators$9                                           : loaded 2 times (x 78B)
Class com.intellij.util.containers.ConcurrentRefHashMap$HardKey                       : loaded 2 times (x 76B)
Class com.android.tools.lint.checks.WearDetector                                      : loaded 2 times (x 138B)
Class [Lcom.intellij.psi.PsiAnnotationMemberValue;                                    : loaded 2 times (x 66B)
Class com.intellij.psi.PsiAnnotationMemberValue                                       : loaded 2 times (x 67B)
Class com.android.tools.lint.checks.SdCardDetector$Issues                             : loaded 2 times (x 68B)
Class com.android.ide.common.gradle.Module                                            : loaded 2 times (x 69B)
Class com.intellij.lang.jvm.JvmMember                                                 : loaded 2 times (x 67B)
Class com.android.tools.lint.checks.ClickableViewAccessibilityDetector                : loaded 2 times (x 167B)
Class com.android.tools.lint.detector.api.LintModelModuleProject                      : loaded 2 times (x 153B)
Class org.xmlpull.v1.XmlPullParser                                                    : loaded 2 times (x 67B)
Class org.jetbrains.kotlin.descriptors.Visibilities$Private                           : loaded 2 times (x 76B)
Class kotlin.coroutines.jvm.internal.RestrictedContinuationImpl                       : loaded 2 times (x 84B)
Class kotlin.coroutines.CoroutineContext$Key                                          : loaded 2 times (x 67B)
Class build_39snwgl17v9mr972vv0lt9lkk$_run_closure1                                   : loaded 2 times (x 136B)
Class com.google.common.io.CharStreams                                                : loaded 2 times (x 68B)
Class com.google.common.collect.ImmutableMultiset                                     : loaded 2 times (x 160B)
Class [Lorg.jetbrains.kotlin.gradle.dsl.jvm.JvmTargetValidationMode;                  : loaded 2 times (x 66B)
Class org.jetbrains.kotlin.gradle.tasks.DefaultKotlinJavaToolchain$javaVersion$1      : loaded 2 times (x 71B)
Class org.jetbrains.kotlin.gradle.plugin.mpp.MppSourcesJarKt$sourcesJarTask$1         : loaded 2 times (x 92B)
Class org.jetbrains.kotlin.gradle.plugin.mpp.compilationImpl.factory.KotlinCompilationImplFactory$KotlinCompilationOutputFactory: loaded 2 times (x 67B)
Class org.jetbrains.kotlin.konan.target.TargetSupportException                        : loaded 2 times (x 79B)
Class org.jetbrains.kotlin.gradle.plugin.KotlinCompilationToRunnableFiles             : loaded 2 times (x 67B)
Class org.jetbrains.kotlin.gradle.tooling.BuildKotlinToolingMetadataTaskKt            : loaded 2 times (x 68B)
Class org.jetbrains.kotlin.gradle.plugin.ProjectLocalConfigurations$setupAttributesMatchingStrategy$1$1: loaded 2 times (x 71B)
Class org.jetbrains.kotlin.gradle.targets.native.toolchain.KotlinNativeBundleBuildService$Companion$registerIfAbsent$2$1$1: loaded 2 times (x 72B)
Class org.jetbrains.kotlin.statistics.BuildSessionLogger$Companion                    : loaded 2 times (x 68B)
Class org.objectweb.asm.RecordComponentVisitor                                        : loaded 2 times (x 74B)
Class com.google.common.cache.CacheLoader$SupplierToCacheLoader                       : loaded 2 times (x 72B)
Class com.intellij.util.containers.HashingStrategy                                    : loaded 2 times (x 67B)
Class [Lcom.intellij.lang.jvm.types.JvmType;                                          : loaded 2 times (x 66B)
Class com.android.tools.lint.checks.ResourceTypeDetector                              : loaded 2 times (x 167B)
Class com.android.tools.lint.checks.LocaleFolderDetector                              : loaded 2 times (x 180B)
Class com.android.tools.lint.checks.InteroperabilityDetector$Issues                   : loaded 2 times (x 68B)
Class com.android.tools.lint.detector.api.ResourceXmlDetector                         : loaded 2 times (x 151B)
Class com.android.tools.lint.checks.AppLinksAutoVerifyDetector$Companion              : loaded 2 times (x 68B)
Class com.android.tools.lint.checks.AccessibilityDetector                             : loaded 2 times (x 151B)
Class com.android.tools.lint.detector.api.GradleScanner                               : loaded 2 times (x 67B)
Class com.android.tools.lint.checks.AutofillDetector                                  : loaded 2 times (x 151B)
Class com.android.tools.lint.checks.KotlinNullnessAnnotationDetector                  : loaded 2 times (x 167B)
Class com.android.tools.lint.checks.PreferenceActivityDetector                        : loaded 2 times (x 176B)
Class com.android.tools.lint.detector.api.Project                                     : loaded 2 times (x 153B)
Class org.jetbrains.kotlin.metadata.ProtoBuf$Annotation$1                             : loaded 2 times (x 141B)
Class org.jetbrains.kotlin.protobuf.AbstractParser                                    : loaded 2 times (x 141B)
Class kotlin.jvm.internal.markers.KMutableList                                        : loaded 2 times (x 67B)
Class org.jetbrains.kotlin.cli.common.CompilerSystemProperties$value$1                : loaded 2 times (x 122B)
Class jdk.internal.jimage.decompressor.Decompressor                                   : loaded 2 times (x 69B)
Class jdk.internal.jimage.ImageReader$Resource                                        : loaded 2 times (x 81B)
Class org.gradle.kotlin.dsl.Accessors3b22zubz91h1vnit99qiq17ljKt                      : loaded 2 times (x 68B)
Class build_abn2j4cv3solw1newpa47lrxe$_run_closure1$_closure3                         : loaded 2 times (x 136B)
Class com.google.common.collect.UsingToStringOrdering                                 : loaded 2 times (x 111B)
Class org.jetbrains.kotlin.gradle.plugin.mpp.KotlinCompilationsKt$sam$java_util_concurrent_Callable$0: loaded 2 times (x 72B)
Class org.jetbrains.kotlin.gradle.tasks.KotlinCompilerPluginData                      : loaded 2 times (x 69B)
Class org.jetbrains.kotlin.gradle.targets.js.npm.SemverKt                             : loaded 2 times (x 68B)
Class org.jetbrains.kotlin.gradle.internal.StdlibDependencyManagementKt$isStdlibAddedByUser$1: loaded 2 times (x 76B)
Class org.jetbrains.kotlin.gradle.plugin.mpp.MppSourcesJarKt                          : loaded 2 times (x 68B)
Class org.jetbrains.kotlin.compilerRunner.CompilerSystemPropertiesService$Companion$registerIfAbsent$2$1$1: loaded 2 times (x 72B)
Class org.jetbrains.kotlin.gradle.plugin.KotlinCompilationInfo                        : loaded 2 times (x 85B)
Class org.jetbrains.kotlin.gradle.tasks.BaseKotlinCompile                             : loaded 2 times (x 67B)
Class com.android.tools.lint.checks.StringAuthLeakDetector$AuthLeakChecker            : loaded 2 times (x 124B)
Class org.jetbrains.kotlin.gradle.plugin.mpp.compilationImpl.KotlinCompilationSourceSetInclusion$include$1: loaded 2 times (x 76B)
Class org.jetbrains.kotlin.gradle.plugin.mpp.compilationImpl.factory.KotlinCompilationImplFactory$KotlinCompilationDependencyConfigurationsFactory: loaded 2 times (x 67B)
Class org.jetbrains.kotlin.gradle.plugin.KotlinPluginLifecycleCoroutineContextElement$Key: loaded 2 times (x 68B)
Class org.jetbrains.kotlin.gradle.plugin.diagnostics.KotlinToolingDiagnosticsSetupActionKt$KotlinToolingDiagnosticsSetupAction$1: loaded 2 times (x 71B)
Class org.jetbrains.kotlin.tooling.core.ExtrasPropertyKt                              : loaded 2 times (x 68B)
Class org.jetbrains.kotlin.gradle.dsl.KotlinProjectExtensionKt                        : loaded 2 times (x 68B)
Class org.jetbrains.kotlin.gradle.plugin.KotlinGradleBuildServices$Parameters_Decorated: loaded 2 times (x 131B)
Class org.jetbrains.kotlin.gradle.plugin.DefaultKotlinBasePlugin$addKotlinCompilerConfiguration$3: loaded 2 times (x 72B)
Class [Lorg.jetbrains.kotlin.statistics.metrics.IMetricContainerFactory;              : loaded 2 times (x 66B)
Class org.jetbrains.kotlin.gradle.internal.IdeaKt                                     : loaded 2 times (x 68B)
Class org.gradle.internal.service.ServiceLookupException                              : loaded 2 times (x 79B)
Class com.intellij.util.containers.ContainerUtil$ImmutableListBackedByArray           : loaded 2 times (x 196B)
Class com.android.tools.lint.checks.StorageDetector                                   : loaded 2 times (x 167B)
Class com.android.tools.lint.checks.StateListDetector                                 : loaded 2 times (x 151B)
Class com.android.tools.lint.checks.SdkSuppressDetector$Companion                     : loaded 2 times (x 68B)
Class com.android.tools.lint.checks.SdCardDetector                                    : loaded 2 times (x 167B)
Class com.android.tools.lint.checks.OverrideConcreteDetector                          : loaded 2 times (x 167B)
Class com.android.tools.lint.checks.ObsoleteLayoutParamsDetector                      : loaded 2 times (x 152B)
Class com.android.tools.lint.checks.DateFormatDetector$Companion                      : loaded 2 times (x 68B)
Class org.objectweb.asm.tree.AbstractInsnNode                                         : loaded 2 times (x 75B)
Class com.android.tools.lint.detector.api.ClassScanner                                : loaded 2 times (x 67B)
Class com.android.tools.lint.detector.api.Intervals$MajorMinor                        : loaded 2 times (x 71B)
Class com.intellij.util.containers.ConcurrentIntObjectMap                             : loaded 2 times (x 67B)
Class com.android.tools.lint.LintCliFlags                                             : loaded 2 times (x 172B)
Class kotlin.jvm.internal.MutablePropertyReference1Impl                               : loaded 2 times (x 134B)
Class [Lorg.jetbrains.kotlin.protobuf.Internal$EnumLite;                              : loaded 2 times (x 66B)
Class kotlin.internal.PlatformImplementations                                         : loaded 2 times (x 73B)
Class org.jetbrains.kotlin.cli.common.CompilerSystemProperties$value$2                : loaded 2 times (x 122B)
Class jdk.internal.jrtfs.JrtFileAttributes                                            : loaded 2 times (x 80B)
Class build_cl15ik6ueg67tnardlg47lsg1                                                 : loaded 2 times (x 177B)
Class com.google.common.io.Resources$UrlByteSource                                    : loaded 2 times (x 82B)
Class org.jetbrains.kotlin.gradle.tasks.GradleCompileTaskProvider_Decorated           : loaded 2 times (x 118B)
Class org.jetbrains.kotlin.gradle.internal.StdlibDependencyManagementKt$isStdlibAddedByUser$2: loaded 2 times (x 75B)
Class org.jetbrains.kotlin.gradle.plugin.hierarchy.KotlinSourceSetTreeClassifierKt$sourceSetTreeClassifier$2: loaded 2 times (x 75B)
Class com.google.common.collect.Lists$ReverseList                                     : loaded 2 times (x 197B)
Class com.google.common.collect.ImmutableSortedSet                                    : loaded 2 times (x 297B)
Class org.jetbrains.kotlin.konan.target.HostManager                                   : loaded 2 times (x 69B)
Class org.jetbrains.kotlin.gradle.targets.js.npm.NpmDirectoryDependencyExtension      : loaded 2 times (x 67B)
Class org.jetbrains.kotlin.gradle.plugin.mpp.KotlinUsageContext$MavenScope            : loaded 2 times (x 76B)
Class org.jetbrains.kotlin.gradle.targets.native.KotilnNativeConfigureBinariesSideEffectKt$special$$inlined$KotlinTargetSideEffect$1: loaded 2 times (x 71B)
Class org.jetbrains.kotlin.gradle.plugin.KotlinProjectSetupAction$Companion           : loaded 2 times (x 68B)
Class [Lcom.google.common.cache.LocalCache$EntryFactory;                              : loaded 2 times (x 66B)
Class org.gradle.internal.classloader.ClassLoaderFactory                              : loaded 2 times (x 67B)
Class org.jetbrains.kotlin.platform.jvm.JdkPlatform                                   : loaded 2 times (x 72B)
Class com.android.tools.lint.checks.TextViewDetector                                  : loaded 2 times (x 151B)
Class com.android.tools.lint.checks.ServiceCastDetector$Companion                     : loaded 2 times (x 68B)
Class com.android.tools.lint.checks.EllipsizeMaxLinesDetector                         : loaded 2 times (x 151B)
Class com.android.tools.lint.checks.BidirectionalTextDetector                         : loaded 2 times (x 184B)
Class it.unimi.dsi.fastutil.ints.Int2ObjectMap                                        : loaded 2 times (x 67B)
Class org.gradle.internal.classloader.ClassLoaderVisitor                              : loaded 2 times (x 73B)
Class com.android.tools.lint.client.api.ConfigurationHierarchy$Companion$NONE$1       : loaded 2 times (x 91B)
Class org.jetbrains.kotlin.gradle.tasks.DefaultKotlinJavaToolchain$currentJvmJdkToolsJar$1: loaded 2 times (x 71B)
Class org.jetbrains.kotlin.gradle.plugin.SubpluginEnvironment                         : loaded 2 times (x 69B)
Class org.jetbrains.kotlin.gradle.internal.StdlibDependencyManagementKt$addStdlibDependency$1$1$1: loaded 2 times (x 72B)
Class org.jetbrains.kotlin.gradle.plugin.sources.AbstractKotlinSourceSet              : loaded 2 times (x 138B)
Class org.jetbrains.kotlin.gradle.tooling.BuildKotlinToolingMetadataTaskKt$RegisterBuildKotlinToolingMetadataTask$1: loaded 2 times (x 71B)
Class org.jetbrains.kotlin.compilerRunner.GradleCliCommonizerKt$maybeCreateCommonizerClasspathConfiguration$1$1: loaded 2 times (x 72B)
Class [Lorg.jetbrains.kotlin.build.report.metrics.ValueType;                          : loaded 2 times (x 66B)
Class com.google.common.cache.LocalCache$LocalManualCache                             : loaded 2 times (x 96B)
Class org.gradle.internal.service.CachingServiceLocator                               : loaded 2 times (x 79B)
Class com.intellij.reference.SoftReference                                            : loaded 2 times (x 79B)
Class org.jetbrains.kotlin.statistics.metrics.StringAnonymizationPolicy               : loaded 2 times (x 75B)
Class org.jetbrains.kotlin.statistics.metrics.NumberAnonymizationPolicy               : loaded 2 times (x 82B)
Class com.intellij.psi.PsiAnnotationOwner                                             : loaded 2 times (x 67B)
Class com.android.tools.lint.detector.api.LintJavaUtils                               : loaded 2 times (x 68B)
Class org.jetbrains.kotlin.gradle.report.BuildMetricsService                          : loaded 2 times (x 83B)
Class com.android.tools.lint.checks.GetContentDescriptionOverrideDetector             : loaded 2 times (x 167B)
Class com.android.tools.lint.checks.ForegroundServiceTypesDetector                    : loaded 2 times (x 176B)
Class com.android.tools.lint.checks.AddJavascriptInterfaceDetector$Companion          : loaded 2 times (x 68B)
Class org.jetbrains.kotlin.gradle.targets.metadata.KotlinMetadataTargetConfiguratorKt$special$$inlined$extrasStoredFuture$1: loaded 2 times (x 76B)
Class org.jetbrains.kotlin.gradle.targets.js.npm.NpmDependencyExtensionKt             : loaded 2 times (x 68B)
Class com.android.tools.lint.client.api.ConfigurationHierarchy$Companion$NONE$2       : loaded 2 times (x 154B)
Class org.jetbrains.kotlin.descriptors.Visibilities$Public                            : loaded 2 times (x 76B)
Class org.jetbrains.kotlin.protobuf.ExtensionRegistryLite$ObjectIntPair               : loaded 2 times (x 69B)
Class org.jetbrains.kotlin.metadata.ProtoBuf$Class$1                                  : loaded 2 times (x 141B)
Class it.unimi.dsi.fastutil.ints.IntListIterator                                      : loaded 2 times (x 67B)
Class build_7vw728zvqlxqih4io2ylr699h                                                 : loaded 2 times (x 177B)
Class org.jetbrains.kotlin.gradle.dsl.jvm.JvmTargetValidationMode                     : loaded 2 times (x 76B)
Class org.jetbrains.kotlin.gradle.plugin.BuildFinishedListenerService$Companion$registerIfAbsent$2$1: loaded 2 times (x 76B)
Class org.jetbrains.kotlin.gradle.plugin.KotlinTargetConfiguratorKt$WhenMappings      : loaded 2 times (x 68B)
Class com.google.common.collect.AbstractMapBasedMultimap$KeySet                       : loaded 2 times (x 134B)
Class com.google.common.collect.RegularImmutableSortedSet                             : loaded 2 times (x 297B)
Class org.jetbrains.kotlin.gradle.internal.KotlinTestDependencyManagementKt$configureKotlinTestDependency$1: loaded 2 times (x 76B)
Class org.jetbrains.kotlin.gradle.plugin.diagnostics.checkers.OverriddenKotlinNativeHomeChecker$StdlibExistenceCheckerValueSource$Params_Decorated: loaded 2 times (x 131B)
Class org.jetbrains.kotlin.project.model.LanguageSettings                             : loaded 2 times (x 67B)
Class org.jetbrains.kotlin.gradle.plugin.KotlinPluginLifecycleKt$kotlinPluginLifecycle$2: loaded 2 times (x 75B)
Class org.jetbrains.kotlin.gradle.plugin.statistics.BuildFusService$Companion$registerIfAbsent$1$1: loaded 2 times (x 76B)
Class org.jetbrains.kotlin.gradle.plugin.internal.CompatibilityConventionRegistrar$Factory: loaded 2 times (x 67B)
Class com.intellij.util.containers.CanonicalHashingStrategy                           : loaded 2 times (x 72B)
Class com.android.tools.lint.checks.TypoDetector$Companion                            : loaded 2 times (x 68B)
Class com.android.tools.lint.checks.TranslucentViewDetector                           : loaded 2 times (x 177B)
Class com.intellij.psi.PsiTypes                                                       : loaded 2 times (x 68B)
Class com.android.tools.lint.checks.SliceDetector$Companion                           : loaded 2 times (x 68B)
Class com.android.tools.lint.checks.ResourceTypeDetector$Companion                    : loaded 2 times (x 68B)
Class com.android.tools.lint.checks.RecyclerViewDetector$Companion                    : loaded 2 times (x 68B)
Class com.android.tools.lint.checks.PrivateKeyDetector                                : loaded 2 times (x 145B)
Class com.android.tools.lint.checks.OverdrawDetector                                  : loaded 2 times (x 177B)
Class com.android.tools.lint.detector.api.BooleanOption                               : loaded 2 times (x 73B)
Class com.android.tools.lint.checks.ApiDetector$Companion                             : loaded 2 times (x 68B)
Class kotlin.properties.ReadOnlyProperty                                              : loaded 2 times (x 67B)
Class kotlin.jvm.internal.markers.KMutableMap                                         : loaded 2 times (x 67B)
Class kotlin.ranges.IntRange                                                          : loaded 2 times (x 90B)
Class org.jetbrains.kotlin.gradle.plugin.diagnostics.checkers.JsEnvironmentChecker    : loaded 2 times (x 73B)
Class org.jetbrains.kotlin.gradle.plugin.mpp.KotlinMetadataTarget                     : loaded 2 times (x 164B)
Class com.google.common.collect.MapMakerInternalMap$InternalEntry                     : loaded 2 times (x 67B)
Class [Lcom.google.common.collect.HashBiMap$BiEntry;                                  : loaded 2 times (x 66B)
Class org.jetbrains.kotlin.gradle.plugin.diagnostics.CheckKotlinGradlePluginConfigurationErrorsKt$locateOrRegisterCheckKotlinGradlePluginErrorsTask$taskProvider$1$1: loaded 2 times (x 72B)
Class org.jetbrains.kotlin.gradle.plugin.mpp.InternalKotlinCompilation$DefaultImpls   : loaded 2 times (x 68B)
Class org.jetbrains.kotlin.gradle.plugin.mpp.compilationImpl.KotlinCompilationSourceSetInclusion$DefaultAddSourcesToCompileTask: loaded 2 times (x 71B)
Class org.jetbrains.kotlin.gradle.internal.KotlinTestDependencyManagementKt$configureKotlinTestDependency$2: loaded 2 times (x 72B)
Class org.jetbrains.kotlin.gradle.dsl.PlatformSourceSetConventionsChecker$runChecks$$inlined$CheckedPlatformInfo$default$1: loaded 2 times (x 75B)
Class [Lorg.jetbrains.kotlin.gradle.plugin.KotlinPluginLifecycle$Stage;               : loaded 2 times (x 66B)
Class org.jetbrains.kotlin.gradle.artifacts.KotlinTargetArtifact$Companion            : loaded 2 times (x 68B)
Class org.jetbrains.kotlin.gradle.plugin.mpp.compilationImpl.KotlinCreateLifecycleTasksSideEffectKt$KotlinCreateLifecycleTasksSideEffect$1: loaded 2 times (x 71B)
Class org.jetbrains.kotlin.gradle.targets.metadata.KotlinMetadataTargetConfiguratorKt$metadataCompilationsCreated$2: loaded 2 times (x 75B)
Class org.jetbrains.kotlin.gradle.dsl.KotlinGradlePluginDsl                           : loaded 2 times (x 67B)
Class org.jetbrains.kotlin.tooling.core.MutableExtras                                 : loaded 2 times (x 67B)
Class org.jetbrains.kotlin.gradle.plugin.KotlinGradleBuildServices$detectKotlinPluginLoadedInMultipleProjects$onRegister$1: loaded 2 times (x 76B)
Class com.google.common.collect.ImmutableMapEntry                                     : loaded 2 times (x 82B)
Class com.intellij.util.containers.ConcurrentWeakValueHashMap                         : loaded 2 times (x 146B)
Class com.android.tools.lint.checks.SharedPrefsDetector                               : loaded 2 times (x 167B)
Class org.jetbrains.kotlin.gradle.plugin.diagnostics.UsesKotlinToolingDiagnosticsParameters: loaded 2 times (x 67B)
Class com.android.tools.lint.checks.NamespaceDetector$Companion                       : loaded 2 times (x 68B)
Class com.android.tools.lint.checks.LabelForDetector$Companion                        : loaded 2 times (x 68B)
Class com.android.tools.lint.checks.DateFormatDetector                                : loaded 2 times (x 167B)
Class [Lorg.jetbrains.kotlin.gradle.dsl.KotlinVersion;                                : loaded 2 times (x 66B)
Class org.jetbrains.kotlin.gradle.plugin.diagnostics.ToolingDiagnosticRenderingOptions: loaded 2 times (x 69B)
Class org.jetbrains.kotlin.gradle.plugin.KotlinTargetWithTests                        : loaded 2 times (x 67B)
Class org.jetbrains.kotlin.descriptors.CallableMemberDescriptor$Kind                  : loaded 2 times (x 76B)
Class org.jetbrains.kotlin.metadata.ProtoBuf$TypeParameterOrBuilder                   : loaded 2 times (x 67B)
Class org.jetbrains.kotlin.metadata.ProtoBuf$Property                                 : loaded 2 times (x 169B)
Class org.jetbrains.kotlin.build.report.metrics.DoNothingBuildMetricsReporter         : loaded 2 times (x 83B)
Class com.google.common.collect.ImmutableMultimap                                     : loaded 2 times (x 144B)
Class com.google.common.base.Predicates                                               : loaded 2 times (x 68B)
Class org.jetbrains.kotlin.gradle.plugin.diagnostics.CheckKotlinGradlePluginConfigurationErrorsKt$locateOrRegisterCheckKotlinGradlePluginErrorsTask$taskProvider$1$2: loaded 2 times (x 71B)
Class org.jetbrains.kotlin.gradle.tasks.CompileUsingKotlinDaemon                      : loaded 2 times (x 67B)
Class org.jetbrains.kotlin.gradle.plugin.mpp.KotlinWithJavaTarget                     : loaded 2 times (x 163B)
Class org.jetbrains.kotlin.gradle.plugin.mpp.compilationImpl.KotlinCreateNativeCompileTasksSideEffectKt$special$$inlined$KotlinCompilationSideEffect$1: loaded 2 times (x 71B)
Class org.jetbrains.kotlin.gradle.targets.KotlinTargetSideEffect$Companion            : loaded 2 times (x 68B)
Class org.jetbrains.kotlin.gradle.dsl.KotlinSingleJavaTargetExtension                 : loaded 2 times (x 121B)
Class org.jetbrains.kotlin.gradle.utils.StoredPropertyKt$extrasStoredProperty$1       : loaded 2 times (x 75B)
Class org.jetbrains.kotlin.gradle.plugin.KotlinPluginLifecycle$IllegalLifecycleException: loaded 2 times (x 79B)
Class org.jetbrains.kotlin.gradle.internal.properties.NativePropertiesLoader$userProvidedNativeHome$1: loaded 2 times (x 72B)
Class org.jetbrains.kotlin.gradle.plugin.KotlinGradleFinishBuildHandler               : loaded 2 times (x 69B)
Class [Lorg.jetbrains.kotlin.build.report.metrics.BuildPerformanceMetric;             : loaded 2 times (x 66B)
Class org.jetbrains.kotlin.statistics.metrics.StringOverridePolicy$CONCAT             : loaded 2 times (x 82B)
Class org.jetbrains.kotlin.gradle.dsl.KotlinTopLevelExtension                         : loaded 2 times (x 67B)
Class com.google.common.base.Equivalence                                              : loaded 2 times (x 79B)
Class com.google.common.collect.ImmutableMapEntry$NonTerminalImmutableMapEntry        : loaded 2 times (x 82B)
Class com.android.tools.lint.checks.WearPasswordInputDetector                         : loaded 2 times (x 176B)
Class com.intellij.psi.PsiQualifiedNamedElement                                       : loaded 2 times (x 67B)
Class org.jetbrains.kotlin.compilerRunner.CompilerSystemPropertiesService$Parameters_Decorated: loaded 2 times (x 131B)
Class com.android.tools.lint.checks.ItemDecoratorDetector                             : loaded 2 times (x 167B)
Class com.android.tools.lint.checks.DeprecationDetector$Companion                     : loaded 2 times (x 68B)
Class org.jetbrains.kotlin.gradle.plugin.PropertiesProvider$kotlinCompilerArgumentsLogLevel$1: loaded 2 times (x 71B)
Class com.android.tools.lint.client.api.Vendor                                        : loaded 2 times (x 69B)
Class com.google.common.collect.ReverseNaturalOrdering                                : loaded 2 times (x 111B)
Class com.google.common.io.ByteSource$ConcatenatedByteSource                          : loaded 2 times (x 82B)
Class org.jetbrains.kotlin.metadata.jvm.JvmProtoBuf$JvmFieldSignature$1               : loaded 2 times (x 141B)
Class org.jetbrains.kotlin.metadata.jvm.JvmProtoBuf$JvmMethodSignature                : loaded 2 times (x 105B)
Class org.jetbrains.kotlin.metadata.ProtoBuf$TypeTable                                : loaded 2 times (x 106B)
Class org.jetbrains.kotlin.protobuf.MessageLiteOrBuilder                              : loaded 2 times (x 67B)
Class kotlin.jvm.internal.markers.KMutableListIterator                                : loaded 2 times (x 67B)
Class [Lorg.jetbrains.kotlin.cli.common.CompilerSystemProperties;                     : loaded 2 times (x 66B)
Class org.jetbrains.kotlin.gradle.plugin.ProjectLocalConfigurationsKt                 : loaded 2 times (x 68B)
Class org.jetbrains.kotlin.gradle.plugin.mpp.compilationImpl.factory.KotlinCompilationImplFactory: loaded 2 times (x 69B)
Class org.jetbrains.kotlin.gradle.internal.KotlinDomApiDependencyManagementKt$addKotlinDomApiDependency$1: loaded 2 times (x 72B)
Class org.jetbrains.kotlin.gradle.plugin.diagnostics.checkers.KotlinTargetAlreadyDeclaredChecker$runChecks$1: loaded 2 times (x 85B)
Class org.jetbrains.kotlin.gradle.plugin.mpp.KotlinTargetWithBinaries                 : loaded 2 times (x 160B)
Class [Lorg.jetbrains.kotlin.gradle.plugin.KotlinSourceSet;                           : loaded 2 times (x 66B)
Class org.jetbrains.kotlin.gradle.plugin.diagnostics.checkers.JsEnvironmentChecker$1  : loaded 2 times (x 75B)
Class org.jetbrains.kotlin.gradle.plugin.diagnostics.KotlinToolingDiagnostics$JsLikeEnvironmentNotChosenExplicitly: loaded 2 times (x 70B)
Class org.jetbrains.kotlin.gradle.plugin.KotlinTargetsContainerWithPresets            : loaded 2 times (x 67B)
Class org.jetbrains.kotlin.gradle.utils.StoredLazyProperty$getValue$1                 : loaded 2 times (x 76B)
Class org.jetbrains.kotlin.statistics.metrics.IMetricContainerFactory                 : loaded 2 times (x 67B)
Class org.jetbrains.kotlin.statistics.MetricValueValidationFailed                     : loaded 2 times (x 79B)
Class org.jetbrains.kotlin.gradle.plugin.PropertiesProvider$localProperties$2         : loaded 2 times (x 76B)
Class com.google.common.collect.IndexedImmutableSet$1                                 : loaded 2 times (x 210B)
Class com.google.common.cache.CacheBuilder$OneWeigher                                 : loaded 2 times (x 79B)
Class com.google.common.collect.RegularImmutableList                                  : loaded 2 times (x 210B)
Class com.android.tools.lint.checks.SystemPermissionsDetector                         : loaded 2 times (x 151B)
Class [Lcom.intellij.psi.PsiType;                                                     : loaded 2 times (x 66B)
Class [Lcom.intellij.psi.PsiAnnotationOwner;                                          : loaded 2 times (x 66B)
Class com.android.tools.lint.checks.PendingIntentMutableFlagDetector$Companion        : loaded 2 times (x 68B)
Class com.android.tools.lint.checks.ManifestDetector                                  : loaded 2 times (x 152B)
Class com.android.tools.lint.checks.InvalidImeActionIdDetector                        : loaded 2 times (x 151B)
Class com.android.tools.lint.checks.ExportedFlagDetector                              : loaded 2 times (x 151B)
Class com.android.tools.lint.checks.ByteOrderMarkDetector$Issues                      : loaded 2 times (x 68B)
Class [Lcom.google.common.collect.AbstractIterator$State;                             : loaded 2 times (x 66B)
Class org.jetbrains.kotlin.cli.jvm.compiler.KotlinCoreEnvironment$Companion           : loaded 2 times (x 68B)
Class kotlin.reflect.jvm.internal.KPropertyImpl$$Lambda$1                             : loaded 2 times (x 73B)
Class kotlin.KotlinVersion$Companion                                                  : loaded 2 times (x 68B)
Class kotlin.reflect.jvm.internal.KDeclarationContainerImpl$Companion                 : loaded 2 times (x 68B)
Class org.jetbrains.kotlin.metadata.ProtoBuf$AnnotationOrBuilder                      : loaded 2 times (x 67B)
Class org.jetbrains.kotlin.protobuf.WireFormat$FieldType                              : loaded 2 times (x 80B)
Class jdk.internal.jimage.ImageBufferCache                                            : loaded 2 times (x 68B)
Class jdk.internal.jrtfs.JrtPath                                                      : loaded 2 times (x 115B)
Class org.jetbrains.kotlin.config.LanguageVersionSettings                             : loaded 2 times (x 67B)
Class org.gradle.kotlin.dsl.Accessors7y9hz5zm5pocrb21isjhik2uhKt                      : loaded 2 times (x 68B)
Class com.google.common.collect.ImmutableSortedMap                                    : loaded 2 times (x 214B)
Class org.jetbrains.kotlin.gradle.plugin.mpp.compilationImpl.DefaultKotlinCompilationFriendPathsResolver$resolveFriendPaths$1$1: loaded 2 times (x 76B)
Class org.jetbrains.kotlin.build.report.metrics.BuildMetricsReporterImpl              : loaded 2 times (x 95B)
Class org.jetbrains.kotlin.gradle.tasks.configuration.KaptGenerateStubsConfig         : loaded 2 times (x 69B)
Class org.jetbrains.kotlin.gradle.tasks.configuration.BaseKotlinCompileConfig$1$classpathConfiguration$jvmToolchain$1: loaded 2 times (x 71B)
Class org.jetbrains.kotlin.gradle.targets.js.npm.SemVer                               : loaded 2 times (x 72B)
Class org.jetbrains.kotlin.gradle.plugin.diagnostics.checkers.JsEnvironmentChecker$2  : loaded 2 times (x 75B)
Class org.jetbrains.kotlin.gradle.utils.WhenPluginEnabledKt$whenPluginsEnabled$1      : loaded 2 times (x 72B)
Class org.jetbrains.kotlin.gradle.tasks.AbstractKotlinCompileTool                     : loaded 2 times (x 363B)
Class [Lorg.jetbrains.kotlin.gradle.report.BuildReportType;                           : loaded 2 times (x 66B)
Class org.jetbrains.kotlin.gradle.plugin.statistics.KotlinBuildStatsConfiguration     : loaded 2 times (x 69B)
Class org.jetbrains.kotlin.gradle.internal.properties.PropertiesBuildService$localProperties$2: loaded 2 times (x 76B)
Class org.gradle.internal.classloader.ClasspathUtil                                   : loaded 2 times (x 68B)
Class it.unimi.dsi.fastutil.objects.ObjectSortedSet                                   : loaded 2 times (x 67B)
Class com.android.tools.lint.Main$MainLintClient                                      : loaded 2 times (x 169B)
Class com.android.tools.lint.checks.UncaughtExceptionHandlerDetector                  : loaded 2 times (x 168B)
Class com.android.tools.lint.checks.SecretDetector                                    : loaded 2 times (x 167B)
Class com.android.tools.lint.checks.ProguardDetector                                  : loaded 2 times (x 138B)
Class com.android.tools.lint.checks.BottomAppBarDetector$Companion                    : loaded 2 times (x 68B)
Class org.kxml2.io.KXmlParser                                                         : loaded 2 times (x 146B)
Class org.jetbrains.kotlin.load.kotlin.header.KotlinClassHeader$Kind                  : loaded 2 times (x 76B)
Class kotlin.jvm.internal.PropertyReference0                                          : loaded 2 times (x 124B)
Class [Lorg.jetbrains.kotlin.metadata.ProtoBuf$TypeParameter$Variance;                : loaded 2 times (x 66B)
Class org.jetbrains.kotlin.metadata.ProtoBuf$Constructor                              : loaded 2 times (x 127B)
Class kotlin.io.FileSystemException                                                   : loaded 2 times (x 79B)
Class build_7vw728zvqlxqih4io2ylr699h$_run_closure1                                   : loaded 2 times (x 136B)
Class com.google.common.collect.ComparisonChain                                       : loaded 2 times (x 77B)
Class org.jetbrains.kotlin.gradle.dsl.KotlinCompile                                   : loaded 2 times (x 67B)
Class org.jetbrains.kotlin.gradle.plugin.mpp.compilationImpl.DefaultKotlinCompilationFriendPathsResolver$DefaultFriendArtifactResolver: loaded 2 times (x 71B)
Class org.jetbrains.kotlin.gradle.plugin.diagnostics.checkers.InternalGradlePropertiesUsageChecker$runChecks$1: loaded 2 times (x 85B)
Class org.jetbrains.kotlin.gradle.utils.StringUtilsKt$lowerCamelCaseName$1            : loaded 2 times (x 122B)
Class org.jetbrains.kotlin.gradle.plugin.diagnostics.checkers.JsEnvironmentChecker$3  : loaded 2 times (x 75B)
Class org.jetbrains.kotlin.gradle.artifacts.KotlinLegacyMetadataArtifactKt            : loaded 2 times (x 68B)
Class org.jetbrains.kotlin.gradle.dsl.JvmTarget$Companion                             : loaded 2 times (x 68B)
Class org.jetbrains.kotlin.gradle.internal.properties.NativePropertiesLoader$downloadFromMaven$1: loaded 2 times (x 72B)
Class org.jetbrains.kotlin.gradle.plugin.internal.DefaultConfigurationCacheStartParameterAccessor_Decorated: loaded 2 times (x 122B)
Class org.jetbrains.kotlin.gradle.plugin.internal.DefaultConfigurationCacheStartParameterAccessor: loaded 2 times (x 74B)
Class org.jetbrains.kotlin.tooling.core.HasExtras                                     : loaded 2 times (x 67B)
Class com.google.common.util.concurrent.Uninterruptibles                              : loaded 2 times (x 68B)
Class org.jetbrains.uast.UVariable                                                    : loaded 2 times (x 67B)
Class com.android.tools.lint.checks.SdkIntDetector                                    : loaded 2 times (x 167B)
Class com.android.tools.lint.checks.SamDetector                                       : loaded 2 times (x 167B)
Class com.android.tools.lint.checks.PropertyFileDetector$Companion                    : loaded 2 times (x 68B)
Class com.android.tools.lint.checks.LintDetectorDetector                              : loaded 2 times (x 170B)
Class com.android.tools.lint.checks.LeanbackWifiUsageDetector                         : loaded 2 times (x 151B)
Class com.android.tools.lint.checks.AbstractAnnotationDetector                        : loaded 2 times (x 167B)
Class com.android.tools.lint.checks.DataBindingDetector                               : loaded 2 times (x 151B)
Class com.android.utils.StdLogger                                                     : loaded 2 times (x 83B)
Class com.android.tools.lint.checks.ReadParcelableDetector                            : loaded 2 times (x 167B)
Class org.jetbrains.kotlin.resolve.scopes.receivers.ReceiverValue                     : loaded 2 times (x 67B)
Class kotlin.reflect.jvm.internal.KClassImpl$$Lambda$0                                : loaded 2 times (x 73B)
Class kotlin.jvm.internal.DefaultConstructorMarker                                    : loaded 2 times (x 68B)
Class kotlin.reflect.full.IllegalCallableAccessException                              : loaded 2 times (x 79B)
Class org.jetbrains.kotlin.metadata.jvm.JvmProtoBuf$JvmFieldSignatureOrBuilder        : loaded 2 times (x 67B)
Class org.jetbrains.kotlin.metadata.ProtoBuf$VersionRequirementTableOrBuilder         : loaded 2 times (x 67B)
Class it.unimi.dsi.fastutil.ints.IntList                                              : loaded 2 times (x 67B)
Class kotlin.jvm.internal.PropertyReference1                                          : loaded 2 times (x 124B)
Class build_6ni0y2vfb87rg9lxkk3zziybi                                                 : loaded 2 times (x 177B)
Class com.google.common.collect.AbstractMapBasedMultimap$WrappedSet                   : loaded 2 times (x 139B)
Class com.google.common.io.CharSource                                                 : loaded 2 times (x 82B)
Class org.jetbrains.kotlin.gradle.plugin.KotlinCompilationInfo$TCS$friendPaths$1      : loaded 2 times (x 76B)
Class org.jetbrains.kotlin.gradle.plugin.sources.DefaultLanguageSettingsBuilder$freeCompilerArgsProvider$1: loaded 2 times (x 92B)
Class org.jetbrains.kotlin.konan.target.HostManager$Companion                         : loaded 2 times (x 68B)
Class org.jetbrains.kotlin.gradle.targets.js.npm.DevNpmDependencyExtension            : loaded 2 times (x 67B)
Class org.jetbrains.kotlin.gradle.plugin.diagnostics.checkers.PreHmppDependenciesUsageChecker: loaded 2 times (x 71B)
Class org.jetbrains.kotlin.gradle.targets.CreateArtifactsSideEffectKt                 : loaded 2 times (x 68B)
Class org.jetbrains.kotlin.gradle.plugin.AbstractKotlinMultiplatformPluginWrapper     : loaded 2 times (x 83B)
Class org.jetbrains.kotlin.gradle.utils.GradleConfigurationUtilsKt$addGradlePluginMetadataAttributes$1: loaded 2 times (x 72B)
Class org.jetbrains.kotlin.gradle.plugin.internal.DefaultProjectIsolationStartParameterAccessor: loaded 2 times (x 74B)
Class com.google.common.util.concurrent.LazyLogger                                    : loaded 2 times (x 69B)
Class org.gradle.api.specs.Spec                                                       : loaded 2 times (x 67B)
Class com.android.tools.lint.checks.SecureRandomDetector$Companion                    : loaded 2 times (x 68B)
Class com.android.tools.lint.checks.PageAlignmentDetector$Companion                   : loaded 2 times (x 68B)
Class com.intellij.pom.java.LanguageLevel                                             : loaded 2 times (x 77B)
Class com.android.tools.lint.checks.DiscouragedDetector                               : loaded 2 times (x 176B)
Class com.android.tools.lint.checks.DefaultEncodingDetector$Issues                    : loaded 2 times (x 68B)
Class com.android.tools.lint.detector.api.Platform$Companion                          : loaded 2 times (x 68B)
Class com.intellij.AbstractBundle$Companion                                           : loaded 2 times (x 68B)
Class org.xmlpull.v1.XmlPullParserException                                           : loaded 2 times (x 83B)
Class com.android.tools.lint.detector.api.LintModelModuleAndroidLibraryProject        : loaded 2 times (x 153B)
Class org.jetbrains.kotlin.serialization.deserialization.ProtoEnumFlagsUtilsKt$WhenMappings: loaded 2 times (x 68B)
Class org.jetbrains.kotlin.descriptors.DelegatedDescriptorVisibility                  : loaded 2 times (x 76B)
Class kotlin.reflect.jvm.internal.CachesKt$$Lambda$0                                  : loaded 2 times (x 72B)
Class kotlin.jvm.internal.PropertyReference2                                          : loaded 2 times (x 124B)
Class kotlin.jvm.internal.MutablePropertyReference                                    : loaded 2 times (x 116B)
Class kotlin.UnsafeLazyImpl                                                           : loaded 2 times (x 73B)
Class kotlin.LazyKt__LazyJVMKt$WhenMappings                                           : loaded 2 times (x 68B)
Class jdk.internal.jimage.ImageReader$SharedImageReader$LocationVisitor               : loaded 2 times (x 67B)
Class build_6ni0y2vfb87rg9lxkk3zziybi$_run_closure1                                   : loaded 2 times (x 136B)
Class build_cgret8zqjbznmt7lzh0sfsnrl                                                 : loaded 2 times (x 178B)
Class com.google.common.collect.MapMaker                                              : loaded 2 times (x 69B)
Class org.jetbrains.kotlin.gradle.tasks.KotlinCompile$disableMultiModuleIC$2          : loaded 2 times (x 76B)
Class org.jetbrains.kotlin.gradle.tasks.GradleCompileTaskProviderKt                   : loaded 2 times (x 68B)
Class org.jetbrains.kotlin.gradle.plugin.SubpluginEnvironment$Companion               : loaded 2 times (x 68B)
Class org.jetbrains.kotlin.gradle.plugin.mpp.ApplyUserDefinedAttributesKt$UserDefinedAttributesSetupAction$1$1$3: loaded 2 times (x 72B)
Class org.jetbrains.kotlin.gradle.tasks.configuration.BaseKotlinCompileConfig$Companion: loaded 2 times (x 68B)
Class org.jetbrains.kotlin.gradle.plugin.mpp.compilationImpl.KotlinCompilationImpl$Params: loaded 2 times (x 69B)
Class org.jetbrains.kotlin.konan.target.UtilsKt                                       : loaded 2 times (x 68B)
Class org.jetbrains.kotlin.gradle.tooling.BuildKotlinToolingMetadataTask              : loaded 2 times (x 314B)
Class org.jetbrains.kotlin.gradle.plugin.internal.CompatibilityConventionRegistrarKt  : loaded 2 times (x 68B)
Class org.jetbrains.kotlin.gradle.artifacts.KotlinJvmJarArtifactKt                    : loaded 2 times (x 68B)
Class org.jetbrains.kotlin.gradle.plugin.mpp.compilationImpl.CreateCInteropTasksSideEffectKt$special$$inlined$KotlinCompilationSideEffect$1: loaded 2 times (x 71B)
Class org.jetbrains.kotlin.gradle.plugin.statistics.FinalizeConfigurationFusMetricActionKt: loaded 2 times (x 68B)
Class org.jetbrains.kotlin.gradle.plugin.mpp.resources.resolve.KotlinTargetResourcesResolutionStrategy$Companion: loaded 2 times (x 68B)
Class org.jetbrains.kotlin.gradle.targets.native.toolchain.KotlinNativeBundleBuildService$Companion$registerIfAbsent$2$1: loaded 2 times (x 76B)
Class org.jetbrains.kotlin.build.report.metrics.GradleBuildPerformanceMetric$Companion: loaded 2 times (x 68B)
Class org.jetbrains.kotlin.gradle.plugin.statistics.KotlinBuildStatsBeanService       : loaded 2 times (x 84B)
Class [Lcom.google.common.collect.ImmutableEntry;                                     : loaded 2 times (x 66B)
Class org.gradle.internal.classloader.DefaultClassLoaderFactory                       : loaded 2 times (x 79B)
Class com.android.tools.lint.checks.WakelockDetector                                  : loaded 2 times (x 176B)
Class com.android.tools.lint.checks.VectorDrawableCompatDetector                      : loaded 2 times (x 151B)
Class com.android.tools.lint.checks.UastImplementationDetector$Companion              : loaded 2 times (x 68B)
Class com.intellij.psi.TypeAnnotationProvider                                         : loaded 2 times (x 67B)
Class com.android.tools.lint.checks.PictureInPictureDetector                          : loaded 2 times (x 167B)
Class com.android.tools.lint.checks.ManifestDetector$Companion                        : loaded 2 times (x 68B)
Class com.android.tools.lint.checks.CallSuperDetector                                 : loaded 2 times (x 167B)
Class com.google.common.base.Suppliers                                                : loaded 2 times (x 68B)
Class [Lcom.google.common.cache.CacheBuilder$OneWeigher;                              : loaded 2 times (x 66B)
Class kotlin.reflect.jvm.internal.CachesKt$$Lambda$1                                  : loaded 2 times (x 72B)
Class kotlin.reflect.full.IllegalPropertyDelegateAccessException                      : loaded 2 times (x 79B)
Class org.jetbrains.kotlin.metadata.deserialization.Flags                             : loaded 2 times (x 68B)
Class org.jetbrains.kotlin.metadata.ProtoBuf$TypeTable$1                              : loaded 2 times (x 141B)
Class kotlin.LazyThreadSafetyMode                                                     : loaded 2 times (x 76B)
Class build_6njktbe2g5mxeop99a97ef23l$_run_closure1                                   : loaded 2 times (x 136B)
Class org.jetbrains.kotlin.gradle.tasks.configuration.AbstractKotlinCompileConfig$1$1 : loaded 2 times (x 71B)
Class org.jetbrains.kotlin.gradle.tasks.KotlinCompile$kotlinOptions$1                 : loaded 2 times (x 76B)
Class org.jetbrains.kotlin.gradle.internal.properties.NativeProperties$Companion      : loaded 2 times (x 68B)
Class org.jetbrains.kotlin.gradle.utils.StringUtilsKt                                 : loaded 2 times (x 68B)
Class org.jetbrains.kotlin.gradle.targets.ConfigureBuildSideEffectKt$ConfigureBuildSideEffect$1: loaded 2 times (x 71B)
Class org.jetbrains.kotlin.tooling.core.ExtrasLazyProperty                            : loaded 2 times (x 67B)
Class org.jetbrains.kotlin.gradle.utils.CompletableFuture                             : loaded 2 times (x 67B)
Class org.jetbrains.kotlin.build.report.metrics.BuildPerformanceMetric                : loaded 2 times (x 67B)
Class [Lorg.jetbrains.kotlin.statistics.metrics.StringOverridePolicy;                 : loaded 2 times (x 66B)
Class com.google.common.cache.LocalCache$LoadingValueReference                        : loaded 2 times (x 93B)
Class com.intellij.lang.jvm.JvmAnnotation                                             : loaded 2 times (x 67B)
Class com.android.tools.lint.checks.StartDestinationDetector                          : loaded 2 times (x 151B)
Class org.jetbrains.kotlin.name.StandardClassIds                                      : loaded 2 times (x 68B)
Class com.android.tools.lint.checks.HandlerDetector                                   : loaded 2 times (x 167B)
Class com.intellij.lang.jvm.JvmNamedElement                                           : loaded 2 times (x 67B)
Class org.objectweb.asm.MethodTooLargeException                                       : loaded 2 times (x 80B)
Class org.jetbrains.kotlin.gradle.internal.properties.PropertiesBuildService$MemoizedCallable$value$2: loaded 2 times (x 76B)
Class [Lorg.jetbrains.kotlin.statistics.ValueAnonymizer;                              : loaded 2 times (x 66B)
Class org.jetbrains.kotlin.gradle.plugin.KotlinGradleBuildServices                    : loaded 2 times (x 77B)
Class org.jetbrains.kotlin.gradle.targets.native.toolchain.KotlinNativeBundleBuildService: loaded 2 times (x 74B)
Class kotlin.jvm.internal.SpreadBuilder                                               : loaded 2 times (x 73B)
Class kotlin.reflect.jvm.internal.CachesKt$$Lambda$2                                  : loaded 2 times (x 72B)
Class org.jetbrains.kotlin.metadata.ProtoBuf$Function                                 : loaded 2 times (x 158B)
Class org.jetbrains.kotlin.gradle.targets.native.toolchain.KotlinNativeBundleBuildService$Parameters: loaded 2 times (x 67B)
Class com.google.common.reflect.Invokable$MethodInvokable                             : loaded 2 times (x 104B)
Class com.google.common.io.LineReader$1                                               : loaded 2 times (x 72B)
Class com.google.common.collect.CollectSpliterators                                   : loaded 2 times (x 68B)
Class com.google.common.collect.AbstractMapBasedMultimap$AsMap                        : loaded 2 times (x 125B)
Class com.google.common.collect.MapMakerInternalMap$StrongKeyDummyValueEntry          : loaded 2 times (x 79B)
Class org.jetbrains.kotlin.gradle.tasks.configuration.AbstractKotlinCompileConfig$getClasspathSnapshotDir$1: loaded 2 times (x 71B)
Class org.jetbrains.kotlin.gradle.tasks.configuration.AbstractKotlinCompileConfig$1$2 : loaded 2 times (x 71B)
Class com.google.common.base.Platform                                                 : loaded 2 times (x 68B)
Class com.google.common.collect.Multimaps$Entries                                     : loaded 2 times (x 115B)
Class org.jetbrains.kotlin.gradle.plugin.diagnostics.checkers.OverriddenKotlinNativeHomeChecker$StdlibExistenceCheckerValueSource$Params$Inject: loaded 2 times (x 103B)
Class org.jetbrains.kotlin.gradle.plugin.diagnostics.checkers.CommonMainOrTestWithDependsOnChecker: loaded 2 times (x 71B)
Class org.jetbrains.kotlin.gradle.artifacts.KotlinNativeHostSpecificMetadataArtifactKt: loaded 2 times (x 68B)
Class org.jetbrains.kotlin.gradle.plugin.mpp.compilationImpl.KotlinCreateLifecycleTasksSideEffectKt: loaded 2 times (x 68B)
Class org.jetbrains.kotlin.gradle.plugin.KotlinTarget                                 : loaded 2 times (x 67B)
Class org.jetbrains.kotlin.gradle.utils.ConfigurationsKt$createResolvable$1           : loaded 2 times (x 75B)
Class [Lorg.jetbrains.kotlin.statistics.metrics.BooleanAnonymizationPolicy;           : loaded 2 times (x 66B)
Class com.intellij.util.containers.ImmutableList                                      : loaded 2 times (x 195B)
Class com.intellij.psi.TypeAnnotationProvider$Static                                  : loaded 2 times (x 74B)
Class org.jetbrains.kotlin.name.StandardClassIdsKt                                    : loaded 2 times (x 68B)
Class com.android.tools.lint.checks.NamespaceDetector                                 : loaded 2 times (x 152B)
Class com.android.tools.lint.checks.MediaBrowserServiceCompatVersionDetector          : loaded 2 times (x 167B)
Class com.android.tools.lint.checks.InvalidNotificationIdDetector$Issues              : loaded 2 times (x 68B)
Class org.jetbrains.uast.UExpression                                                  : loaded 2 times (x 67B)
Class org.jetbrains.kotlin.gradle.tasks.DefaultKotlinJavaToolchain                    : loaded 2 times (x 74B)
Class org.jetbrains.kotlin.gradle.tasks.DefaultKotlinJavaToolchain$Companion          : loaded 2 times (x 68B)
Class org.jetbrains.kotlin.gradle.plugin.sources.DefaultKotlinSourceSet$MetadataDependencyTransformation: loaded 2 times (x 69B)
Class com.android.tools.lint.client.api.ConfigurationHierarchy                        : loaded 2 times (x 70B)
Class com.google.common.base.Platform$JdkPatternCompiler                              : loaded 2 times (x 72B)
Class org.jetbrains.kotlin.gradle.plugin.KotlinPluginLifecycle$ProjectConfigurationResult$Failure: loaded 2 times (x 69B)
Class kotlin.reflect.jvm.internal.KMutableProperty1Impl$$Lambda$0                     : loaded 2 times (x 73B)
Class kotlin.reflect.jvm.internal.CachesKt$$Lambda$3                                  : loaded 2 times (x 72B)
Class org.jetbrains.kotlin.metadata.ProtoBuf$VersionRequirementTable                  : loaded 2 times (x 104B)
Class org.jetbrains.kotlin.protobuf.LazyField                                         : loaded 2 times (x 80B)
Class kotlin.coroutines.jvm.internal.RestrictedSuspendLambda                          : loaded 2 times (x 88B)
Class jdk.internal.jimage.ImageReader$Directory                                       : loaded 2 times (x 81B)
Class com.google.common.collect.MapMakerInternalMap$Strength                          : loaded 2 times (x 77B)
Class com.google.common.collect.AbstractMapBasedMultimap$WrappedList                  : loaded 2 times (x 202B)
Class com.google.common.collect.CompoundOrdering                                      : loaded 2 times (x 112B)
Class [Lorg.jetbrains.kotlin.build.report.metrics.BuildAttributeKind;                 : loaded 2 times (x 66B)
Class org.jetbrains.kotlin.gradle.tasks.K2MultiplatformStructure                      : loaded 2 times (x 71B)
Class org.jetbrains.kotlin.gradle.internal.KotlinDependenciesManagementKt$allNonProjectDependencies$1: loaded 2 times (x 71B)
Class org.jetbrains.kotlin.compilerRunner.CompilerSystemPropertiesService$Parameters  : loaded 2 times (x 67B)
Class org.jetbrains.kotlin.gradle.plugin.mpp.compilationImpl.KotlinCompilationSourceSetsContainer: loaded 2 times (x 67B)
Class org.jetbrains.kotlin.gradle.artifacts.KotlinNativeKlibArtifactKt                : loaded 2 times (x 68B)
Class org.jetbrains.kotlin.gradle.plugin.ProjectLocalConfigurations                   : loaded 2 times (x 68B)
Class org.jetbrains.kotlin.gradle.plugin.mpp.KotlinUsages$KotlinUsagesDisambiguation  : loaded 2 times (x 73B)
Class org.jetbrains.kotlin.tooling.core.Extras$Key$Companion                          : loaded 2 times (x 68B)
Class org.jetbrains.kotlin.tooling.core.Extras$Key                                    : loaded 2 times (x 69B)
Class [Lorg.objectweb.asm.AnnotationWriter;                                           : loaded 2 times (x 66B)
Class com.intellij.util.IncorrectOperationException                                   : loaded 2 times (x 79B)
Class com.android.tools.lint.checks.WebViewClientDetector$Companion                   : loaded 2 times (x 68B)
Class com.android.tools.lint.checks.UnsafeNativeCodeDetector                          : loaded 2 times (x 167B)
Class [Lcom.intellij.openapi.util.Iconable;                                           : loaded 2 times (x 66B)
Class com.android.tools.lint.checks.StringEscapeDetector$Issues                       : loaded 2 times (x 68B)
Class com.android.tools.lint.checks.NotificationPermissionDetector$Issues             : loaded 2 times (x 68B)
Class com.intellij.psi.PsiNameIdentifierOwner                                         : loaded 2 times (x 67B)
Class com.intellij.psi.PsiNamedElement                                                : loaded 2 times (x 67B)
Class com.android.tools.lint.checks.DefaultEncodingDetector                           : loaded 2 times (x 167B)
Class com.android.tools.lint.checks.CleanupDetector                                   : loaded 2 times (x 167B)
Class com.google.common.collect.MapMakerInternalMap$StrongKeyDummyValueEntry$LinkedStrongKeyDummyValueEntry: loaded 2 times (x 79B)
Class kotlin.io.LinesSequence                                                         : loaded 2 times (x 72B)
Class [Lkotlin.reflect.KClass;                                                        : loaded 2 times (x 66B)
Class kotlin.text.StringsKt__StringsKt$iterator$1                                     : loaded 2 times (x 80B)
Class kotlin.reflect.jvm.internal.KPropertyImpl$$Lambda$0                             : loaded 2 times (x 73B)
Class com.android.tools.lint.detector.api.Location                                    : loaded 2 times (x 82B)
Class com.android.tools.lint.client.api.LintRequest                                   : loaded 2 times (x 73B)
Class org.jetbrains.kotlin.descriptors.DescriptorVisibilities$10                      : loaded 2 times (x 73B)
Class kotlin.reflect.jvm.internal.CachesKt$$Lambda$4                                  : loaded 2 times (x 72B)
Class kotlin.Triple                                                                   : loaded 2 times (x 69B)
Class org.jetbrains.kotlin.metadata.ProtoBuf$TypeParameter$1                          : loaded 2 times (x 141B)
Class kotlin.sequences.SequencesKt__SequenceBuilderKt$sequence$$inlined$Sequence$1    : loaded 2 times (x 72B)
Class com.android.tools.lint.checks.IntentDetector$Companion                          : loaded 2 times (x 68B)
Class build_ehn27d2wsl7i7n76q8ywi2f9b$_run_closure1                                   : loaded 2 times (x 136B)
Class org.jetbrains.kotlin.gradle.tasks.configuration.AbstractKotlinCompileConfig$1$4 : loaded 2 times (x 72B)
Class com.google.common.collect.Lists$ReverseList$1                                   : loaded 2 times (x 96B)
Class com.google.common.collect.ImmutableRangeSet$Builder                             : loaded 2 times (x 74B)
Class [Lcom.google.common.collect.Iterators$EmptyModifiableIterator;                  : loaded 2 times (x 66B)
Class org.jetbrains.kotlin.gradle.plugin.diagnostics.CheckKotlinGradlePluginConfigurationErrors: loaded 2 times (x 314B)
Class org.jetbrains.kotlin.gradle.plugin.sources.DefaultKotlinSourceSetKt             : loaded 2 times (x 68B)
Class org.jetbrains.kotlin.gradle.dsl.KotlinJvmOptions                                : loaded 2 times (x 67B)
Class org.jetbrains.kotlin.gradle.plugin.mpp.HierarchyAttributeContainer$1            : loaded 2 times (x 75B)
Class org.jetbrains.kotlin.gradle.plugin.KotlinPluginLifecycle                        : loaded 2 times (x 67B)
Class org.jetbrains.kotlin.gradle.plugin.KotlinJsPluginWrapper                        : loaded 2 times (x 83B)
Class org.jetbrains.kotlin.gradle.dsl.ToolchainSupport                                : loaded 2 times (x 67B)
Class org.jetbrains.kotlin.tooling.core.Extras                                        : loaded 2 times (x 67B)
Class org.jetbrains.kotlin.gradle.plugin.mpp.InternalKotlinTarget                     : loaded 2 times (x 67B)
Class org.jetbrains.kotlin.statistics.metrics.NumberAnonymizationPolicy$RANDOM_10_PERCENT: loaded 2 times (x 82B)
Class org.jetbrains.kotlin.statistics.metrics.StringMetrics                           : loaded 2 times (x 77B)
Class com.google.common.cache.LocalCache$StrongValueReference                         : loaded 2 times (x 87B)
Class com.android.tools.lint.checks.SecureRandomGeneratorDetector                     : loaded 2 times (x 151B)
Class com.android.tools.lint.checks.RestrictionsDetector$Companion                    : loaded 2 times (x 68B)
Class com.android.tools.lint.checks.PrivateResourceDetector                           : loaded 2 times (x 177B)
Class com.android.tools.lint.checks.PictureInPictureDetector$Companion                : loaded 2 times (x 68B)
Class com.android.tools.lint.checks.IntentWillNullActionDetector                      : loaded 2 times (x 176B)
Class com.android.tools.lint.detector.api.XmlContext                                  : loaded 2 times (x 74B)
Class com.android.tools.lint.checks.BatteryDetector                                   : loaded 2 times (x 176B)
Class com.android.tools.lint.detector.api.Scope$Companion                             : loaded 2 times (x 68B)
Class com.android.tools.lint.checks.JavaPerformanceDetector$PerformanceVisitor        : loaded 2 times (x 124B)
Class org.jetbrains.kotlin.descriptors.DescriptorVisibilities$11                      : loaded 2 times (x 73B)
Class kotlin.jvm.internal.ReflectionFactory                                           : loaded 2 times (x 88B)
Class org.jetbrains.kotlin.metadata.deserialization.BinaryVersion$Companion           : loaded 2 times (x 68B)
Class it.unimi.dsi.fastutil.ints.AbstractIntSet                                       : loaded 2 times (x 230B)
Class com.android.tools.lint.checks.StringFormatDetector$Companion                    : loaded 2 times (x 68B)
Class kotlin.internal.jdk8.JDK8PlatformImplementations                                : loaded 2 times (x 73B)
Class kotlin.jvm.internal.Ref$ObjectRef                                               : loaded 2 times (x 69B)
Class Build_gradle$4                                                                  : loaded 2 times (x 72B)
Class org.jetbrains.kotlin.gradle.tasks.CompilerPluginOptions                         : loaded 2 times (x 69B)
Class org.jetbrains.kotlin.gradle.tasks.configuration.AbstractKotlinCompileConfig$1$5 : loaded 2 times (x 73B)
Class org.jetbrains.kotlin.gradle.plugin.mpp.KotlinTargetSoftwareComponentImpl        : loaded 2 times (x 87B)
Class org.jetbrains.kotlin.gradle.plugin.mpp.DefaultKotlinUsageContext$PublishOnlyIf  : loaded 2 times (x 67B)
Class [Lcom.google.gson.stream.JsonToken;                                             : loaded 2 times (x 66B)
Class org.jetbrains.kotlin.gradle.dsl.KotlinCommonCompilerOptionsHelper               : loaded 2 times (x 68B)
Class org.jetbrains.kotlin.gradle.plugin.KotlinJvmPlugin$Companion                    : loaded 2 times (x 68B)
Class org.jetbrains.kotlin.gradle.plugin.diagnostics.KotlinToolingDiagnostics         : loaded 2 times (x 68B)
Class org.jetbrains.kotlin.gradle.artifacts.KotlinMetadataArtifactKt                  : loaded 2 times (x 68B)
Class org.jetbrains.kotlin.gradle.targets.CreateArtifactsSideEffectKt$CreateArtifactsSideEffect$1: loaded 2 times (x 71B)
Class org.jetbrains.kotlin.gradle.internal.properties.PropertiesBuildService$property$1$valueFromGradleAndLocalProperties$1: loaded 2 times (x 72B)
Class org.jetbrains.kotlin.gradle.plugin.KotlinPluginWrapperKt$kotlinToolingVersion$2 : loaded 2 times (x 75B)
Class org.objectweb.asm.Type                                                          : loaded 2 times (x 69B)
Class org.gradle.internal.classloader.VisitableURLClassLoader$InstrumentingVisitableURLClassLoader: loaded 2 times (x 120B)
Class com.intellij.core.JavaPsiBundle                                                 : loaded 2 times (x 68B)
Class org.jetbrains.kotlin.config.JvmTarget$Companion                                 : loaded 2 times (x 68B)
Class com.google.common.collect.UnmodifiableListIterator                              : loaded 2 times (x 92B)
Class com.android.tools.lint.checks.GridLayoutDetector                                : loaded 2 times (x 151B)
Class com.android.tools.lint.checks.FragmentDetector$Companion                        : loaded 2 times (x 68B)
Class com.intellij.lang.jvm.JvmTypeParametersOwner                                    : loaded 2 times (x 67B)
Class [Lkotlin.text.FlagEnum;                                                         : loaded 2 times (x 66B)
Class org.objectweb.asm.ClassVisitor                                                  : loaded 2 times (x 85B)
Class [Lorg.objectweb.asm.Symbol;                                                     : loaded 2 times (x 66B)
Class org.jetbrains.kotlin.gradle.dsl.KotlinProjectExtension                          : loaded 2 times (x 119B)
Class org.jetbrains.kotlin.gradle.internal.properties.PropertiesBuildService$BooleanGradleProperty: loaded 2 times (x 73B)
Class org.jetbrains.kotlin.descriptors.DescriptorVisibilities$12                      : loaded 2 times (x 73B)
Class kotlin.jvm.internal.ClassBasedDeclarationContainer                              : loaded 2 times (x 67B)
Class org.jetbrains.kotlin.metadata.ProtoBuf$ValueParameter                           : loaded 2 times (x 130B)
Class org.jetbrains.kotlin.metadata.ProtoBuf$ClassOrBuilder                           : loaded 2 times (x 67B)
Class org.jetbrains.kotlin.gradle.plugin.VariantImplementationFactories$Companion$getProvider$1: loaded 2 times (x 72B)
Class kotlin.coroutines.CoroutineContext$Element$DefaultImpls                         : loaded 2 times (x 68B)
Class kotlin.coroutines.Continuation                                                  : loaded 2 times (x 67B)
Class build_326qo49o77xj9u1amurkpwo1g                                                 : loaded 2 times (x 177B)
Class com.google.common.collect.MapMakerInternalMap$StrongKeyDummyValueEntry$Helper   : loaded 2 times (x 76B)
Class org.jetbrains.kotlin.gradle.tasks.configuration.AbstractKotlinCompileConfig$1$6 : loaded 2 times (x 72B)
Class [Lorg.jetbrains.kotlin.gradle.tasks.KotlinCompilerExecutionStrategy;            : loaded 2 times (x 66B)
Class org.jetbrains.kotlin.gradle.tasks.FailedCompilationException                    : loaded 2 times (x 79B)
Class org.jetbrains.kotlin.gradle.plugin.mpp.DefaultKotlinUsageContext$1              : loaded 2 times (x 71B)
Class org.jetbrains.kotlin.gradle.plugin.mpp.compilationImpl.KotlinCompilationImpl$associateWith$2: loaded 2 times (x 76B)
Class org.jetbrains.kotlin.gradle.plugin.hierarchy.KotlinSourceSetTreeClassifier      : loaded 2 times (x 67B)
Class org.jetbrains.kotlin.gradle.plugin.mpp.compilationImpl.KotlinCompilationAssociator: loaded 2 times (x 67B)
Class org.jetbrains.kotlin.konan.target.UtilsKt$evaluatePresetName$1                  : loaded 2 times (x 75B)
Class org.jetbrains.kotlin.gradle.plugin.mpp.KotlinNativeTarget                       : loaded 2 times (x 170B)
Class org.jetbrains.kotlin.gradle.plugin.diagnostics.checkers.KotlinSourceSetTreeDependsOnMismatchChecker$runChecks$1: loaded 2 times (x 85B)
Class org.jetbrains.kotlin.gradle.plugin.diagnostics.checkers.PreHmppDependenciesUsageChecker$runChecks$1: loaded 2 times (x 85B)
Class org.jetbrains.kotlin.gradle.utils.ProjectExtensionsKt                           : loaded 2 times (x 68B)
Class org.jetbrains.kotlin.gradle.plugin.KotlinSourceSetTree$Companion                : loaded 2 times (x 68B)
Class org.jetbrains.kotlin.gradle.plugin.diagnostics.KotlinGradleProjectChecker$Companion: loaded 2 times (x 68B)
Class org.jetbrains.kotlin.gradle.plugin.KotlinGradleBuildServices$Parameters         : loaded 2 times (x 67B)
Class org.jetbrains.kotlin.gradle.plugin.statistics.BuildFusService$Companion$registerIfAbsent$1$1$1: loaded 2 times (x 72B)
Class org.jetbrains.kotlin.statistics.fileloggers.MetricsContainer$Companion          : loaded 2 times (x 68B)
Class org.objectweb.asm.ByteVector                                                    : loaded 2 times (x 76B)
Class [Lcom.google.common.cache.CacheBuilder$NullListener;                            : loaded 2 times (x 66B)
Class org.gradle.internal.classloader.VisitableURLClassLoader$Spec                    : loaded 2 times (x 71B)
Class org.gradle.internal.classpath.DefaultClassPath                                  : loaded 2 times (x 87B)
Class com.intellij.util.containers.IntKeyWeakValueHashMap$MyReference                 : loaded 2 times (x 76B)
Class org.jetbrains.kotlin.gradle.plugin.statistics.KotlinBuildStatsBeanService$Companion$initStatsService$1: loaded 2 times (x 76B)
Class com.android.tools.lint.checks.UnsafeFilenameDetector                            : loaded 2 times (x 167B)
Class com.android.tools.lint.checks.SharedPrefsDetector$Companion                     : loaded 2 times (x 68B)
Class com.android.tools.lint.checks.PropertyFileDetector                              : loaded 2 times (x 138B)
Class com.intellij.lang.jvm.JvmClass                                                  : loaded 2 times (x 67B)
Class org.jetbrains.kotlin.statistics.metrics.StringOverridePolicy$OVERRIDE_VERSION_IF_NOT_SET: loaded 2 times (x 82B)
Class org.jetbrains.kotlin.gradle.plugin.KotlinGradlePluginExtensionPointInternal     : loaded 2 times (x 73B)
Class org.jetbrains.kotlin.gradle.plugin.KotlinTargetComponent                        : loaded 2 times (x 67B)
Class com.android.prefs.AndroidLocationsSingleton                                     : loaded 2 times (x 79B)
Class org.jetbrains.kotlin.gradle.dsl.KotlinCommonCompilerToolOptionsHelper           : loaded 2 times (x 68B)
Class org.jetbrains.kotlin.gradle.plugin.KotlinPluginLifecycleImpl$WhenMappings       : loaded 2 times (x 68B)
Class org.jetbrains.kotlin.gradle.plugin.diagnostics.checkers.DeprecatedKotlinNativeTargetsChecker$runChecks$1: loaded 2 times (x 85B)
Class it.unimi.dsi.fastutil.ints.IntArrays                                            : loaded 2 times (x 68B)
Class kotlin.Result$Companion                                                         : loaded 2 times (x 68B)
Class kotlin.coroutines.jvm.internal.BaseContinuationImpl                             : loaded 2 times (x 84B)
Class org.jetbrains.kotlin.gradle.plugin.KotlinPluginLifecycleImplKt                  : loaded 2 times (x 68B)
Class com.google.common.collect.ImmutableSortedMap$1EntrySet$1                        : loaded 2 times (x 210B)
Class org.jetbrains.kotlin.gradle.plugin.DefaultKotlinBasePlugin$addKotlinCompilerConfiguration$2$1$1: loaded 2 times (x 72B)
Class org.jetbrains.kotlin.gradle.plugin.mpp.KotlinSoftwareComponentKt                : loaded 2 times (x 68B)
Class org.jetbrains.kotlin.gradle.plugin.mpp.compilationImpl.KotlinCompilationSourceSetInclusion$AddSourcesToCompileTask: loaded 2 times (x 67B)
Class org.jetbrains.kotlin.konan.target.Architecture                                  : loaded 2 times (x 76B)
Class [Lorg.jetbrains.kotlin.gradle.plugin.HasProject;                                : loaded 2 times (x 66B)
Class org.jetbrains.kotlin.gradle.utils.MutableObservableSetImpl                      : loaded 2 times (x 160B)
Class org.jetbrains.kotlin.gradle.tasks.KotlinTasksProvider                           : loaded 2 times (x 69B)
Class org.jetbrains.kotlin.gradle.plugin.KotlinJsCompilerTypeHolder                   : loaded 2 times (x 67B)
Class org.jetbrains.kotlin.gradle.dsl.DefaultToolchainSupport$wireToolchainToTasks$1  : loaded 2 times (x 72B)
Class org.jetbrains.kotlin.gradle.dsl.KotlinCommonCompilerOptions                     : loaded 2 times (x 67B)
Class org.jetbrains.kotlin.gradle.internal.properties.PropertiesBuildService$MemoizedCallable: loaded 2 times (x 72B)
Class org.objectweb.asm.Symbol                                                        : loaded 2 times (x 70B)
Class com.android.tools.lint.ManualProject                                            : loaded 2 times (x 153B)
Class [Lcom.intellij.lang.jvm.JvmAnnotation;                                          : loaded 2 times (x 66B)
Class com.android.tools.lint.checks.CleanupDetector$Companion                         : loaded 2 times (x 68B)
Class com.android.tools.lint.checks.AppBundleLocaleChangesDetector$Companion          : loaded 2 times (x 68B)
Class com.android.tools.lint.checks.ActionsXmlDetector                                : loaded 2 times (x 151B)
Class com.android.tools.lint.SyncOptions                                              : loaded 2 times (x 68B)
Class org.jetbrains.kotlin.gradle.targets.js.dsl.KotlinJsTargetDsl                    : loaded 2 times (x 67B)
Class org.jetbrains.kotlin.konan.target.KonanTarget$WATCHOS_ARM32                     : loaded 2 times (x 75B)
Class org.jetbrains.kotlin.gradle.plugin.KotlinProjectSetupActionKt$KotlinProjectSetupCoroutine$1$1: loaded 2 times (x 92B)
Class [Lcom.android.tools.lint.client.api.LintDriver$DriverMode;                      : loaded 2 times (x 66B)
Class kotlin.reflect.KType                                                            : loaded 2 times (x 67B)
Class org.jetbrains.kotlin.metadata.ProtoBuf$Visibility                               : loaded 2 times (x 79B)
Class org.jetbrains.kotlin.metadata.jvm.JvmProtoBuf                                   : loaded 2 times (x 68B)
Class org.jetbrains.kotlin.metadata.ProtoBuf$ConstructorOrBuilder                     : loaded 2 times (x 67B)
Class org.jetbrains.kotlin.config.ApiVersion$Companion                                : loaded 2 times (x 68B)
Class com.google.common.io.Java8Compatibility                                         : loaded 2 times (x 68B)
Class org.jetbrains.kotlin.gradle.tasks.AbstractKotlinCompile$friendPathsSet$1        : loaded 2 times (x 72B)
Class org.jetbrains.kotlin.build.report.metrics.BuildAttributes                       : loaded 2 times (x 69B)
Class org.jetbrains.kotlin.gradle.plugin.cocoapods.KotlinCocoapodsPlugin$Companion    : loaded 2 times (x 68B)
Class org.jetbrains.kotlin.gradle.plugin.mpp.compilationImpl.KotlinCompilationImpl    : loaded 2 times (x 137B)
Class [Lorg.jetbrains.kotlin.gradle.plugin.mpp.compilationImpl.factory.KotlinCompilationImplFactory$PostConfigure;: loaded 2 times (x 66B)
Class org.jetbrains.kotlin.konan.target.KonanTarget$MACOS_X64                         : loaded 2 times (x 75B)
Class org.jetbrains.kotlin.konan.util.Named                                           : loaded 2 times (x 67B)
Class org.jetbrains.kotlin.gradle.plugin.KotlinSourceSet$Companion                    : loaded 2 times (x 68B)
Class [Lorg.jetbrains.kotlin.gradle.report.BuildReportMode;                           : loaded 2 times (x 66B)
Class org.jetbrains.kotlin.statistics.metrics.BooleanOverridePolicy                   : loaded 2 times (x 82B)
Class com.google.common.collect.RegularImmutableMap$Values                            : loaded 2 times (x 204B)
Class org.jetbrains.kotlin.gradle.plugin.AbstractKotlinAndroidPluginWrapper           : loaded 2 times (x 83B)
Class org.gradle.internal.classloader.ClassLoaderSpec                                 : loaded 2 times (x 68B)
Class [Lcom.intellij.psi.PsiType$Stub;                                                : loaded 2 times (x 66B)
Class com.android.tools.lint.checks.GestureBackNavDetector                            : loaded 2 times (x 167B)
Class com.intellij.psi.PsiDocCommentOwner                                             : loaded 2 times (x 67B)
Class com.android.tools.lint.checks.ExifInterfaceDetector                             : loaded 2 times (x 167B)
Class com.android.tools.lint.checks.ChildCountDetector                                : loaded 2 times (x 151B)
Class com.android.tools.lint.detector.api.Scope                                       : loaded 2 times (x 76B)
Class org.jetbrains.kotlin.gradle.plugin.mpp.compilationImpl.factory.KotlinCompilationImplFactory$PreConfigure: loaded 2 times (x 67B)
Class org.jetbrains.kotlin.gradle.tasks.configuration.AbstractKotlinCompileConfig$2   : loaded 2 times (x 76B)
Class org.jetbrains.kotlin.gradle.internal.transforms.BuildToolsApiClasspathEntrySnapshotTransform: loaded 2 times (x 79B)
Class org.jetbrains.kotlin.gradle.tasks.CacheableTasksKt$cacheOnlyIfEnabledForKotlin$1: loaded 2 times (x 72B)
Class org.jetbrains.kotlin.descriptors.DeclarationDescriptorWithVisibility            : loaded 2 times (x 67B)
Class kotlin.reflect.jvm.internal.ReflectProperties$Val$1                             : loaded 2 times (x 68B)
Class org.jetbrains.kotlin.protobuf.SmallSortedMap                                    : loaded 2 times (x 127B)
Class it.unimi.dsi.fastutil.ints.IntArrays$ForkJoinQuickSortComp                      : loaded 2 times (x 93B)
Class kotlin.text.DelimitedRangesSequence                                             : loaded 2 times (x 72B)
Class com.google.common.io.ByteSource$EmptyByteSource                                 : loaded 2 times (x 82B)
Class org.jetbrains.kotlin.gradle.tasks.DefaultKotlinJavaToolchain$DefaultJavaToolchainSetter: loaded 2 times (x 72B)
Class org.jetbrains.kotlin.build.report.metrics.BuildAttributeKind                    : loaded 2 times (x 76B)
Class org.jetbrains.kotlin.gradle.plugin.mpp.KotlinCompilationsKt$moduleNameForCompilation$1: loaded 2 times (x 72B)
Class org.jetbrains.kotlin.gradle.plugin.sources.KotlinDependencyScopeKt              : loaded 2 times (x 68B)
Class org.jetbrains.kotlin.gradle.plugin.diagnostics.TransformActionUsingKotlinToolingDiagnostics$Parameters: loaded 2 times (x 67B)
Class org.jetbrains.kotlin.compilerRunner.CompilerSystemPropertiesService$Companion$registerIfAbsent$2$1: loaded 2 times (x 76B)
Class org.jetbrains.kotlin.gradle.plugin.mpp.KotlinCompilationsKt$addSourcesToKotlinCompileTask$1: loaded 2 times (x 72B)
Class org.jetbrains.kotlin.gradle.internal.KotlinDependenciesManagementKt$configureDefaultVersionsResolutionStrategy$1$1: loaded 2 times (x 72B)
Class org.jetbrains.kotlin.gradle.utils.KotlinExtensionUtilsKt$forAllTargets$1        : loaded 2 times (x 92B)
Class org.jetbrains.kotlin.gradle.plugin.diagnostics.CheckKotlinGradlePluginConfigurationErrorsKt$locateOrRegisterCheckKotlinGradlePluginErrorsTask$taskProvider$1: loaded 2 times (x 72B)
Class org.jetbrains.kotlin.gradle.plugin.diagnostics.checkers.OverriddenKotlinNativeHomeChecker$StdlibExistenceCheckerValueSource$Params: loaded 2 times (x 67B)
Class org.jetbrains.kotlin.gradle.dsl.PlatformSourceSetConventionsChecker$nativeTargetPresets$1$1: loaded 2 times (x 76B)
Class org.jetbrains.kotlin.gradle.tooling.BuildKotlinToolingMetadataTaskKt$buildKotlinToolingMetadataTask$1: loaded 2 times (x 75B)
Class org.jetbrains.kotlin.gradle.internal.Kapt3GradleSubplugin$Companion             : loaded 2 times (x 68B)
Class org.jetbrains.kotlin.gradle.plugin.mpp.compilationImpl.KotlinCreateCompilationArchiveTaskKt$KotlinRegisterCompilationArchiveTasksExtension$1: loaded 2 times (x 71B)
Class [Lorg.jetbrains.kotlin.statistics.metrics.NumberOverridePolicy;                 : loaded 2 times (x 66B)
Class org.jetbrains.kotlin.gradle.internal.properties.PropertiesBuildService$GradleProperty: loaded 2 times (x 67B)
Class org.jetbrains.kotlin.gradle.utils.StoredPropertyKt$projectStoredProperty$1      : loaded 2 times (x 75B)
Class org.objectweb.asm.AnnotationWriter                                              : loaded 2 times (x 76B)
Class com.google.common.cache.CacheStats                                              : loaded 2 times (x 68B)
Class com.intellij.util.containers.ConcurrentWeakHashMap                              : loaded 2 times (x 151B)
Class com.android.tools.lint.checks.UncaughtExceptionHandlerDetector$Companion        : loaded 2 times (x 68B)
Class com.android.tools.lint.checks.ProviderPermissionDetector$Companion              : loaded 2 times (x 68B)
Class com.android.tools.lint.checks.PendingIntentMutableImplicitDetector              : loaded 2 times (x 167B)
Class com.android.tools.lint.checks.HardcodedValuesDetector$Companion                 : loaded 2 times (x 68B)
Class org.jetbrains.kotlin.gradle.tasks.AbstractKotlinCompile$compilerRunner$1        : loaded 2 times (x 72B)
Class com.android.tools.lint.checks.DuplicateIdDetector                               : loaded 2 times (x 152B)
Class com.android.tools.lint.checks.DeletedProviderDetector$Companion                 : loaded 2 times (x 68B)
Class com.google.common.collect.TransformedListIterator                               : loaded 2 times (x 90B)
Class com.android.tools.lint.checks.C2dmDetector                                      : loaded 2 times (x 151B)
Class com.android.tools.lint.gradle.LintGradleUtilsKt                                 : loaded 2 times (x 68B)
Class com.google.common.cache.LocalCache$Values                                       : loaded 2 times (x 115B)
Class com.google.common.reflect.TypeCapture                                           : loaded 2 times (x 68B)
Class it.unimi.dsi.fastutil.objects.ReferenceSet                                      : loaded 2 times (x 67B)
Class kotlin.collections.builders.ListBuilder$Itr                                     : loaded 2 times (x 91B)
Class org.jetbrains.kotlin.load.kotlin.header.KotlinClassHeader$Kind$Companion        : loaded 2 times (x 68B)
Class org.jetbrains.kotlin.protobuf.SmallSortedMap$EmptySet                           : loaded 2 times (x 68B)
Class org.jetbrains.kotlin.protobuf.MessageLite                                       : loaded 2 times (x 67B)
Class org.jetbrains.kotlin.protobuf.ByteString$Output                                 : loaded 2 times (x 83B)
Class kotlin.jvm.internal.markers.KMutableIterable                                    : loaded 2 times (x 67B)
Class com.google.common.collect.ImmutableMultisetGwtSerializationDependencies         : loaded 2 times (x 122B)
Class [Lcom.google.common.base.Predicate;                                             : loaded 2 times (x 66B)
Class com.google.common.collect.Interners                                             : loaded 2 times (x 68B)
Class org.jetbrains.kotlin.gradle.tasks.K2MultiplatformStructure$RefinesEdge          : loaded 2 times (x 69B)
Class org.jetbrains.kotlin.gradle.plugin.mpp.SyncLanguageSettingsWithKotlinExtensionSetupActionKt$SyncLanguageSettingsWithKotlinExtensionSetupAction$1$1: loaded 2 times (x 72B)
Class org.jetbrains.kotlin.gradle.tasks.configuration.TaskConfigAction$configureTask$1: loaded 2 times (x 76B)
Class org.jetbrains.kotlin.gradle.plugin.diagnostics.checkers.DuplicateSourceSetChecker$runChecks$1: loaded 2 times (x 85B)
Class org.jetbrains.kotlin.gradle.plugin.diagnostics.ToolingDiagnostic$Severity       : loaded 2 times (x 76B)
Class org.jetbrains.kotlin.gradle.dsl.JvmTarget                                       : loaded 2 times (x 76B)
Class org.jetbrains.kotlin.gradle.internal.ClassLoadersCachingBuildService            : loaded 2 times (x 73B)
Class org.jetbrains.kotlin.gradle.plugin.VariantImplementationFactories$Inject        : loaded 2 times (x 103B)
Class org.jetbrains.kotlin.gradle.plugin.VariantImplementationFactoriesConfigurator$Companion: loaded 2 times (x 68B)
Class org.objectweb.asm.RecordComponentWriter                                         : loaded 2 times (x 75B)
Class com.google.common.util.concurrent.AbstractFuture$Listener                       : loaded 2 times (x 69B)
Class Settings_gradle$1$1                                                             : loaded 2 times (x 71B)
Class com.android.tools.lint.checks.WatchFaceEditorDetector$Issues                    : loaded 2 times (x 68B)
Class com.android.tools.lint.checks.AccessibilityWindowStateChangedDetector           : loaded 2 times (x 167B)
Class com.android.tools.lint.detector.api.OtherFileScanner                            : loaded 2 times (x 67B)
Class com.android.tools.lint.checks.CredentialManagerDependencyDetector$Companion     : loaded 2 times (x 68B)
Class org.jetbrains.uast.visitor.UastVisitor                                          : loaded 2 times (x 67B)
Class com.android.tools.lint.checks.AccessibilityViewScrollActionsDetector            : loaded 2 times (x 167B)
Class com.android.tools.lint.detector.api.Category                                    : loaded 2 times (x 72B)
Class org.jetbrains.kotlin.cli.common.ModuleVisibilityHelperImpl                      : loaded 2 times (x 71B)
Class com.google.common.collect.ForwardingSet                                         : loaded 2 times (x 148B)
Class [Lorg.jetbrains.kotlin.compilerRunner.KotlinCompilerArgumentsLogLevel;          : loaded 2 times (x 66B)
Class org.jetbrains.kotlin.gradle.tasks.KotlinCompile_Decorated                       : loaded 2 times (x 596B)
Class org.jetbrains.kotlin.gradle.plugin.mpp.SyncLanguageSettingsWithKotlinExtensionSetupActionKt$SyncLanguageSettingsWithKotlinExtensionSetupAction$1$2: loaded 2 times (x 72B)
Class org.jetbrains.kotlin.gradle.plugin.internal.BuildIdService$Companion            : loaded 2 times (x 68B)
Class org.jetbrains.kotlin.gradle.plugin.diagnostics.checkers.OverriddenKotlinNativeHomeChecker$StdlibExistenceCheckerValueSource$Companion: loaded 2 times (x 68B)
Class org.jetbrains.kotlin.gradle.targets.js.dsl.KotlinWasmSubTargetContainerDsl      : loaded 2 times (x 67B)
Class org.jetbrains.kotlin.gradle.plugin.diagnostics.checkers.WasmWasiEnvironmentChecker$1: loaded 2 times (x 75B)
Class org.jetbrains.kotlin.gradle.plugin.diagnostics.checkers.DisabledCinteropCommonizationInHmppProjectChecker: loaded 2 times (x 71B)
Class org.jetbrains.kotlin.gradle.plugin.diagnostics.checkers.NoKotlinTargetsDeclaredChecker: loaded 2 times (x 71B)
Class org.jetbrains.kotlin.gradle.utils.StoredPropertyStorage                         : loaded 2 times (x 69B)
Class org.jetbrains.kotlin.gradle.plugin.KotlinSourceSetContainer                     : loaded 2 times (x 67B)
Class org.objectweb.asm.Attribute                                                     : loaded 2 times (x 74B)
Class com.google.common.base.Supplier                                                 : loaded 2 times (x 67B)
Class org.gradle.internal.classloader.VisitableURLClassLoader                         : loaded 2 times (x 114B)
Class com.android.tools.lint.checks.PackageVisibilityDetector$Companion               : loaded 2 times (x 68B)
Class com.android.tools.lint.checks.ObjectAnimatorDetector$Companion                  : loaded 2 times (x 68B)
Class com.android.tools.lint.checks.KotlinNullnessAnnotationDetector$Issues           : loaded 2 times (x 68B)
Class com.android.tools.lint.checks.IteratorDetector                                  : loaded 2 times (x 167B)
Class com.android.tools.lint.checks.FullBackupContentDetector$Companion               : loaded 2 times (x 68B)
Class com.android.tools.lint.checks.CustomViewDetector                                : loaded 2 times (x 167B)
Class [Lcom.android.tools.lint.detector.api.Issue;                                    : loaded 2 times (x 66B)
Class com.intellij.psi.PsiJvmModifiersOwner                                           : loaded 2 times (x 67B)
Class com.android.tools.lint.detector.api.ApiConstraint                               : loaded 2 times (x 90B)
Class com.android.ide.common.gradle.Module$Companion                                  : loaded 2 times (x 68B)
Class com.android.tools.lint.checks.PublicKeyCredentialDetector$Companion             : loaded 2 times (x 68B)
Class com.android.tools.lint.checks.UselessViewDetector                               : loaded 2 times (x 151B)
Class com.google.common.collect.ImmutableMap$MapViewOfValuesAsSingletonSets           : loaded 2 times (x 123B)
Class [Lkotlin.DeprecationLevel;                                                      : loaded 2 times (x 66B)
Class kotlin.reflect.jvm.internal.KClassImpl                                          : loaded 2 times (x 112B)
Class kotlin.sequences.GeneratorSequence                                              : loaded 2 times (x 72B)
Class com.google.common.collect.RegularImmutableMap                                   : loaded 2 times (x 118B)
Class com.google.common.io.CharSource$AsByteSource                                    : loaded 2 times (x 82B)
Class com.google.common.collect.ImmutableList$SerializedForm                          : loaded 2 times (x 70B)
Class org.jetbrains.kotlin.gradle.plugin.statistics.plugins.ObservablePlugins         : loaded 2 times (x 76B)
Class org.jetbrains.kotlin.gradle.plugin.sources.InternalKotlinSourceSetKt$awaitPlatformCompilations$1: loaded 2 times (x 85B)
Class [Lorg.jetbrains.kotlin.gradle.plugin.sources.KotlinDependencyScope;             : loaded 2 times (x 66B)
Class org.jetbrains.kotlin.gradle.tasks.configuration.BaseKotlinCompileConfig$configureCommonParameters$1: loaded 2 times (x 71B)
Class org.jetbrains.kotlin.gradle.plugin.mpp.compilationImpl.factory.ConfigurationNaming: loaded 2 times (x 67B)
Class org.jetbrains.kotlin.gradle.plugin.mpp.compilationImpl.DefaultKotlinCompilationPostConfigureKt: loaded 2 times (x 68B)
Class org.jetbrains.kotlin.konan.target.KonanTarget$WATCHOS_X64                       : loaded 2 times (x 75B)
Class org.jetbrains.kotlin.gradle.plugin.diagnostics.KotlinGradleProjectCheckersRunnerKt: loaded 2 times (x 68B)
Class [Lorg.jetbrains.kotlin.tooling.core.HasExtras;                                  : loaded 2 times (x 66B)
Class org.jetbrains.kotlin.gradle.plugin.diagnostics.checkers.IncorrectCompileOnlyDependenciesChecker: loaded 2 times (x 71B)
Class org.jetbrains.kotlin.gradle.plugin.diagnostics.checkers.WasmWasiEnvironmentChecker$2: loaded 2 times (x 75B)
Class org.jetbrains.kotlin.gradle.artifacts.KotlinLegacyCompatibilityMetadataArtifactKt$KotlinLegacyCompatibilityMetadataArtifact$1: loaded 2 times (x 71B)
Class org.jetbrains.kotlin.gradle.dsl.DefaultToolchainSupport$wireToolchainToTasks$1$1: loaded 2 times (x 72B)
Class org.jetbrains.kotlin.gradle.utils.SingleActionPerProject                        : loaded 2 times (x 70B)
Class org.jetbrains.kotlin.gradle.plugin.DefaultKotlinBasePlugin                      : loaded 2 times (x 79B)
Class org.gradle.internal.Cast                                                        : loaded 2 times (x 68B)
Class org.gradle.api.Action                                                           : loaded 2 times (x 67B)
Class com.android.tools.lint.checks.SplashScreenDetector                              : loaded 2 times (x 167B)
Class com.android.tools.lint.checks.PermissionErrorDetector$Companion                 : loaded 2 times (x 68B)
Class com.android.tools.lint.checks.GestureBackNavDetector$Companion                  : loaded 2 times (x 68B)
Class com.android.tools.lint.checks.CredentialManagerDependencyDetector               : loaded 2 times (x 151B)
Class com.google.gson.stream.MalformedJsonException                                   : loaded 2 times (x 79B)
Class com.android.tools.lint.detector.api.GradleContext                               : loaded 2 times (x 76B)
Class com.android.tools.lint.detector.api.TextFormat                                  : loaded 2 times (x 76B)
Class org.jetbrains.kotlin.gradle.internal.properties.PropertiesBuildService$IntGradleProperty: loaded 2 times (x 73B)
Class org.jetbrains.kotlin.gradle.plugin.mpp.KotlinUsages$KotlinMetadataDisambiguation: loaded 2 times (x 73B)
Class org.jetbrains.kotlin.gradle.plugin.mpp.compilationImpl.KotlinCompilationSideEffect$Companion: loaded 2 times (x 68B)
Class org.jetbrains.kotlin.gradle.artifacts.KotlinLegacyMetadataArtifactKt$KotlinLegacyMetadataArtifact$1: loaded 2 times (x 71B)
Class kotlin.properties.ReadWriteProperty                                             : loaded 2 times (x 67B)
Class org.jetbrains.kotlin.protobuf.CodedOutputStream                                 : loaded 2 times (x 69B)
Class org.jetbrains.kotlin.metadata.ProtoBuf$Annotation                               : loaded 2 times (x 106B)
Class it.unimi.dsi.fastutil.ints.IntArrays$ArrayHashStrategy                          : loaded 2 times (x 72B)
Class kotlin.collections.AbstractMutableList                                          : loaded 2 times (x 203B)
Class org.jetbrains.kotlin.cli.common.messages.GradleStyleMessageRenderer             : loaded 2 times (x 75B)
Class com.google.common.io.Resources                                                  : loaded 2 times (x 68B)
Class com.google.common.collect.MapMakerInternalMap                                   : loaded 2 times (x 158B)
Class com.google.common.collect.HashBiMap                                             : loaded 2 times (x 140B)
Class [Lorg.jetbrains.kotlin.gradle.plugin.mpp.KotlinUsageContext$MavenScope;         : loaded 2 times (x 66B)
Class org.jetbrains.kotlin.gradle.tasks.configuration.BaseKotlinCompileConfig$configureCommonParameters$2: loaded 2 times (x 72B)
Class org.jetbrains.kotlin.gradle.plugin.mpp.compilationImpl.KotlinCompilationCompilerOptionsFromTargetConfigurator: loaded 2 times (x 71B)
Class com.google.common.base.Strings                                                  : loaded 2 times (x 68B)
Class org.jetbrains.kotlin.gradle.utils.FailuresKt$ideaSyncClasspathModeUtil$1        : loaded 2 times (x 69B)
Class org.jetbrains.kotlin.gradle.plugin.diagnostics.KotlinToolingDiagnosticsCollector$Inject: loaded 2 times (x 93B)
Class org.jetbrains.kotlin.gradle.artifacts.KotlinJsKlibArtifactKt                    : loaded 2 times (x 68B)
Class org.jetbrains.kotlin.gradle.dsl.KotlinTargetContainerWithWasmPresetFunctions    : loaded 2 times (x 67B)
Class org.jetbrains.kotlin.gradle.plugin.GradleUtilsKt                                : loaded 2 times (x 68B)
Class org.jetbrains.kotlin.gradle.internal.properties.PropertiesBuildService          : loaded 2 times (x 73B)
Class org.objectweb.asm.Handler                                                       : loaded 2 times (x 69B)
Class com.google.common.base.Ticker                                                   : loaded 2 times (x 69B)
Class org.jetbrains.kotlin.config.JvmTarget                                           : loaded 2 times (x 80B)
Class com.android.tools.lint.detector.api.Detector$XmlScanner                         : loaded 2 times (x 67B)
Class [Lcom.android.tools.lint.detector.api.Option;                                   : loaded 2 times (x 66B)
Class com.android.tools.lint.checks.UseKtxDetector                                    : loaded 2 times (x 176B)
Class com.android.tools.lint.checks.PowerManagerDetector                              : loaded 2 times (x 169B)
Class com.android.tools.lint.checks.MotionSceneDetector$Companion                     : loaded 2 times (x 68B)
Class com.android.tools.lint.checks.MotionLayoutDetector$Companion                    : loaded 2 times (x 68B)
Class com.android.tools.lint.checks.MotionLayoutDetector                              : loaded 2 times (x 152B)
Class com.android.tools.lint.detector.api.Severity$Companion                          : loaded 2 times (x 68B)
Class org.jetbrains.kotlin.gradle.artifacts.KotlinNativeHostSpecificMetadataArtifactKt$KotlinNativeHostSpecificMetadataArtifact$1: loaded 2 times (x 71B)
Class org.jetbrains.kotlin.konan.target.KonanTarget$ANDROID_ARM64                     : loaded 2 times (x 75B)
Class org.jetbrains.kotlin.gradle.plugin.mpp.compilationImpl.KotlinCompilationFriendPathsResolver: loaded 2 times (x 67B)
Class org.jetbrains.kotlin.gradle.tasks.configuration.AbstractKotlinCompileConfig$1   : loaded 2 times (x 76B)
Class [Lorg.jetbrains.kotlin.load.kotlin.header.KotlinClassHeader$Kind;               : loaded 2 times (x 66B)
Class kotlin.jvm.internal.markers.KMutableIterator                                    : loaded 2 times (x 67B)
Class com.android.SdkConstants                                                        : loaded 2 times (x 68B)
Class com.google.common.collect.ImmutableSortedSet$Builder                            : loaded 2 times (x 83B)
Class org.jetbrains.kotlin.gradle.tasks.KotlinCompile$javaSources$1                   : loaded 2 times (x 72B)
Class org.jetbrains.kotlin.incremental.IncrementalCompilationFeatures                 : loaded 2 times (x 68B)
Class org.jetbrains.kotlin.gradle.plugin.KotlinTarget$DefaultImpls                    : loaded 2 times (x 68B)
Class org.jetbrains.kotlin.gradle.plugin.diagnostics.KotlinToolingDiagnosticsCollector: loaded 2 times (x 73B)
Class org.jetbrains.kotlin.gradle.plugin.mpp.compilationImpl.KotlinCreateCompilationArchiveTaskKt: loaded 2 times (x 68B)
Class org.jetbrains.kotlin.tooling.core.MutableExtrasImpl                             : loaded 2 times (x 162B)
Class org.jetbrains.kotlin.gradle.plugin.statistics.KotlinBuildStatsMXBean            : loaded 2 times (x 67B)
Class org.jetbrains.kotlin.gradle.utils.FileUtilsKt                                   : loaded 2 times (x 68B)
Class [Lcom.google.common.cache.LocalCache$Segment;                                   : loaded 2 times (x 66B)
Class [Lcom.google.common.cache.LocalCache$Strength;                                  : loaded 2 times (x 66B)
Class com.google.common.cache.CacheBuilder$1                                          : loaded 2 times (x 82B)
Class org.gradle.internal.classpath.DefaultClassPath$ImmutableUniqueList$Builder      : loaded 2 times (x 72B)
Class com.android.tools.lint.checks.WearMaterialThemeDetector                         : loaded 2 times (x 167B)
Class com.android.tools.lint.checks.ToastDetector$Companion                           : loaded 2 times (x 68B)
Class com.android.tools.lint.checks.StorageDetector$Companion                         : loaded 2 times (x 68B)
Class com.android.tools.lint.checks.ShortcutUsageDetector$Companion                   : loaded 2 times (x 68B)
Class com.android.tools.lint.checks.SelectedPhotoAccessDetector$Companion             : loaded 2 times (x 68B)
Class com.android.tools.lint.checks.ParcelDetector                                    : loaded 2 times (x 167B)
Class com.intellij.lang.jvm.JvmElement                                                : loaded 2 times (x 67B)
Class com.android.tools.lint.detector.api.Detector                                    : loaded 2 times (x 138B)
Class org.jetbrains.kotlin.gradle.plugin.sources.KotlinDependencyScope                : loaded 2 times (x 76B)
Class org.jetbrains.kotlin.gradle.plugin.mpp.KotlinMetadataCompilation                : loaded 2 times (x 67B)
Class org.jetbrains.kotlin.gradle.utils.FutureKt$future$1                             : loaded 2 times (x 92B)
Class com.android.tools.lint.client.api.ConfigurationHierarchy$Companion              : loaded 2 times (x 68B)
Class com.android.tools.lint.client.api.CircularDependencyException                   : loaded 2 times (x 83B)
Class org.jetbrains.kotlin.serialization.deserialization.ProtoEnumFlags               : loaded 2 times (x 68B)
Class org.jetbrains.kotlin.protobuf.Internal$EnumLite                                 : loaded 2 times (x 67B)
Class org.jetbrains.kotlin.utils.exceptions.KotlinExceptionWithAttachments            : loaded 2 times (x 67B)
Class org.jetbrains.kotlin.gradle.report.GradleBuildMetricsReporter                   : loaded 2 times (x 95B)
Class com.google.common.collect.MapMakerInternalMap$WeakValueReference                : loaded 2 times (x 67B)
Class org.jetbrains.kotlin.gradle.plugin.mpp.KotlinCompilationFactory$DefaultImpls    : loaded 2 times (x 68B)
Class com.google.gson.stream.JsonToken                                                : loaded 2 times (x 76B)
Class com.google.common.collect.AbstractRangeSet                                      : loaded 2 times (x 111B)
Class org.jetbrains.kotlin.gradle.plugin.diagnostics.checkers.InternalGradlePropertiesUsageChecker: loaded 2 times (x 71B)
Class org.jetbrains.kotlin.gradle.plugin.mpp.compilationImpl.CreateCInteropTasksSideEffectKt: loaded 2 times (x 68B)
Class org.jetbrains.kotlin.gradle.targets.metadata.KotlinMetadataTargetConfiguratorKt : loaded 2 times (x 68B)
Class org.jetbrains.kotlin.gradle.testing.internal.KotlinTestsRegistry$Companion      : loaded 2 times (x 68B)
Class org.jetbrains.kotlin.gradle.dsl.KotlinCommonCompilerToolOptions                 : loaded 2 times (x 67B)
Class org.jetbrains.kotlin.gradle.internal.properties.PropertiesBuildService$Companion$registerIfAbsent$1: loaded 2 times (x 72B)
Class org.jetbrains.kotlin.gradle.plugin.internal.DefaultConfigurationCacheStartParameterAccessorVariantFactory: loaded 2 times (x 73B)
Class com.google.common.cache.LocalCache                                              : loaded 2 times (x 184B)
Class com.google.common.cache.CacheBuilder$2                                          : loaded 2 times (x 76B)
Class com.intellij.openapi.diagnostic.ControlFlowException                            : loaded 2 times (x 67B)
Class [Lcom.android.tools.lint.detector.api.BooleanOption;                            : loaded 2 times (x 66B)
Class com.android.tools.lint.checks.StringCasingDetector$Companion                    : loaded 2 times (x 68B)
Class com.android.tools.lint.checks.RequiresFeatureDetector                           : loaded 2 times (x 167B)
Class com.android.tools.lint.checks.InefficientWeightDetector                         : loaded 2 times (x 152B)
Class com.android.tools.lint.checks.IncludeDetector                                   : loaded 2 times (x 151B)
Class com.android.tools.lint.checks.CommunicationDeviceDetector$Companion             : loaded 2 times (x 68B)
Class com.android.tools.lint.detector.api.Context                                     : loaded 2 times (x 73B)
Class org.jetbrains.kotlin.gradle.tasks.KotlinCompile$androidLayoutResources$1        : loaded 2 times (x 71B)
Class com.google.common.io.ByteArrayDataOutput                                        : loaded 2 times (x 67B)
Class org.jetbrains.kotlin.protobuf.RopeByteString                                    : loaded 2 times (x 107B)
Class kotlin.annotation.Target                                                        : loaded 2 times (x 67B)
Class Build_gradle$inlined$sam$i$org_gradle_api_Action$0                              : loaded 2 times (x 72B)
Class org.jetbrains.kotlin.build.report.metrics.BuildPerformanceMetrics$Companion     : loaded 2 times (x 68B)
Class org.jetbrains.kotlin.cli.common.arguments.K2JVMCompilerArguments                : loaded 2 times (x 78B)
Class org.jetbrains.kotlin.gradle.plugin.mpp.compilationImpl.DefaultKotlinCompilationSourceSetsContainer$source$1: loaded 2 times (x 76B)
Class org.jetbrains.kotlin.gradle.internal.KotlinTestDependencyManagementKt           : loaded 2 times (x 68B)
Class org.jetbrains.kotlin.konan.target.KonanTarget$ANDROID_X64                       : loaded 2 times (x 75B)
Class [Lorg.jetbrains.kotlin.gradle.plugin.sources.ConsistencyCheck;                  : loaded 2 times (x 66B)
Class org.jetbrains.kotlin.gradle.report.ReportingSettings                            : loaded 2 times (x 69B)
Class org.jetbrains.kotlin.statistics.metrics.StringAnonymizationPolicy$ComponentVersionAnonymizer: loaded 2 times (x 75B)
Class com.google.common.collect.ArrayListMultimap                                     : loaded 2 times (x 169B)
Class com.google.common.cache.CacheBuilder$3                                          : loaded 2 times (x 69B)
Class [Lcom.google.common.collect.AbstractMapEntry;                                   : loaded 2 times (x 66B)
Class com.google.common.collect.ImmutableEntry                                        : loaded 2 times (x 79B)
Class org.jetbrains.kotlin.gradle.plugin.KotlinBasePluginWrapper                      : loaded 2 times (x 83B)
Class org.gradle.api.GradleException                                                  : loaded 2 times (x 79B)
Class com.intellij.util.lang.JavaVersion                                              : loaded 2 times (x 71B)
Class kotlin.ranges.IntProgression$Companion                                          : loaded 2 times (x 68B)
Class com.android.tools.lint.checks.WatchFaceEditorDetector                           : loaded 2 times (x 151B)
Class com.android.tools.lint.checks.UnsafeImplicitIntentDetector                      : loaded 2 times (x 167B)
Class com.android.tools.lint.checks.SamDetector$Issues                                : loaded 2 times (x 68B)
Class kotlin.collections.builders.MapBuilder                                          : loaded 2 times (x 109B)
Class com.android.tools.lint.checks.CheckResultDetector$Companion                     : loaded 2 times (x 68B)
Class com.android.tools.lint.checks.CheckResultDetector                               : loaded 2 times (x 167B)
Class com.android.tools.lint.checks.BinderGetCallingInMainThreadDetector$Method       : loaded 2 times (x 69B)
Class [Lcom.android.tools.lint.detector.api.Scope;                                    : loaded 2 times (x 66B)
Class org.jetbrains.kotlin.protobuf.GeneratedMessageLite$ExtendableMessageOrBuilder   : loaded 2 times (x 67B)
Class org.jetbrains.kotlin.metadata.ProtoBuf$FunctionOrBuilder                        : loaded 2 times (x 67B)
Class org.jetbrains.kotlin.metadata.deserialization.BinaryVersion                     : loaded 2 times (x 71B)
Class kotlin.annotation.Retention                                                     : loaded 2 times (x 67B)
Class jdk.internal.jimage.ImageStrings                                                : loaded 2 times (x 67B)
Class com.google.common.base.Suppliers$MemoizingSupplier                              : loaded 2 times (x 76B)
Class com.google.common.io.CharSource$EmptyCharSource                                 : loaded 2 times (x 83B)
Class org.jetbrains.kotlin.gradle.plugin.diagnostics.KotlinToolingDiagnostics$JsEnvironmentNotChosenExplicitly: loaded 2 times (x 70B)
Class org.jetbrains.kotlin.gradle.plugin.ProjectLocalConfigurations$ProjectLocalCompatibility: loaded 2 times (x 73B)
Class org.jetbrains.kotlin.gradle.dsl.KotlinJvmCompilerOptions                        : loaded 2 times (x 67B)
Class org.jetbrains.kotlin.gradle.plugin.internal.DefaultProjectIsolationStartParameterAccessor$Factory: loaded 2 times (x 73B)
Class com.intellij.util.containers.ContainerUtil                                      : loaded 2 times (x 68B)
Class com.android.tools.lint.checks.ProviderPermissionDetector                        : loaded 2 times (x 167B)
Class com.android.tools.lint.checks.MotionSceneDetector                               : loaded 2 times (x 152B)
Class com.android.tools.lint.detector.api.Option$Companion                            : loaded 2 times (x 68B)
Class com.android.tools.lint.checks.IgnoreWithoutReasonDetector$Companion             : loaded 2 times (x 68B)
Class com.android.tools.lint.checks.BadHostnameVerifierDetector                       : loaded 2 times (x 167B)
Class org.jetbrains.kotlin.protobuf.GeneratedMessageLite$1                            : loaded 2 times (x 68B)
Class kotlin.text.FlagEnum                                                            : loaded 2 times (x 67B)
Class kotlin.jvm.internal.MutablePropertyReference2                                   : loaded 2 times (x 134B)
Class kotlin.reflect.jvm.internal.ReflectProperties$Val                               : loaded 2 times (x 71B)
Class com.android.tools.lint.client.api.Configuration$Companion                       : loaded 2 times (x 68B)
Class kotlin.reflect.jvm.internal.KTypeParameterOwnerImpl                             : loaded 2 times (x 67B)
Class org.jetbrains.kotlin.metadata.ProtoBuf$Type$Argument$Projection                 : loaded 2 times (x 79B)
Class org.jetbrains.kotlin.metadata.ProtoBuf$EnumEntry$1                              : loaded 2 times (x 141B)
Class [Lcom.google.common.collect.MapMakerInternalMap$Strength;                       : loaded 2 times (x 66B)
Class [Lcom.google.common.io.FileWriteMode;                                           : loaded 2 times (x 66B)
Class org.jetbrains.kotlin.buildtools.api.SourcesChanges                              : loaded 2 times (x 67B)
Class org.jetbrains.kotlin.gradle.plugin.KotlinPluginLifecycleImpl$launch$1           : loaded 2 times (x 76B)
Class org.jetbrains.kotlin.konan.target.HostManager$Companion$targetAliases$2         : loaded 2 times (x 75B)
Class org.jetbrains.kotlin.gradle.utils.Completable                                   : loaded 2 times (x 69B)
Class org.jetbrains.kotlin.gradle.plugin.DefaultKotlinBasePlugin$addKotlinCompilerConfiguration$2$1: loaded 2 times (x 72B)
Class org.jetbrains.kotlin.gradle.plugin.statistics.KotlinBuildStatsServicesRegistry$Companion: loaded 2 times (x 68B)
Class org.jetbrains.kotlin.gradle.plugin.internal.DefaultCompatibilityConventionRegistrar$Factory: loaded 2 times (x 73B)
Class com.intellij.navigation.NavigationItem                                          : loaded 2 times (x 67B)
Class com.intellij.psi.PsiType                                                        : loaded 2 times (x 102B)
Class com.android.tools.lint.checks.ChromeOsSourceDetector$Companion                  : loaded 2 times (x 68B)
Class com.android.AndroidXConstants                                                   : loaded 2 times (x 68B)
Class com.android.tools.lint.checks.AppLinksValidDetector$Companion                   : loaded 2 times (x 68B)
Class com.android.tools.lint.checks.ServiceCastDetector                               : loaded 2 times (x 167B)
Class com.android.tools.lint.checks.UseCompoundDrawableDetector$Companion             : loaded 2 times (x 68B)
Class com.android.tools.lint.checks.BuiltinIssueRegistry                              : loaded 2 times (x 79B)
Class kotlin.reflect.jvm.internal.KPropertyImpl$Companion                             : loaded 2 times (x 68B)
Class com.android.tools.lint.checks.WatchFaceForAndroidXDetector                      : loaded 2 times (x 151B)
Class [Lorg.jetbrains.kotlin.config.JvmTarget;                                        : loaded 2 times (x 66B)
Class build_cl15ik6ueg67tnardlg47lsg1$_run_closure1$_closure3                         : loaded 2 times (x 136B)
Class com.google.common.collect.Iterables$4                                           : loaded 2 times (x 78B)
Class com.google.common.collect.MapMakerInternalMap$StrongKeyDummyValueSegment        : loaded 2 times (x 139B)
Class com.google.common.cache.LocalCache$WriteThroughEntry                            : loaded 2 times (x 76B)
Class com.google.common.cache.LocalCache$HashIterator                                 : loaded 2 times (x 83B)
Class org.jetbrains.kotlin.gradle.tasks.DefaultKotlinJavaToolchain$DefaultJdkSetter   : loaded 2 times (x 73B)
Class org.jetbrains.kotlin.cli.common.arguments.CommonCompilerArguments               : loaded 2 times (x 77B)
Class org.jetbrains.kotlin.gradle.plugin.diagnostics.checkers.IncorrectCompileOnlyDependenciesChecker$runChecks$1: loaded 2 times (x 85B)
Class org.jetbrains.kotlin.gradle.plugin.mpp.KotlinOnlyTarget                         : loaded 2 times (x 156B)
Class org.jetbrains.kotlin.gradle.targets.js.npm.BaseNpmDependencyExtension           : loaded 2 times (x 67B)
Class org.jetbrains.kotlin.gradle.dsl.KotlinVersion$Companion                         : loaded 2 times (x 68B)
Class org.jetbrains.kotlin.gradle.InternalKotlinGradlePluginApi                       : loaded 2 times (x 67B)
Class org.jetbrains.kotlin.gradle.dsl.DefaultToolchainSupport                         : loaded 2 times (x 73B)
Class org.jetbrains.kotlin.gradle.plugin.internal.CustomPropertiesFileValueSource     : loaded 2 times (x 79B)
Class com.google.common.cache.LocalCache$EntryFactory                                 : loaded 2 times (x 80B)
Class com.android.tools.lint.checks.WatchFaceForAndroidXDetector$Issues               : loaded 2 times (x 68B)
Class com.android.tools.lint.checks.SyntheticAccessorDetector                         : loaded 2 times (x 167B)
Class com.android.tools.lint.checks.StringFormatDetector$Companion$TypeTest           : loaded 2 times (x 72B)
Class com.android.tools.lint.checks.IteratorDetector$Issues                           : loaded 2 times (x 68B)
Class org.gradle.api.internal.classpath.ManifestUtil                                  : loaded 2 times (x 68B)
Class com.google.common.collect.ImmutableList$1                                       : loaded 2 times (x 94B)
Class com.google.common.util.concurrent.ExecutionError                                : loaded 2 times (x 79B)
Class org.jetbrains.kotlin.statistics.metrics.StringAnonymizationPolicy$AllowedListAnonymizer: loaded 2 times (x 76B)
Class org.jetbrains.kotlin.gradle.report.BuildReportType                              : loaded 2 times (x 76B)
Class org.jetbrains.kotlin.gradle.targets.metadata.KotlinMetadataTargetConfiguratorKt$isNativeSourceSet$2: loaded 2 times (x 92B)
Class com.android.tools.lint.Main$MainLintClient$1                                    : loaded 2 times (x 104B)
Class org.jetbrains.kotlin.gradle.dsl.KotlinHierarchyDsl                              : loaded 2 times (x 67B)
Class org.jetbrains.kotlin.metadata.ProtoBuf$Contract                                 : loaded 2 times (x 104B)
Class org.jetbrains.kotlin.metadata.ProtoBuf$VersionRequirementTable$1                : loaded 2 times (x 141B)
Class it.unimi.dsi.fastutil.ints.IntArrays$ForkJoinQuickSortIndirect                  : loaded 2 times (x 93B)
Class kotlin.collections.builders.MapBuilder$Companion                                : loaded 2 times (x 68B)
Class com.google.common.reflect.TypeParameter                                         : loaded 2 times (x 69B)
Class [Lcom.google.common.collect.MapMaker$Dummy;                                     : loaded 2 times (x 66B)
Class com.google.common.collect.NullsLastOrdering                                     : loaded 2 times (x 112B)
Class org.jetbrains.kotlin.gradle.tasks.TaskOutputsBackup                             : loaded 2 times (x 69B)
Class org.jetbrains.kotlin.gradle.plugin.cocoapods.KotlinCocoapodsPlugin              : loaded 2 times (x 73B)
Class org.jetbrains.kotlin.gradle.internal.CompilerOptionsDslHelpersKt                : loaded 2 times (x 68B)
Class org.jetbrains.kotlin.gradle.internal.StdlibDependencyManagementKt$configureStdlibVersionAlignment$1$1: loaded 2 times (x 72B)
Class org.jetbrains.kotlin.gradle.dsl.KotlinProjectExtension$awaitSourceSets$1        : loaded 2 times (x 85B)
Class org.jetbrains.kotlin.gradle.plugin.KotlinPluginLifecycle$CoroutineStart         : loaded 2 times (x 76B)
Class org.jetbrains.kotlin.konan.target.Family                                        : loaded 2 times (x 76B)
Class org.jetbrains.kotlin.gradle.tasks.TasksProviderKt$sam$org_gradle_api_Action$0   : loaded 2 times (x 72B)
Class org.jetbrains.kotlin.gradle.tooling.BuildKotlinToolingMetadataTask$FromKotlinExtension: loaded 2 times (x 314B)
Class org.jetbrains.kotlin.gradle.utils.FailuresKt                                    : loaded 2 times (x 68B)
Class org.jetbrains.kotlin.gradle.targets.native.internal.CInteropConfigurationsKt$special$$inlined$KotlinTargetSideEffect$1: loaded 2 times (x 71B)
Class org.jetbrains.kotlin.gradle.internal.properties.NativePropertiesLoader$konanDataDirProperty$1: loaded 2 times (x 72B)
Class org.jetbrains.kotlin.gradle.plugin.statistics.BuildFusService$Parameters_Decorated: loaded 2 times (x 140B)
Class org.jetbrains.kotlin.gradle.internal.properties.PropertiesBuildService$Params$Inject: loaded 2 times (x 103B)
Class org.jetbrains.kotlin.tooling.core.HasMutableExtras                              : loaded 2 times (x 67B)
Class com.google.common.cache.LocalCache$AbstractReferenceEntry                       : loaded 2 times (x 104B)
Class org.gradle.internal.IoActions                                                   : loaded 2 times (x 68B)
Class com.intellij.util.containers.ContainerUtil$KeyOrderedMultiMap                   : loaded 2 times (x 73B)
Class com.intellij.util.containers.ConcurrentRefHashMap                               : loaded 2 times (x 151B)
Class org.jetbrains.kotlin.gradle.utils.MutableObservableSet                          : loaded 2 times (x 67B)
Class [Lorg.jetbrains.kotlin.platform.TargetPlatformVersion;                          : loaded 2 times (x 66B)
Class com.android.tools.lint.checks.UnsafeImplicitIntentDetector$Companion            : loaded 2 times (x 68B)
Class com.android.tools.lint.checks.WearDetector$Companion                            : loaded 2 times (x 68B)
Class com.android.tools.lint.checks.SplashScreenDetector$Companion                    : loaded 2 times (x 68B)
Class org.jetbrains.kotlin.gradle.plugin.mpp.compilationImpl.factory.KotlinCompilationImplFactory$KotlinCompilationSourceSetsContainerFactory: loaded 2 times (x 67B)
Class com.android.tools.lint.checks.MotionLayoutIdDetector$Companion                  : loaded 2 times (x 68B)
Class com.android.tools.lint.checks.GradleDetector$Companion                          : loaded 2 times (x 68B)
Class com.android.tools.lint.checks.ConstraintLayoutDetector$Companion                : loaded 2 times (x 68B)
Class com.android.tools.lint.checks.AnnotationDetector$Companion                      : loaded 2 times (x 68B)
Class kotlin.annotation.MustBeDocumented                                              : loaded 2 times (x 67B)
Class org.jetbrains.kotlin.descriptors.Visibilities$Local                             : loaded 2 times (x 76B)
Class kotlin.reflect.jvm.internal.KCallableImpl$$Lambda$0                             : loaded 2 times (x 73B)
Class [Lkotlin.reflect.KClassifier;                                                   : loaded 2 times (x 66B)
Class kotlin.reflect.jvm.internal.EmptyContainerForLocal                              : loaded 2 times (x 81B)
Class org.jetbrains.kotlin.protobuf.WireFormat                                        : loaded 2 times (x 68B)
Class org.jetbrains.kotlin.utils.KotlinExceptionWithAttachments                       : loaded 2 times (x 91B)
Class [Lkotlin.LazyThreadSafetyMode;                                                  : loaded 2 times (x 66B)
Class com.google.common.collect.ImmutableMapKeySet                                    : loaded 2 times (x 149B)
Class org.jetbrains.kotlin.gradle.internal.Kapt3KotlinGradleSubpluginKt               : loaded 2 times (x 68B)
Class org.jetbrains.kotlin.gradle.dsl.KotlinJvmCompile                                : loaded 2 times (x 67B)
Class com.google.common.collect.ImmutableRangeSet$ComplementRanges                    : loaded 2 times (x 204B)
Class org.jetbrains.kotlin.konan.target.KonanTarget$LINUX_ARM32_HFP                   : loaded 2 times (x 75B)
Class org.jetbrains.kotlin.gradle.internal.Kapt3GradleSubplugin                       : loaded 2 times (x 80B)
Class org.jetbrains.kotlin.gradle.plugin.diagnostics.checkers.CInteropInputChecker    : loaded 2 times (x 71B)
Class org.jetbrains.kotlin.gradle.plugin.statistics.FinalizeConfigurationFusMetricActionKt$FinalizeConfigurationFusMetricAction$1: loaded 2 times (x 92B)
Class org.jetbrains.kotlin.gradle.internal.KotlinDependenciesManagementKt$CustomizeKotlinDependenciesSetupAction$1: loaded 2 times (x 71B)
Class org.jetbrains.kotlin.gradle.plugin.KotlinGradlePluginExtensionPointInternal$registeredExtensions$2: loaded 2 times (x 75B)
Class org.jetbrains.kotlin.statistics.metrics.BooleanOverridePolicy$OR                : loaded 2 times (x 82B)
Class org.jetbrains.kotlin.gradle.plugin.UsesVariantImplementationFactories           : loaded 2 times (x 67B)
Class org.objectweb.asm.SymbolTable                                                   : loaded 2 times (x 69B)
Class com.google.common.cache.CacheLoader$InvalidCacheLoadException                   : loaded 2 times (x 79B)
Class org.gradle.internal.classloader.SystemClassLoaderSpec                           : loaded 2 times (x 68B)
Class com.android.tools.lint.checks.TileServiceActivityDetector$Issues                : loaded 2 times (x 68B)
Class com.android.tools.lint.checks.SecurityDetector                                  : loaded 2 times (x 176B)
Class com.android.tools.lint.checks.SecretDetector$Companion                          : loaded 2 times (x 68B)
Class com.android.tools.lint.detector.api.JavaContext                                 : loaded 2 times (x 74B)
Class com.android.tools.lint.checks.JavaPerformanceDetector                           : loaded 2 times (x 167B)
Class com.android.tools.lint.checks.IgnoreWithoutReasonDetector                       : loaded 2 times (x 169B)
Class com.android.tools.lint.client.api.TomlScanner                                   : loaded 2 times (x 67B)
Class com.android.tools.lint.checks.FragmentDetector                                  : loaded 2 times (x 167B)
Class com.android.tools.lint.detector.api.Severity                                    : loaded 2 times (x 76B)
Class com.android.tools.lint.Reporter                                                 : loaded 2 times (x 71B)
Class org.jetbrains.kotlin.gradle.report.UsesBuildMetricsService                      : loaded 2 times (x 67B)
Class org.jetbrains.kotlin.gradle.plugin.hierarchy.KotlinSourceSetTreeClassifierKt    : loaded 2 times (x 68B)
Class com.google.common.collect.AbstractMapBasedMultimap$WrappedCollection            : loaded 2 times (x 121B)
Class kotlin.jvm.internal.PropertyReference1Impl                                      : loaded 2 times (x 124B)
Class kotlin.reflect.jvm.internal.KCallableImpl$$Lambda$1                             : loaded 2 times (x 73B)
Class kotlin.jvm.internal.PropertyReference0Impl                                      : loaded 2 times (x 124B)
Class kotlin.jvm.internal.markers.KMutableCollection                                  : loaded 2 times (x 67B)
Class kotlin.coroutines.intrinsics.IntrinsicsKt                                       : loaded 2 times (x 68B)
Class kotlin.ranges.IntRange$Companion                                                : loaded 2 times (x 68B)
Class com.google.common.collect.FluentIterable                                        : loaded 2 times (x 78B)
Class org.jetbrains.kotlin.gradle.tasks.CacheableTasksKt$cacheOnlyIfEnabledForKotlin$1$1: loaded 2 times (x 71B)
Class org.jetbrains.kotlin.gradle.tasks.configuration.BaseKotlinCompileConfig$1$1     : loaded 2 times (x 71B)
Class org.jetbrains.kotlin.gradle.plugin.mpp.compilationImpl.factory.KotlinCompilationImplFactory$PostConfigure: loaded 2 times (x 67B)
Class org.jetbrains.kotlin.gradle.utils.KotlinExtensionUtilsKt                        : loaded 2 times (x 68B)
Class [Lorg.jetbrains.kotlin.konan.util.Named;                                        : loaded 2 times (x 66B)
Class org.jetbrains.kotlin.gradle.plugin.diagnostics.checkers.NoKotlinTargetsDeclaredChecker$runChecks$1: loaded 2 times (x 85B)
Class org.jetbrains.kotlin.gradle.plugin.mpp.AbstractKotlinTarget$kotlinComponents$2  : loaded 2 times (x 76B)
Class org.jetbrains.kotlin.gradle.plugin.KotlinPlatformType$CompatibilityRule         : loaded 2 times (x 73B)
Class org.jetbrains.kotlin.gradle.internal.properties.NativePropertiesLoader$actualNativeHomeDirectory$1: loaded 2 times (x 72B)
Class org.jetbrains.kotlin.gradle.internal.properties.NativePropertiesKt              : loaded 2 times (x 68B)
Class org.jetbrains.kotlin.gradle.plugin.BuildEventsListenerRegistryHolder            : loaded 2 times (x 69B)
Class [Lorg.jetbrains.kotlin.statistics.metrics.BooleanOverridePolicy;                : loaded 2 times (x 66B)
Class org.jetbrains.kotlin.gradle.plugin.internal.CustomPropertiesFileValueSource$Parameters$Inject: loaded 2 times (x 103B)
Class com.google.common.cache.LocalCache$StrongEntry                                  : loaded 2 times (x 105B)
Class com.google.common.util.concurrent.AbstractFuture$TrustedFuture                  : loaded 2 times (x 111B)
Class com.google.common.cache.LoadingCache                                            : loaded 2 times (x 67B)
Class kotlin.SafePublicationLazyImpl$Companion                                        : loaded 2 times (x 68B)
Class com.intellij.openapi.diagnostic.Logger$DefaultFactory                           : loaded 2 times (x 71B)
Class com.intellij.psi.PsiClassInitializer                                            : loaded 2 times (x 67B)
Class [Lcom.intellij.lang.jvm.types.JvmPrimitiveTypeKind;                             : loaded 2 times (x 66B)
Class com.android.tools.lint.checks.RelativeOverlapDetector                           : loaded 2 times (x 151B)
Class com.android.tools.lint.checks.SelectedPhotoAccessDetector                       : loaded 2 times (x 151B)
Class com.android.tools.lint.checks.CommentDetector                                   : loaded 2 times (x 184B)
Class com.android.tools.lint.checks.BottomAppBarDetector                              : loaded 2 times (x 151B)
Class [Lorg.jetbrains.kotlin.metadata.ProtoBuf$Modality;                              : loaded 2 times (x 66B)
Class kotlin.jvm.internal.MutablePropertyReference1                                   : loaded 2 times (x 134B)
Class org.jetbrains.kotlin.metadata.deserialization.MetadataVersion$Companion         : loaded 2 times (x 68B)
Class kotlin.reflect.jvm.internal.KCallableImpl$$Lambda$2                             : loaded 2 times (x 73B)
Class org.jetbrains.kotlin.metadata.ProtoBuf$Type$Argument                            : loaded 2 times (x 107B)
Class it.unimi.dsi.fastutil.BidirectionalIterator                                     : loaded 2 times (x 67B)
Class kotlin.coroutines.intrinsics.CoroutineSingletons                                : loaded 2 times (x 76B)
Class jdk.internal.jrtfs.JrtFileSystem                                                : loaded 2 times (x 99B)
Class kotlin.reflect.jvm.internal.KProperty0Impl$$Lambda$1                            : loaded 2 times (x 73B)
Class com.google.common.base.Suppliers$NonSerializableMemoizingSupplier               : loaded 2 times (x 76B)
Class com.google.common.io.ByteStreams$LimitedInputStream                             : loaded 2 times (x 89B)
Class org.jetbrains.kotlin.gradle.tasks.GradleCompileTaskProvider                     : loaded 2 times (x 69B)
Class org.jetbrains.kotlin.gradle.plugin.mpp.KotlinTargetSoftwareComponentImplKt$KotlinTargetSoftwareComponent$1: loaded 2 times (x 92B)
Class org.jetbrains.kotlin.gradle.tasks.configuration.BaseKotlinCompileConfig$registerBuildToolsApiTransformations$1: loaded 2 times (x 72B)
Class org.jetbrains.kotlin.gradle.plugin.internal.BuildIdService                      : loaded 2 times (x 73B)
Class org.jetbrains.kotlin.gradle.plugin.mpp.compilationImpl.factory.KotlinCompilationDependencyConfigurationsFactoriesKt: loaded 2 times (x 68B)
Class org.jetbrains.kotlin.gradle.plugin.mpp.compilationImpl.DefaultKotlinCompilationFriendPathsResolver: loaded 2 times (x 72B)
Class org.jetbrains.kotlin.gradle.plugin.diagnostics.checkers.WasmSourceSetsNotFoundChecker$runChecks$1: loaded 2 times (x 85B)
Class org.jetbrains.kotlin.konan.target.KonanTarget$IOS_SIMULATOR_ARM64               : loaded 2 times (x 75B)
Class org.jetbrains.kotlin.gradle.plugin.mpp.compilationImpl.KotlinCreateCompilationArchiveTaskKt$KotlinCreateCompilationArchivesTask$1: loaded 2 times (x 71B)
Class org.jetbrains.kotlin.gradle.dsl.KotlinVersion                                   : loaded 2 times (x 76B)
Class org.jetbrains.kotlin.gradle.internal.properties.NativePropertiesLoader$actualNativeHomeDirectory$2: loaded 2 times (x 71B)
Class org.jetbrains.kotlin.gradle.utils.StoredPropertyKt                              : loaded 2 times (x 68B)
Class org.objectweb.asm.MethodWriter                                                  : loaded 2 times (x 103B)
Class [Lcom.google.common.cache.Weigher;                                              : loaded 2 times (x 66B)
Class com.google.common.collect.RegularImmutableMap$BucketOverflowException           : loaded 2 times (x 79B)
Class com.intellij.openapi.diagnostic.LogLevel                                        : loaded 2 times (x 76B)
Class com.android.tools.lint.checks.TrimDetector                                      : loaded 2 times (x 167B)
Class com.intellij.psi.PsiAnnotation                                                  : loaded 2 times (x 67B)
Class com.android.tools.lint.checks.SetJavaScriptEnabledDetector                      : loaded 2 times (x 167B)
Class com.android.tools.lint.checks.ReturnThisDetector$Companion                      : loaded 2 times (x 68B)
Class com.android.tools.lint.checks.LayoutInflationDetector$Companion                 : loaded 2 times (x 68B)
Class com.android.tools.lint.checks.JobSchedulerDetector                              : loaded 2 times (x 167B)
Class com.android.utils.StdLogger$Level                                               : loaded 2 times (x 76B)
Class com.android.tools.lint.detector.api.Implementation                              : loaded 2 times (x 73B)
Class kotlin.text.StringsKt___StringsKt$asSequence$$inlined$Sequence$1                : loaded 2 times (x 72B)
Class com.android.tools.lint.checks.AccessibilityForceFocusDetector                   : loaded 2 times (x 167B)
Class org.jetbrains.kotlin.resolve.scopes.receivers.Receiver                          : loaded 2 times (x 67B)
Class kotlin.reflect.jvm.internal.KCallableImpl$$Lambda$3                             : loaded 2 times (x 73B)
Class org.jetbrains.kotlin.metadata.ProtoBuf$Modality$1                               : loaded 2 times (x 71B)
Class kotlin.sequences.SequenceBuilderIterator                                        : loaded 2 times (x 82B)
Class kotlin.ranges.OpenEndRange                                                      : loaded 2 times (x 67B)
Class org.jetbrains.kotlin.cli.common.CompilerSystemProperties$Companion              : loaded 2 times (x 68B)
Class com.google.common.collect.ImmutableMultimap$1                                   : loaded 2 times (x 79B)
Class com.google.common.collect.AbstractMapBasedMultimap$RandomAccessWrappedList      : loaded 2 times (x 202B)
Class org.jetbrains.kotlin.gradle.plugin.sources.KotlinDependencyScope$Companion      : loaded 2 times (x 68B)
Class org.jetbrains.kotlin.gradle.tasks.configuration.BaseKotlinCompileConfig$1$3     : loaded 2 times (x 72B)
Class org.jetbrains.kotlin.gradle.tasks.configuration.BaseKotlinCompileConfig$registerBuildToolsApiTransformations$2: loaded 2 times (x 72B)
Class org.jetbrains.kotlin.gradle.tasks.KotlinJvmCompile                              : loaded 2 times (x 67B)
Class org.jetbrains.kotlin.gradle.plugin.mpp.compilationImpl.KotlinCompilationSourceSetsContainerKt: loaded 2 times (x 68B)
Class org.jetbrains.kotlin.gradle.plugin.KotlinPluginLifecycleKt$launchInStage$1      : loaded 2 times (x 92B)
Class org.jetbrains.kotlin.gradle.targets.NativeForwardImplementationToApiElementsSideEffectKt: loaded 2 times (x 68B)
Class org.jetbrains.kotlin.gradle.internal.properties.NativePropertiesLoader$actualNativeHomeDirectory$3: loaded 2 times (x 72B)
Class org.jetbrains.kotlin.gradle.report.BuildReportMode                              : loaded 2 times (x 76B)
Class org.jetbrains.kotlin.statistics.metrics.StringAnonymizationPolicy$RegexControlled: loaded 2 times (x 76B)
Class org.jetbrains.kotlin.statistics.ValueAnonymizer                                 : loaded 2 times (x 67B)
Class org.jetbrains.kotlin.gradle.plugin.VariantImplementationFactories$Companion$getProvider$2$1$1: loaded 2 times (x 72B)
Class org.jetbrains.kotlin.gradle.plugin.internal.ProjectIsolationStartParameterAccessor$Factory: loaded 2 times (x 67B)
Class com.android.tools.lint.checks.TooManyViewsDetector                              : loaded 2 times (x 151B)
Class com.android.tools.lint.checks.RestrictionsDetector                              : loaded 2 times (x 151B)
Class com.intellij.psi.NavigatablePsiElement                                          : loaded 2 times (x 67B)
Class com.android.tools.lint.checks.MotionLayoutIdDetector                            : loaded 2 times (x 151B)
Class com.android.tools.lint.checks.LeakDetector$Companion                            : loaded 2 times (x 68B)
Class com.android.tools.lint.checks.IndentationDetector                               : loaded 2 times (x 167B)
Class com.android.tools.lint.checks.HardwareIdDetector                                : loaded 2 times (x 167B)
Class com.android.tools.lint.detector.api.XmlScannerConstants                         : loaded 2 times (x 67B)
Class org.objectweb.asm.tree.FieldInsnNode                                            : loaded 2 times (x 76B)
Class com.android.tools.lint.checks.IndentationDetector$Issues                        : loaded 2 times (x 68B)
Class com.android.tools.lint.checks.SdkIntDetector$Companion                          : loaded 2 times (x 68B)
Class kotlin.reflect.jvm.internal.KCallableImpl$$Lambda$4                             : loaded 2 times (x 73B)
Class com.google.common.collect.ImmutableMultimap$2                                   : loaded 2 times (x 78B)
Class com.google.common.collect.AbstractIterator$State                                : loaded 2 times (x 76B)
Class org.jetbrains.kotlin.gradle.tasks.KotlinCompile$disableMultiModuleIC$2$1        : loaded 2 times (x 72B)
Class org.jetbrains.kotlin.gradle.tasks.DefaultKotlinJavaToolchain$javaExecutable$1   : loaded 2 times (x 72B)
Class org.jetbrains.kotlin.build.report.metrics.BuildAttribute                        : loaded 2 times (x 76B)
Class org.jetbrains.kotlin.gradle.internal.transforms.BuildToolsApiClasspathEntrySnapshotTransform$Inject1: loaded 2 times (x 110B)
Class org.jetbrains.kotlin.gradle.plugin.mpp.compilationImpl.KotlinCompilationRegisterInSourceSetsConfigurator: loaded 2 times (x 71B)
Class org.jetbrains.kotlin.gradle.plugin.mpp.compilationImpl.factory.DefaultKotlinCompilationTaskNamesContainerFactory: loaded 2 times (x 71B)
Class org.jetbrains.kotlin.gradle.targets.native.internal.CommonizerTasksKt           : loaded 2 times (x 68B)
Class [Lorg.jetbrains.kotlin.gradle.targets.js.npm.NpmDependency$Scope;               : loaded 2 times (x 66B)
Class org.jetbrains.kotlin.gradle.plugin.KotlinCompilerPluginSupportPlugin            : loaded 2 times (x 67B)
Class org.jetbrains.kotlin.gradle.plugin.mpp.AbstractKotlinTarget$components$2        : loaded 2 times (x 76B)
Class org.jetbrains.kotlin.gradle.plugin.mpp.KotlinUsages$setupAttributesMatchingStrategy$1: loaded 2 times (x 71B)
Class org.jetbrains.kotlin.gradle.utils.AndroidPluginIdsKt                            : loaded 2 times (x 68B)
Class com.google.common.collect.RegularImmutableBiMap                                 : loaded 2 times (x 146B)
Class com.google.common.cache.LocalCache$ValueReference                               : loaded 2 times (x 67B)
Class org.jetbrains.kotlin.gradle.plugin.KotlinBasePlugin                             : loaded 2 times (x 67B)
Class it.unimi.dsi.fastutil.ints.AbstractInt2ObjectMap                                : loaded 2 times (x 212B)
Class com.intellij.util.containers.MultiMap                                           : loaded 2 times (x 73B)
Class org.jetbrains.kotlin.platform.TargetPlatformKt                                  : loaded 2 times (x 68B)
Class org.jetbrains.kotlin.platform.SimplePlatform                                    : loaded 2 times (x 72B)
Class com.android.tools.lint.checks.UseKtxDetector$Issues                             : loaded 2 times (x 68B)
Class com.android.tools.lint.checks.RtlDetector                                       : loaded 2 times (x 177B)
Class com.android.tools.lint.checks.RecyclerViewDetector                              : loaded 2 times (x 167B)
Class com.android.tools.lint.checks.UnsafeFilenameDetector$Companion                  : loaded 2 times (x 68B)
Class com.android.tools.lint.checks.ManifestPermissionAttributeDetector               : loaded 2 times (x 151B)
Class com.android.tools.lint.checks.DeletedProviderDetector                           : loaded 2 times (x 167B)
Class com.android.tools.lint.checks.ChildInNonViewGroupDetector                       : loaded 2 times (x 151B)
Class com.android.tools.lint.detector.api.Location$Companion                          : loaded 2 times (x 68B)
Class com.android.sdklib.IAndroidTarget                                               : loaded 2 times (x 67B)
Class com.intellij.openapi.diagnostic.DefaultLogger                                   : loaded 2 times (x 97B)
Class com.intellij.openapi.diagnostic.Attachment                                      : loaded 2 times (x 69B)
Class org.gradle.internal.classloader.ClassLoaderHierarchy                            : loaded 2 times (x 67B)
Class com.android.tools.lint.client.api.LintClient$Companion                          : loaded 2 times (x 68B)
Class org.jetbrains.kotlin.descriptors.annotations.Annotated                          : loaded 2 times (x 67B)
Class kotlin.reflect.jvm.internal.KCallableImpl$$Lambda$5                             : loaded 2 times (x 73B)
Class org.jetbrains.kotlin.descriptors.SourceElement$1                                : loaded 2 times (x 71B)
Class it.unimi.dsi.fastutil.ints.IntArrays$Segment                                    : loaded 2 times (x 68B)
Class it.unimi.dsi.fastutil.ints.IntBidirectionalIterator                             : loaded 2 times (x 67B)
Class kotlin.coroutines.jvm.internal.Boxing                                           : loaded 2 times (x 68B)
Class build_ehn27d2wsl7i7n76q8ywi2f9b$_run_closure1$_closure2                         : loaded 2 times (x 136B)
Class com.google.common.hash.PrimitiveSink                                            : loaded 2 times (x 67B)
Class org.jetbrains.kotlin.gradle.tasks.internal.KotlinJvmOptionsCompat               : loaded 2 times (x 100B)
Class org.jetbrains.kotlin.cli.common.arguments.CommonToolArguments                   : loaded 2 times (x 70B)
Class com.google.common.base.PatternCompiler                                          : loaded 2 times (x 67B)
Class org.jetbrains.kotlin.gradle.utils.FutureKt                                      : loaded 2 times (x 68B)
Class org.jetbrains.kotlin.gradle.logging.GradleLoggingUtilsKt                        : loaded 2 times (x 68B)
Class com.google.common.util.concurrent.AbstractFuture$Failure                        : loaded 2 times (x 69B)
Class com.google.common.base.Equivalence$Equals                                       : loaded 2 times (x 79B)
Class org.jetbrains.kotlin.gradle.plugin.KotlinAndroidPluginWrapper                   : loaded 2 times (x 83B)
Class com.android.tools.lint.checks.ViewHolderDetector$ViewAdapterVisitor             : loaded 2 times (x 124B)
Class com.android.tools.lint.checks.MergeRootFrameLayoutDetector$Companion            : loaded 2 times (x 68B)
Class com.android.tools.lint.checks.IconDetector                                      : loaded 2 times (x 177B)
Class com.android.tools.lint.checks.CutPasteDetector                                  : loaded 2 times (x 168B)
Class com.android.tools.lint.checks.ActivityIconColorDetector$Companion               : loaded 2 times (x 68B)
Class org.jetbrains.kotlin.gradle.plugin.internal.ConfigurationCacheStartParameterAccessorKt: loaded 2 times (x 68B)
Class org.jetbrains.kotlin.gradle.plugin.KotlinPlatformType$Companion                 : loaded 2 times (x 68B)
Class org.jetbrains.kotlin.gradle.plugin.KotlinPlatformType$DisambiguationRule        : loaded 2 times (x 73B)
Class kotlin.reflect.jvm.internal.KProperty0Impl                                      : loaded 2 times (x 125B)
Class org.jetbrains.kotlin.descriptors.DescriptorVisibility                           : loaded 2 times (x 75B)
Class kotlin.reflect.jvm.internal.CacheByClassKt                                      : loaded 2 times (x 68B)
Class kotlin.coroutines.EmptyCoroutineContext                                         : loaded 2 times (x 74B)
Class com.google.common.collect.ImmutableSetMultimap                                  : loaded 2 times (x 177B)
Class com.google.common.io.CharSink                                                   : loaded 2 times (x 76B)
Class com.google.common.collect.ByFunctionOrdering                                    : loaded 2 times (x 112B)
Class org.jetbrains.kotlin.compilerRunner.GradleCompilerRunner$Companion              : loaded 2 times (x 68B)
Class [Lorg.jetbrains.kotlin.gradle.dsl.PlatformSourceSetConventionsChecker$CheckedPlatformInfo;: loaded 2 times (x 66B)
Class org.jetbrains.kotlin.gradle.plugin.diagnostics.KotlinGradleProjectCheckerContext: loaded 2 times (x 69B)
Class org.jetbrains.kotlin.gradle.plugin.diagnostics.checkers.DuplicateSourceSetChecker: loaded 2 times (x 71B)
Class org.jetbrains.kotlin.gradle.plugin.diagnostics.ToolingDiagnosticFactory         : loaded 2 times (x 70B)
Class org.jetbrains.kotlin.gradle.targets.KotlinTargetSideEffect                      : loaded 2 times (x 67B)
Class org.jetbrains.kotlin.gradle.dsl.KotlinTargetContainerWithNativeShortcuts        : loaded 2 times (x 67B)
Class org.jetbrains.kotlin.gradle.plugin.DefaultKotlinBasePlugin$setupAttributeMatchingStrategy$1$1: loaded 2 times (x 76B)
Class org.jetbrains.kotlin.statistics.metrics.NumericalMetrics$Companion              : loaded 2 times (x 68B)
Class [Lorg.jetbrains.kotlin.statistics.metrics.NumberAnonymizationPolicy;            : loaded 2 times (x 66B)
Class org.jetbrains.kotlin.statistics.metrics.NumberOverridePolicy$OVERRIDE           : loaded 2 times (x 82B)
Class org.jetbrains.kotlin.gradle.internal.properties.PropertiesBuildService$property$1: loaded 2 times (x 76B)
Class com.google.common.base.Joiner$1                                                 : loaded 2 times (x 77B)
Class org.objectweb.asm.Label                                                         : loaded 2 times (x 70B)
Class org.objectweb.asm.CurrentFrame                                                  : loaded 2 times (x 70B)
Class org.objectweb.asm.ClassTooLargeException                                        : loaded 2 times (x 80B)
Class com.google.gson.stream.JsonReader                                               : loaded 2 times (x 94B)
Class com.google.common.collect.PeekingIterator                                       : loaded 2 times (x 67B)
Class com.intellij.openapi.util.Condition                                             : loaded 2 times (x 67B)
Class com.android.tools.lint.checks.ThreadDetector$Companion                          : loaded 2 times (x 68B)
Class com.intellij.lang.jvm.types.JvmType                                             : loaded 2 times (x 67B)
Class com.android.tools.lint.checks.SslCertificateSocketFactoryDetector               : loaded 2 times (x 167B)
Class com.android.tools.lint.checks.ResourceCycleDetector$Companion                   : loaded 2 times (x 68B)
Class com.android.tools.lint.checks.RegisterReceiverFlagDetector$Companion            : loaded 2 times (x 68B)
Class com.android.tools.lint.checks.MonochromeLauncherIconDetector$Companion          : loaded 2 times (x 68B)
Class com.android.tools.lint.checks.LayoutInflationDetector                           : loaded 2 times (x 177B)
Class com.android.tools.lint.checks.IconDetector$NotificationFinder                   : loaded 2 times (x 124B)
Class com.android.tools.lint.checks.DiscouragedDetector$Companion                     : loaded 2 times (x 68B)
Class org.jetbrains.kotlin.gradle.targets.native.KotilnNativeConfigureBinariesSideEffectKt: loaded 2 times (x 68B)
Class com.android.tools.lint.detector.api.Detector$UastScanner                        : loaded 2 times (x 67B)
Class com.android.tools.lint.checks.AppLinksValidDetector                             : loaded 2 times (x 151B)
Class com.android.tools.lint.checks.AlwaysShowActionDetector                          : loaded 2 times (x 177B)
Class com.android.tools.lint.checks.ActionsXmlDetector$Companion                      : loaded 2 times (x 68B)
Class com.android.tools.lint.detector.api.Platform                                    : loaded 2 times (x 76B)
Class org.jetbrains.kotlin.gradle.plugin.diagnostics.checkers.MissingNativeStdlibChecker: loaded 2 times (x 71B)
Class org.jetbrains.kotlin.gradle.targets.js.npm.NpmDependencyExtensionKt$defaultNpmDependencyDelegate$1: loaded 2 times (x 164B)
Class org.jetbrains.kotlin.gradle.plugin.KotlinPluginLifecycleImpl$launch$coroutine$1 : loaded 2 times (x 73B)
Class org.jetbrains.kotlin.gradle.internal.KotlinDomApiDependencyManagementKt         : loaded 2 times (x 68B)
Class org.jetbrains.kotlin.gradle.tasks.CInteropProcess                               : loaded 2 times (x 344B)
Class org.jetbrains.kotlin.gradle.plugin.mpp.KotlinVariantWithCoordinates             : loaded 2 times (x 105B)
Class kotlin.InitializedLazyImpl                                                      : loaded 2 times (x 73B)
Class [Lorg.jetbrains.kotlin.metadata.ProtoBuf$Type$Argument$Projection;              : loaded 2 times (x 66B)
Class org.jetbrains.kotlin.cli.common.messages.MessageCollector$Companion$NONE$1      : loaded 2 times (x 73B)
Class com.google.common.io.ByteSource$AsCharSource                                    : loaded 2 times (x 83B)
Class com.google.common.collect.MapMakerInternalMap$InternalEntryHelper               : loaded 2 times (x 67B)
Class com.google.common.collect.Table                                                 : loaded 2 times (x 67B)
Class com.google.common.collect.Maps$IteratorBasedAbstractMap                         : loaded 2 times (x 122B)
Class org.jetbrains.kotlin.gradle.tasks.configuration.AbstractKotlinCompileConfig$2$2$1: loaded 2 times (x 72B)
Class org.jetbrains.kotlin.build.report.metrics.BuildAttributes$Companion             : loaded 2 times (x 68B)
Class org.jetbrains.kotlin.gradle.tasks.KotlinCompilationTask                         : loaded 2 times (x 67B)
Class org.jetbrains.kotlin.gradle.plugin.mpp.compilationImpl.factory.KotlinCompilationImplFactory$ProcessResourcesTaskNameFactory: loaded 2 times (x 67B)
Class com.google.common.collect.RangeGwtSerializationDependencies                     : loaded 2 times (x 68B)
Class org.jetbrains.kotlin.gradle.internal.properties.PropertiesBuildService$property$2: loaded 2 times (x 76B)
Class org.jetbrains.kotlin.gradle.internal.KotlinDependenciesManagementKt             : loaded 2 times (x 68B)
Class org.jetbrains.kotlin.gradle.plugin.DefaultKotlinBasePlugin$setupAttributeMatchingStrategy$1$2: loaded 2 times (x 76B)
Class org.jetbrains.kotlin.gradle.plugin.statistics.KotlinBuildStatsLoggerService     : loaded 2 times (x 69B)
Class org.jetbrains.kotlin.gradle.plugin.internal.CustomPropertiesFileValueSource$Inject: loaded 2 times (x 110B)
Class com.google.common.base.Joiner$2                                                 : loaded 2 times (x 76B)
Class org.objectweb.asm.Frame                                                         : loaded 2 times (x 70B)
Class org.objectweb.asm.MethodVisitor                                                 : loaded 2 times (x 102B)
Class com.google.common.cache.LocalCache$EntryFactory$1                               : loaded 2 times (x 80B)
Class [Lcom.google.common.cache.RemovalListener;                                      : loaded 2 times (x 66B)
Class com.android.tools.lint.checks.WearableConfigurationActionDetector$Issues        : loaded 2 times (x 68B)
Class org.jetbrains.uast.UClassInitializer                                            : loaded 2 times (x 67B)
Class com.android.tools.lint.checks.RangeDetector                                     : loaded 2 times (x 167B)
Class com.android.tools.lint.checks.DiffUtilDetector$Companion                        : loaded 2 times (x 68B)
Class com.android.tools.lint.checks.AppCompatResourceDetector                         : loaded 2 times (x 151B)
Class com.google.common.collect.SortedSetMultimap                                     : loaded 2 times (x 67B)
Class com.google.common.io.FileWriteMode                                              : loaded 2 times (x 76B)
Class org.jetbrains.kotlin.descriptors.ValidateableDescriptor                         : loaded 2 times (x 67B)
Class kotlin.reflect.jvm.internal.CachesKt                                            : loaded 2 times (x 68B)
Class org.jetbrains.kotlin.metadata.jvm.JvmProtoBuf$JvmPropertySignature$1            : loaded 2 times (x 141B)
Class org.jetbrains.kotlin.metadata.ProtoBuf$EnumEntryOrBuilder                       : loaded 2 times (x 67B)
Class build_bk8c5qtwyw6vmcu990napi6w4$_run_closure1$_closure3                         : loaded 2 times (x 136B)
Class org.jetbrains.kotlin.gradle.plugin.mpp.InternalKotlinTargetKt$special$$inlined$extrasStoredFuture$1: loaded 2 times (x 76B)
Class org.jetbrains.kotlin.compilerRunner.UsesCompilerSystemPropertiesService         : loaded 2 times (x 67B)
Class org.jetbrains.kotlin.gradle.plugin.mpp.compilationImpl.KotlinCompilationSourceSetInclusion$Companion: loaded 2 times (x 68B)
Class com.google.common.collect.RangeSet                                              : loaded 2 times (x 67B)
Class org.jetbrains.kotlin.konan.target.KonanTarget$WATCHOS_DEVICE_ARM64              : loaded 2 times (x 75B)
Class org.jetbrains.kotlin.gradle.plugin.diagnostics.checkers.MissingNativeStdlibChecker$runChecks$1: loaded 2 times (x 85B)
Class [Lorg.jetbrains.kotlin.gradle.plugin.sources.android.AndroidVariantType;        : loaded 2 times (x 66B)
Class org.jetbrains.kotlin.gradle.plugin.sources.android.AndroidVariantType           : loaded 2 times (x 76B)
Class org.jetbrains.kotlin.gradle.plugin.mpp.KotlinTargetSoftwareComponent            : loaded 2 times (x 86B)
Class org.jetbrains.kotlin.gradle.plugin.mpp.KotlinVariant                            : loaded 2 times (x 98B)
Class org.jetbrains.kotlin.gradle.targets.native.ConfigureFrameworkExportSideEffectKt : loaded 2 times (x 68B)
Class org.jetbrains.kotlin.gradle.utils.WhenPluginEnabledKt                           : loaded 2 times (x 68B)
Class org.jetbrains.kotlin.tooling.core.ExtrasProperty                                : loaded 2 times (x 67B)
Class org.jetbrains.kotlin.gradle.plugin.VariantImplementationFactories               : loaded 2 times (x 72B)
Class com.google.common.cache.LocalCache$EntryFactory$2                               : loaded 2 times (x 80B)
Class org.gradle.api.internal.classpath.GlobalCacheRootsProvider                      : loaded 2 times (x 67B)
Class com.intellij.psi.PsiPrimitiveType                                               : loaded 2 times (x 107B)
Class org.objectweb.asm.tree.MethodInsnNode                                           : loaded 2 times (x 77B)
Class com.android.tools.lint.checks.ScrollViewChildDetector                           : loaded 2 times (x 151B)
Class com.android.tools.lint.checks.NotificationTrampolineDetector$Issues             : loaded 2 times (x 68B)
Class com.android.ide.common.gradle.Component$Companion                               : loaded 2 times (x 68B)
Class com.android.tools.lint.detector.api.Constraint                                  : loaded 2 times (x 69B)
Class com.android.tools.lint.checks.BinderGetCallingInMainThreadDetector              : loaded 2 times (x 169B)
Class [Lcom.google.common.collect.MapMakerInternalMap$Segment;                        : loaded 2 times (x 66B)
Class com.google.common.cache.LocalCache$ValueIterator                                : loaded 2 times (x 83B)
Class jdk.internal.jimage.BasicImageReader                                            : loaded 2 times (x 92B)
Class it.unimi.dsi.fastutil.Stack                                                     : loaded 2 times (x 67B)
Class kotlin.reflect.KMutableProperty$Setter                                          : loaded 2 times (x 67B)
Class it.unimi.dsi.fastutil.ints.IntArrays$ForkJoinQuickSort                          : loaded 2 times (x 93B)
Class com.google.common.collect.Multimaps                                             : loaded 2 times (x 68B)
Class org.jetbrains.kotlin.tooling.core.Extras$Entry$Companion                        : loaded 2 times (x 68B)
Class com.google.common.collect.CollectCollectors                                     : loaded 2 times (x 68B)
Class org.jetbrains.kotlin.gradle.targets.js.dsl.KotlinWasmWasiTargetDsl              : loaded 2 times (x 67B)
Class org.jetbrains.kotlin.gradle.plugin.diagnostics.checkers.DisabledNativeTargetsChecker: loaded 2 times (x 71B)
Class org.jetbrains.kotlin.gradle.plugin.mpp.compilationImpl.KotlinCreateSourcesJarTaskSideEffectKt$KotlinCreateSourcesJarTaskSideEffect$1: loaded 2 times (x 71B)
Class org.jetbrains.kotlin.gradle.internal.CompilerArgumentAware                      : loaded 2 times (x 67B)
Class org.jetbrains.kotlin.gradle.utils.ReportUtilsKt                                 : loaded 2 times (x 68B)
Class org.jetbrains.kotlin.gradle.utils.StoredLazyProperty                            : loaded 2 times (x 72B)
Class org.objectweb.asm.ModuleWriter                                                  : loaded 2 times (x 79B)
Class com.google.common.cache.LocalCache$EntryFactory$3                               : loaded 2 times (x 80B)
Class com.google.common.base.Ticker$1                                                 : loaded 2 times (x 69B)
Class com.google.common.collect.ImmutableMapEntrySet$RegularEntrySet                  : loaded 2 times (x 149B)
Class [Lcom.intellij.pom.java.LanguageLevel;                                          : loaded 2 times (x 66B)
Class com.android.tools.lint.checks.RequiredFeatureDetector$Companion                 : loaded 2 times (x 68B)
Class com.android.tools.lint.checks.NfcTechListDetector                               : loaded 2 times (x 151B)
Class com.android.tools.lint.checks.MemberExtensionConflictDetector                   : loaded 2 times (x 167B)
Class com.android.tools.lint.checks.LeanbackWifiUsageDetector$Companion               : loaded 2 times (x 68B)
Class com.android.tools.lint.checks.DosLineEndingDetector                             : loaded 2 times (x 151B)
Class com.android.tools.lint.checks.ChromeOsSourceDetector                            : loaded 2 times (x 167B)
Class com.android.tools.lint.checks.AlarmDetector$Issues                              : loaded 2 times (x 68B)
Class com.android.tools.lint.checks.AccessibilityViewScrollActionsDetector$Companion  : loaded 2 times (x 68B)
Class com.android.tools.lint.checks.AccessibilityForceFocusDetector$Companion         : loaded 2 times (x 68B)
Class com.android.tools.lint.checks.BuiltinIssueRegistry$Companion                    : loaded 2 times (x 68B)
Class com.android.tools.lint.detector.api.ApiConstraint$SdkApiConstraint$Companion    : loaded 2 times (x 68B)
Class org.jetbrains.kotlin.metadata.ProtoBuf$ContractOrBuilder                        : loaded 2 times (x 67B)
Class [Lorg.jetbrains.kotlin.metadata.ProtoBuf$Visibility;                            : loaded 2 times (x 66B)
Class org.jetbrains.kotlin.cli.common.messages.MessageRenderer                        : loaded 2 times (x 67B)
Class kotlin.jvm.internal.MutablePropertyReference0                                   : loaded 2 times (x 134B)
Class Native_plugin_loader_gradle$NativePluginLoader                                  : loaded 2 times (x 69B)
Class com.google.common.collect.CollectSpliterators$1                                 : loaded 2 times (x 87B)
Class org.jetbrains.kotlin.gradle.tasks.K2MultiplatformStructure_Decorated            : loaded 2 times (x 132B)
Class org.jetbrains.kotlin.compilerRunner.GradleCompilerRunner                        : loaded 2 times (x 70B)
Class com.google.common.collect.SetMultimap                                           : loaded 2 times (x 67B)
Class org.jetbrains.kotlin.gradle.dsl.AndroidMainSourceSetConventionsChecker$runChecks$1: loaded 2 times (x 85B)
Class org.jetbrains.kotlin.gradle.plugin.sources.FragmentConsistencyChecks            : loaded 2 times (x 69B)
Class org.jetbrains.kotlin.gradle.plugin.mpp.InternalKotlinTargetComponent            : loaded 2 times (x 90B)
Class org.jetbrains.kotlin.gradle.targets.CreateDefaultTestRunSideEffectKt$special$$inlined$KotlinTargetSideEffect$1: loaded 2 times (x 71B)
Class org.jetbrains.kotlin.gradle.utils.ProviderApiUtilsKt                            : loaded 2 times (x 68B)
Class org.jetbrains.kotlin.gradle.internal.properties.NativePropertiesLoader$forceDisableRunningInProcess$1: loaded 2 times (x 72B)
Class org.jetbrains.kotlin.gradle.utils.PersistentCachesKt                            : loaded 2 times (x 68B)
Class org.jetbrains.kotlin.gradle.internal.tasks.TaskWithLocalState                   : loaded 2 times (x 67B)
Class org.jetbrains.kotlin.gradle.plugin.statistics.KotlinBuildStatisticsUtilsKt      : loaded 2 times (x 68B)
Class org.jetbrains.kotlin.statistics.metrics.BooleanMetrics                          : loaded 2 times (x 77B)
Class org.jetbrains.kotlin.gradle.internal.properties.PropertiesBuildService$Params   : loaded 2 times (x 67B)
Class com.google.common.cache.LocalCache$EntryFactory$4                               : loaded 2 times (x 80B)
Class it.unimi.dsi.fastutil.ints.AbstractInt2ObjectFunction                           : loaded 2 times (x 118B)
Class com.android.tools.lint.UastEnvironmentKt                                        : loaded 2 times (x 68B)
Class com.android.tools.lint.checks.WearSplashScreenDetector$Issues                   : loaded 2 times (x 68B)
Class com.android.tools.lint.checks.ResourceCycleDetector                             : loaded 2 times (x 152B)
Class com.android.tools.lint.checks.PreferenceActivityDetector$Companion              : loaded 2 times (x 68B)
Class com.android.tools.lint.checks.PageAlignmentDetector                             : loaded 2 times (x 154B)
Class com.android.tools.lint.checks.NoOpDetector                                      : loaded 2 times (x 167B)
Class com.android.tools.lint.checks.NonInternationalizedSmsDetector                   : loaded 2 times (x 167B)
Class com.android.tools.lint.checks.NetworkSecurityConfigDetector                     : loaded 2 times (x 152B)
Class com.android.tools.lint.checks.MissingClassDetector$Companion                    : loaded 2 times (x 68B)
Class com.android.tools.lint.checks.CipherGetInstanceDetector$Companion               : loaded 2 times (x 68B)
Class com.android.tools.lint.checks.CipherGetInstanceDetector                         : loaded 2 times (x 167B)
Class com.intellij.openapi.util.Iconable                                              : loaded 2 times (x 67B)
Class org.jetbrains.kotlin.descriptors.Visibility                                     : loaded 2 times (x 76B)
Class org.jetbrains.kotlin.protobuf.RopeByteString$RopeInputStream                    : loaded 2 times (x 89B)
Class org.jetbrains.kotlin.protobuf.CodedInputStream                                  : loaded 2 times (x 69B)
Class kotlin.reflect.jvm.internal.KProperty0Impl$$Lambda$0                            : loaded 2 times (x 73B)
Class com.google.common.io.ByteStreams$1                                              : loaded 2 times (x 82B)
Class com.google.common.collect.ReverseOrdering                                       : loaded 2 times (x 112B)
Class org.jetbrains.kotlin.gradle.plugin.sources.KotlinDependencyScopeKt$WhenMappings : loaded 2 times (x 68B)
Class org.jetbrains.kotlin.gradle.tasks.K2MultiplatformCompilationTask                : loaded 2 times (x 67B)
Class org.jetbrains.kotlin.gradle.plugin.diagnostics.checkers.OverriddenKotlinNativeHomeChecker$StdlibExistenceCheckerValueSource$Inject: loaded 2 times (x 106B)
Class org.jetbrains.kotlin.gradle.utils.ConfigurationsKt$maybeCreateDependencyScope$1 : loaded 2 times (x 75B)
Class org.jetbrains.kotlin.gradle.plugin.sources.FragmentConsistencyChecks$languageVersionCheck$1: loaded 2 times (x 76B)
Class org.jetbrains.kotlin.gradle.plugin.mpp.DecoratedKotlinCompilation               : loaded 2 times (x 188B)
Class org.jetbrains.kotlin.gradle.plugin.diagnostics.checkers.ExperimentalTryNextUsageChecker: loaded 2 times (x 71B)
Class [Lorg.jetbrains.kotlin.gradle.plugin.diagnostics.ToolingDiagnostic$Severity;    : loaded 2 times (x 66B)
Class [Lorg.jetbrains.kotlin.gradle.plugin.KotlinPlatformType;                        : loaded 2 times (x 66B)
Class org.jetbrains.kotlin.gradle.plugin.statistics.UsesBuildFusService               : loaded 2 times (x 67B)
Class org.jetbrains.kotlin.gradle.plugin.statistics.old.Pre232IdeaKotlinBuildStatsBeanService: loaded 2 times (x 92B)
Class org.jetbrains.kotlin.statistics.metrics.NumberOverridePolicy$AVERAGE            : loaded 2 times (x 82B)
Class org.jetbrains.kotlin.gradle.plugin.VariantImplementationFactories$Parameters$Inject: loaded 2 times (x 103B)
Class com.google.common.cache.LocalCache$EntryFactory$5                               : loaded 2 times (x 80B)
Class com.android.tools.lint.checks.WebViewDetector                                   : loaded 2 times (x 151B)
Class com.android.tools.lint.checks.LeakDetector                                      : loaded 2 times (x 167B)
Class com.android.tools.lint.checks.AppCompatCallDetector                             : loaded 2 times (x 167B)
Class com.android.tools.lint.checks.AnnotationDetector                                : loaded 2 times (x 168B)
Class com.android.tools.lint.checks.AddJavascriptInterfaceDetector                    : loaded 2 times (x 167B)
Class com.android.tools.lint.checks.ChildInNonViewGroupDetector$Issues                : loaded 2 times (x 68B)
Class org.jetbrains.kotlin.mpp.DeclarationSymbolMarker                                : loaded 2 times (x 67B)
Class [Lkotlin.reflect.KProperty;                                                     : loaded 2 times (x 66B)
Class org.jetbrains.kotlin.protobuf.MessageLite$Builder                               : loaded 2 times (x 67B)
Class com.android.tools.lint.detector.api.NotLibraryProject                           : loaded 2 times (x 69B)
Class com.google.common.collect.HashMultimap                                          : loaded 2 times (x 171B)
Class org.jetbrains.kotlin.gradle.plugin.mpp.MppSourcesJarKt$sourcesJarTaskNamed$result$1: loaded 2 times (x 76B)
Class org.jetbrains.kotlin.gradle.tasks.configuration.BaseKotlinCompileConfig$1       : loaded 2 times (x 76B)
Class org.jetbrains.kotlin.gradle.plugin.UsesBuildFinishedListenerService             : loaded 2 times (x 67B)
Class org.jetbrains.kotlin.gradle.plugin.mpp.compilationImpl.factory.ConfigurationNaming$Default: loaded 2 times (x 72B)
Class org.jetbrains.kotlin.gradle.plugin.mpp.compilationImpl.KotlinCompilationSourceSetInclusion: loaded 2 times (x 69B)
Class org.jetbrains.kotlin.gradle.plugin.KotlinBaseApiPlugin                          : loaded 2 times (x 115B)
Class org.jetbrains.kotlin.gradle.targets.jvm.KotlinJvmTarget                         : loaded 2 times (x 169B)
Class org.jetbrains.kotlin.gradle.targets.js.dsl.KotlinWasmJsTargetDsl                : loaded 2 times (x 67B)
Class org.jetbrains.kotlin.gradle.plugin.diagnostics.checkers.DisabledNativeTargetsChecker$runChecks$1: loaded 2 times (x 85B)
Class org.jetbrains.kotlin.gradle.plugin.KotlinPluginLifecycleImpl$await$2$1          : loaded 2 times (x 76B)
Class org.jetbrains.kotlin.gradle.plugin.sources.DefaultLanguageSettingsBuilder       : loaded 2 times (x 97B)
Class org.jetbrains.kotlin.gradle.plugin.sources.FragmentConsistencyChecks$languageVersionCheck$2: loaded 2 times (x 75B)
Class org.jetbrains.kotlin.gradle.targets.CreateTargetConfigurationsSideEffectKt$CreateTargetConfigurationsSideEffect$1: loaded 2 times (x 71B)
Class org.jetbrains.kotlin.gradle.dsl.KotlinTargetContainerWithPresetFunctions        : loaded 2 times (x 67B)
Class org.jetbrains.kotlin.gradle.utils.GradleConfigurationUtilsKt                    : loaded 2 times (x 68B)
Class org.jetbrains.kotlin.gradle.plugin.internal.CustomPropertiesFileValueSource$Parameters: loaded 2 times (x 67B)
Class com.google.common.cache.LocalCache$EntryFactory$6                               : loaded 2 times (x 80B)
Class org.gradle.internal.installation.CurrentGradleInstallationLocator               : loaded 2 times (x 68B)
Class com.intellij.util.containers.ConcurrentRefHashMap$1                             : loaded 2 times (x 74B)
Class com.android.tools.lint.checks.WindowExtensionsDetector$Issues                   : loaded 2 times (x 68B)
Class com.android.tools.lint.checks.WindowExtensionsDetector                          : loaded 2 times (x 167B)
Class com.android.tools.lint.checks.TypoDetector                                      : loaded 2 times (x 152B)
Class com.intellij.psi.PsiMethod                                                      : loaded 2 times (x 67B)
Class com.intellij.pom.PomTarget                                                      : loaded 2 times (x 67B)
Class com.android.tools.lint.checks.CredentialManagerMisuseDetector                   : loaded 2 times (x 167B)
Class com.android.tools.lint.checks.InternalInsetResourceDetector                     : loaded 2 times (x 167B)
Class com.android.tools.lint.checks.LocaleConfigDetector$Companion                    : loaded 2 times (x 68B)
Class com.android.tools.lint.checks.SQLiteDetector                                    : loaded 2 times (x 167B)
Class org.jetbrains.kotlin.protobuf.FieldSet$1                                        : loaded 2 times (x 68B)
Class org.gradle.internal.classloader.FilteringClassLoader                            : loaded 2 times (x 102B)
Class org.objectweb.asm.ClassReader                                                   : loaded 2 times (x 91B)
Class com.google.common.collect.ImmutableMultimap$Builder                             : loaded 2 times (x 83B)
Class com.google.common.io.ByteSource$SlicedByteSource                                : loaded 2 times (x 82B)
Class org.jetbrains.kotlin.gradle.tasks.DefaultKotlinJavaToolchain$getToolsJarFromJvm$1: loaded 2 times (x 72B)
Class org.jetbrains.kotlin.build.report.metrics.GcMetrics                             : loaded 2 times (x 69B)
Class org.jetbrains.kotlin.gradle.plugin.diagnostics.UsesKotlinToolingDiagnosticsKt   : loaded 2 times (x 68B)
Class org.jetbrains.kotlin.gradle.tasks.configuration.BaseKotlinCompileConfig$2       : loaded 2 times (x 76B)
Class org.jetbrains.kotlin.gradle.plugin.BuildFinishedListenerService$Companion$registerIfAbsent$2$1$1: loaded 2 times (x 72B)
Class com.google.common.collect.Maps$KeySet                                           : loaded 2 times (x 134B)
Class org.jetbrains.kotlin.gradle.plugin.KotlinJvmFactory                             : loaded 2 times (x 67B)
Class org.jetbrains.kotlin.konan.target.KonanTarget$IOS_X64                           : loaded 2 times (x 75B)
Class org.jetbrains.kotlin.gradle.plugin.mpp.InternalKotlinCompilation                : loaded 2 times (x 67B)
Class org.jetbrains.kotlin.gradle.utils.WhenEvaluatedKt                               : loaded 2 times (x 68B)
Class org.jetbrains.kotlin.gradle.targets.native.internal.AddKotlinPlatformIntegersSupportLibraryKt: loaded 2 times (x 68B)
Class org.jetbrains.kotlin.gradle.plugin.AbstractKotlinJsPluginWrapper                : loaded 2 times (x 83B)
Class org.jetbrains.kotlin.gradle.plugin.KotlinPluginWrapperKt                        : loaded 2 times (x 68B)
Class com.google.common.cache.LocalCache$EntryFactory$7                               : loaded 2 times (x 80B)
Class org.gradle.internal.service.DefaultServiceLocator                               : loaded 2 times (x 80B)
Class com.android.tools.lint.checks.ToastDetector                                     : loaded 2 times (x 167B)
Class [Lcom.intellij.lang.jvm.types.JvmPrimitiveType;                                 : loaded 2 times (x 66B)
Class com.android.tools.lint.checks.PrivateApiDetector$Issues                         : loaded 2 times (x 68B)
Class com.android.tools.lint.checks.PluralsDetector$Companion                         : loaded 2 times (x 68B)
Class com.google.common.collect.RegularImmutableMap$KeySet                            : loaded 2 times (x 149B)
Class com.google.common.base.PairwiseEquivalence                                      : loaded 2 times (x 80B)
Class com.android.tools.lint.checks.ExtraTextDetector$Issues                          : loaded 2 times (x 68B)
Class com.android.tools.lint.checks.DataBindingDetector$Companion                     : loaded 2 times (x 68B)
Class com.android.tools.lint.checks.CanvasSizeDetector$Companion                      : loaded 2 times (x 68B)
Class com.android.tools.lint.checks.BatteryDetector$Issues                            : loaded 2 times (x 68B)
Class com.android.tools.lint.checks.ArrayInitDetector$Issues                          : loaded 2 times (x 68B)
Class com.intellij.psi.PsiMember                                                      : loaded 2 times (x 67B)
Class com.google.common.base.Equivalence$Identity                                     : loaded 2 times (x 79B)
Class kotlin.properties.ObservableProperty                                            : loaded 2 times (x 80B)
Class kotlin.reflect.KMutableProperty0                                                : loaded 2 times (x 67B)
Class kotlin.reflect.KClassifier                                                      : loaded 2 times (x 67B)
Class org.jetbrains.kotlin.metadata.ProtoBuf$Class$Kind$1                             : loaded 2 times (x 71B)
Class org.jetbrains.kotlin.protobuf.SmallSortedMap$Entry                              : loaded 2 times (x 85B)
Class org.jetbrains.kotlin.metadata.ProtoBuf$Package$1                                : loaded 2 times (x 141B)
Class kotlin.coroutines.jvm.internal.SuspendFunction                                  : loaded 2 times (x 67B)
Class jdk.internal.jrtfs.JrtDirectoryStream                                           : loaded 2 times (x 86B)
Class com.google.common.cache.LocalCache$SoftValueReference                           : loaded 2 times (x 94B)
Class com.google.common.collect.ImmutableMultimap$EntryCollection                     : loaded 2 times (x 125B)
Class com.google.common.collect.Maps$EntrySet                                         : loaded 2 times (x 133B)
Class com.google.common.collect.ComparisonChain$InactiveComparisonChain               : loaded 2 times (x 77B)
Class org.jetbrains.kotlin.gradle.tasks.KotlinCompile$scriptExtensions$1              : loaded 2 times (x 76B)
Class org.jetbrains.kotlin.gradle.tasks.K2MultiplatformStructure$Fragment             : loaded 2 times (x 69B)
Class org.jetbrains.kotlin.compilerRunner.CompilerSystemPropertiesService$Companion$registerIfAbsent$1: loaded 2 times (x 72B)
Class org.jetbrains.kotlin.gradle.plugin.diagnostics.checkers.WasmJsEnvironmentChecker: loaded 2 times (x 73B)
Class org.jetbrains.kotlin.gradle.plugin.diagnostics.checkers.AndroidPluginWithoutAndroidTargetChecker: loaded 2 times (x 71B)
Class org.jetbrains.kotlin.statistics.metrics.NumberOverridePolicy                    : loaded 2 times (x 82B)
Class org.jetbrains.kotlin.statistics.metrics.StringAnonymizationPolicy$AllowedListAnonymizer$Companion: loaded 2 times (x 68B)
Class org.jetbrains.kotlin.gradle.plugin.internal.DefaultProjectIsolationStartParameterAccessor_Decorated: loaded 2 times (x 122B)
Class org.jetbrains.kotlin.gradle.plugin.internal.ProjectIsolationStartParameterAccessorKt: loaded 2 times (x 68B)
Class org.jetbrains.kotlin.gradle.testing.internal.KotlinTestsRegistry                : loaded 2 times (x 69B)
Class com.google.common.cache.LocalCache$EntryFactory$8                               : loaded 2 times (x 80B)
Class org.gradle.internal.installation.CurrentGradleInstallation                      : loaded 2 times (x 70B)
Class [Lcom.intellij.psi.PsiPrimitiveType;                                            : loaded 2 times (x 66B)
Class com.android.tools.lint.checks.SecureRandomDetector                              : loaded 2 times (x 167B)
Class com.android.tools.lint.checks.RestrictedEnvironmentBlockedCallDetector          : loaded 2 times (x 168B)
Class com.android.tools.lint.checks.RequiresFeatureDetector$Companion                 : loaded 2 times (x 68B)
Class com.android.tools.lint.checks.MissingResourcesPropertiesDetector$Companion      : loaded 2 times (x 68B)
Class com.android.tools.lint.checks.MissingPrefixDetector$Issues                      : loaded 2 times (x 68B)
Class com.android.tools.lint.checks.LogDetector$Issues                                : loaded 2 times (x 68B)
Class com.android.tools.lint.checks.BuildListDetector                                 : loaded 2 times (x 167B)
Class com.android.tools.lint.detector.api.BinaryResourceScanner                       : loaded 2 times (x 67B)
Class org.jetbrains.kotlin.gradle.plugin.KotlinGradleBuildServices$Inject             : loaded 2 times (x 97B)
Class org.jetbrains.kotlin.gradle.utils.Completable$await$1                           : loaded 2 times (x 85B)
Class kotlin.jvm.internal.StringCompanionObject                                       : loaded 2 times (x 68B)
Class kotlin.reflect.KMutableProperty1                                                : loaded 2 times (x 67B)
Class org.jetbrains.kotlin.protobuf.FieldSet$FieldDescriptorLite                      : loaded 2 times (x 67B)
Class org.jetbrains.kotlin.protobuf.AbstractMessageLite                               : loaded 2 times (x 95B)
Class kotlin.jvm.internal.Ref$BooleanRef                                              : loaded 2 times (x 68B)
Class kotlin.coroutines.intrinsics.IntrinsicsKt__IntrinsicsJvmKt                      : loaded 2 times (x 68B)
Class kotlin.coroutines.jvm.internal.CoroutineStackFrame                              : loaded 2 times (x 67B)
Class com.google.common.collect.ForwardingObject                                      : loaded 2 times (x 69B)
Class org.jetbrains.kotlin.gradle.tasks.KotlinCompilerExecutionStrategy               : loaded 2 times (x 76B)
Class org.jetbrains.kotlin.gradle.plugin.mpp.InternalKotlinCompilationKt$awaitAllKotlinSourceSets$1: loaded 2 times (x 85B)
Class org.jetbrains.kotlin.gradle.plugin.statistics.FusMetrics                        : loaded 2 times (x 67B)
Class org.jetbrains.kotlin.gradle.plugin.sources.DefaultKotlinSourceSet$special$$inlined$Iterable$1: loaded 2 times (x 76B)
Class org.jetbrains.kotlin.gradle.plugin.mpp.compilationImpl.factory.KotlinCompilationImplFactory$KotlinCompilerOptionsFactory$Options: loaded 2 times (x 69B)
Class org.jetbrains.kotlin.gradle.plugin.KotlinCompilation                            : loaded 2 times (x 67B)
Class org.jetbrains.kotlin.gradle.plugin.KotlinTargetConfiguratorKt                   : loaded 2 times (x 68B)
Class org.jetbrains.kotlin.tooling.core.Extras$Type$Companion                         : loaded 2 times (x 68B)
Class com.google.common.cache.CacheLoader$1                                           : loaded 2 times (x 72B)
Class com.google.common.collect.ImmutableList$SubList                                 : loaded 2 times (x 206B)
Class org.gradle.util.internal.GUtil                                                  : loaded 2 times (x 68B)
Class com.intellij.util.containers.IntObjectMap                                       : loaded 2 times (x 67B)
Class org.jetbrains.kotlin.platform.TargetPlatformVersion                             : loaded 2 times (x 67B)
Class com.android.tools.lint.checks.ViewTypeDetector                                  : loaded 2 times (x 178B)
Class com.android.tools.lint.checks.UElementAsPsiDetector                             : loaded 2 times (x 168B)
Class com.android.tools.lint.checks.PermissionDetector                                : loaded 2 times (x 168B)
Class com.android.tools.lint.checks.ForegroundServiceTypesDetector$Companion          : loaded 2 times (x 68B)
Class com.android.tools.lint.checks.DiffUtilDetector                                  : loaded 2 times (x 167B)
Class com.android.tools.lint.client.api.UElementHandler                               : loaded 2 times (x 123B)
Class com.android.tools.lint.detector.api.Intervals$Span                              : loaded 2 times (x 81B)
Class org.jetbrains.kotlin.compilerRunner.CompilerSystemPropertiesService$Companion   : loaded 2 times (x 68B)
Class com.google.common.io.LineReader                                                 : loaded 2 times (x 69B)
Class kotlin.coroutines.jvm.internal.CompletedContinuation                            : loaded 2 times (x 72B)
Class kotlin.reflect.KMutableProperty2                                                : loaded 2 times (x 67B)
Class org.jetbrains.kotlin.protobuf.FieldSet                                          : loaded 2 times (x 69B)
Class it.unimi.dsi.fastutil.ints.AbstractIntCollection                                : loaded 2 times (x 182B)
Class org.jetbrains.kotlin.metadata.ProtoBuf$TypeParameter$Variance$1                 : loaded 2 times (x 71B)
Class kotlin.io.NoSuchFileException                                                   : loaded 2 times (x 79B)
Class org.jetbrains.kotlin.gradle.plugin.mpp.InternalKotlinTargetKt$isSourcesPublishableFuture$2: loaded 2 times (x 92B)
Class org.jetbrains.kotlin.gradle.plugin.mpp.KotlinCompilationFactory                 : loaded 2 times (x 67B)
Class org.jetbrains.kotlin.gradle.dsl.IosSourceSetConventionChecker$runChecks$1       : loaded 2 times (x 85B)
Class org.jetbrains.kotlin.gradle.plugin.mpp.AbstractKotlinCompilation                : loaded 2 times (x 188B)
Class org.jetbrains.kotlin.gradle.plugin.diagnostics.checkers.UnusedSourceSetsChecker : loaded 2 times (x 71B)
Class org.jetbrains.kotlin.gradle.utils.Future                                        : loaded 2 times (x 67B)
Class org.jetbrains.kotlin.gradle.plugin.statistics.KotlinBuildStatsConfiguration$Companion: loaded 2 times (x 68B)
Class com.google.common.cache.AbstractCache$StatsCounter                              : loaded 2 times (x 67B)
Class com.android.tools.lint.checks.UnusedResourceDetector$Companion                  : loaded 2 times (x 68B)
Class com.android.tools.lint.checks.TileServiceActivityDetector                       : loaded 2 times (x 167B)
Class com.android.tools.lint.checks.ScrollViewChildDetector$Companion                 : loaded 2 times (x 68B)
Class com.android.tools.lint.checks.NonConstantResourceIdDetector                     : loaded 2 times (x 167B)
Class org.jetbrains.kotlin.descriptors.SourceElement                                  : loaded 2 times (x 67B)
Class com.android.tools.lint.checks.NestedScrollingWidgetDetector                     : loaded 2 times (x 151B)
Class com.android.tools.lint.checks.AccessibilityWindowStateChangedDetector$Companion : loaded 2 times (x 68B)
Class com.android.tools.lint.checks.DeprecatedSinceApiDetector                        : loaded 2 times (x 167B)
Class com.intellij.psi.PsiJavaDocumentedElement                                       : loaded 2 times (x 67B)
Class com.android.tools.lint.Main                                                     : loaded 2 times (x 72B)
Class [Lorg.jetbrains.kotlin.metadata.ProtoBuf$MemberKind;                            : loaded 2 times (x 66B)
Class kotlin.ranges.IntProgressionIterator                                            : loaded 2 times (x 79B)
Class org.jetbrains.kotlin.metadata.ProtoBuf$TypeOrBuilder                            : loaded 2 times (x 67B)
Class org.jetbrains.kotlin.metadata.ProtoBuf$TypeTableOrBuilder                       : loaded 2 times (x 67B)
Class org.jetbrains.kotlin.metadata.ProtoBuf$Package                                  : loaded 2 times (x 126B)
Class kotlin.coroutines.jvm.internal.DebugProbesKt                                    : loaded 2 times (x 68B)
Class kotlin.coroutines.CoroutineContext                                              : loaded 2 times (x 67B)
Class org.objectweb.asm.Context                                                       : loaded 2 times (x 69B)
Class com.google.common.io.LineBuffer                                                 : loaded 2 times (x 72B)
Class com.google.common.collect.MapMakerInternalMap$1                                 : loaded 2 times (x 80B)
Class org.jetbrains.kotlin.gradle.plugin.mpp.KotlinTargetSoftwareComponentImplKt      : loaded 2 times (x 68B)
Class org.jetbrains.kotlin.gradle.targets.js.dsl.KotlinJsSubTargetContainerDsl        : loaded 2 times (x 67B)
Class org.jetbrains.kotlin.tooling.core.MutableExtrasImpl$Companion                   : loaded 2 times (x 68B)
Class org.jetbrains.kotlin.gradle.plugin.KotlinGradleBuildServices$Companion$registerIfAbsent$1: loaded 2 times (x 72B)
Class org.jetbrains.kotlin.statistics.fileloggers.MetricsContainer                    : loaded 2 times (x 74B)
Class org.jetbrains.kotlin.gradle.plugin.internal.ProjectIsolationStartParameterAccessor: loaded 2 times (x 67B)
Class org.jetbrains.kotlin.gradle.utils.StoredProperty                                : loaded 2 times (x 67B)
Class com.google.common.collect.Iterators$MergingIterator                             : loaded 2 times (x 78B)
Class org.gradle.internal.installation.GradleInstallation                             : loaded 2 times (x 72B)
Class com.android.tools.lint.checks.UnsafeIntentLaunchDetector$Companion              : loaded 2 times (x 68B)
Class com.intellij.lang.jvm.JvmTypeDeclaration                                        : loaded 2 times (x 67B)
Class com.android.tools.lint.checks.LintDetectorDetector$Companion                    : loaded 2 times (x 68B)
Class com.android.tools.lint.detector.api.ResourceFolderScanner                       : loaded 2 times (x 67B)
Class com.android.tools.lint.detector.api.Category$Companion                          : loaded 2 times (x 68B)
Class [Lcom.android.utils.StdLogger$Level;                                            : loaded 2 times (x 66B)
Class com.android.tools.lint.checks.WakelockDetector$Companion                        : loaded 2 times (x 68B)
Class com.android.tools.lint.checks.WearRecentsDetector                               : loaded 2 times (x 176B)
Class com.android.tools.lint.detector.api.LintModelModuleJavaLibraryProject           : loaded 2 times (x 153B)
Class [Lorg.jetbrains.kotlin.descriptors.DescriptorVisibility;                        : loaded 2 times (x 66B)
Class com.google.common.collect.ForwardingCollection                                  : loaded 2 times (x 127B)
Class com.google.common.collect.LexicographicalOrdering                               : loaded 2 times (x 112B)
Class org.jetbrains.kotlin.gradle.dsl.KotlinJvmCompile$DefaultImpls                   : loaded 2 times (x 68B)
Class org.jetbrains.kotlin.gradle.plugin.mpp.compilationImpl.factory.KotlinCompilationImplFactory$create$1: loaded 2 times (x 72B)
Class org.jetbrains.kotlin.gradle.tasks.KotlinJavaToolchain                           : loaded 2 times (x 67B)
Class org.jetbrains.kotlin.statistics.metrics.BooleanMetrics$Companion                : loaded 2 times (x 68B)
Class org.jetbrains.kotlin.gradle.plugin.internal.CompatibilityConventionRegistrar    : loaded 2 times (x 67B)
Class com.google.common.collect.Iterables                                             : loaded 2 times (x 68B)
Class com.android.tools.lint.checks.WearPasswordInputDetector$Issues                  : loaded 2 times (x 68B)
Class org.jetbrains.uast.UMethod                                                      : loaded 2 times (x 67B)
Class com.android.tools.lint.checks.ReturnThisDetector                                : loaded 2 times (x 167B)
Class com.android.tools.lint.checks.RestrictedEnvironmentBlockedCallDetector$Companion: loaded 2 times (x 68B)
Class com.android.tools.lint.checks.MissingPrefixDetector                             : loaded 2 times (x 151B)
Class com.android.tools.lint.checks.LogDetector                                       : loaded 2 times (x 167B)
Class com.android.tools.lint.checks.HardcodedDebugModeDetector                        : loaded 2 times (x 151B)
Class org.jetbrains.kotlin.gradle.plugin.internal.UsesBuildIdProviderService          : loaded 2 times (x 67B)
Class com.android.tools.lint.detector.api.XmlScanner                                  : loaded 2 times (x 67B)
Class com.android.tools.lint.LintCliClient$syncConfigOptions$configs$1                : loaded 2 times (x 76B)
Class com.intellij.util.containers.ContainerUtil$ImmutableListBackedByList            : loaded 2 times (x 196B)
Class kotlin.ranges.IntProgression                                                    : loaded 2 times (x 78B)
Class org.jetbrains.kotlin.gradle.plugin.mpp.KotlinJvmCompilation                     : loaded 2 times (x 197B)
Class org.jetbrains.kotlin.gradle.plugin.KotlinCompilation$Companion                  : loaded 2 times (x 68B)
Class com.google.common.collect.Lists$RandomAccessReverseList                         : loaded 2 times (x 197B)
Class org.jetbrains.kotlin.konan.target.KonanTarget$WATCHOS_ARM64                     : loaded 2 times (x 75B)
Class org.jetbrains.kotlin.konan.target.KonanTarget$MACOS_ARM64                       : loaded 2 times (x 75B)
Class org.jetbrains.kotlin.gradle.plugin.diagnostics.checkers.OverriddenKotlinNativeHomeChecker: loaded 2 times (x 71B)
Class org.jetbrains.kotlin.gradle.artifacts.KotlinJvmJarArtifactKt$KotlinJvmJarArtifact$1: loaded 2 times (x 71B)
Class org.jetbrains.kotlin.gradle.artifacts.KotlinLegacyCompatibilityMetadataArtifactKt: loaded 2 times (x 68B)
Class org.jetbrains.kotlin.gradle.targets.native.SetupEmbedAndSignAppleFrameworkTaskSideEffectKt: loaded 2 times (x 68B)
Class org.jetbrains.kotlin.gradle.plugin.KotlinProjectSetupActionKt$KotlinProjectSetupCoroutine$1: loaded 2 times (x 72B)
Class org.jetbrains.kotlin.gradle.dsl.ToolchainSupport$Companion                      : loaded 2 times (x 68B)
Class org.jetbrains.kotlin.gradle.plugin.KotlinSourceSet                              : loaded 2 times (x 67B)

---------------  S Y S T E M  ---------------

OS:
 Windows 11 , 64 bit Build 22621 (10.0.22621.5415)
OS uptime: 0 days 0:47 hours
Hyper-V role detected

CPU: total 12 (initial active 12) (6 cores per cpu, 2 threads per core) family 6 model 154 stepping 3 microcode 0x432, cx8, cmov, fxsr, ht, mmx, 3dnowpref, sse, sse2, sse3, ssse3, sse4.1, sse4.2, popcnt, lzcnt, tsc, tscinvbit, avx, avx2, aes, erms, clmul, bmi1, bmi2, adx, sha, fma, vzeroupper, clflush, clflushopt, clwb, hv, serialize, rdtscp, rdpid, fsrm, f16c, cet_ibt, cet_ss
Processor Information for all 12 processors :
  Max Mhz: 2000, Current Mhz: 2000, Mhz Limit: 2000

Memory: 4k page, system-wide physical 7832M (300M free)
TotalPageFile size 20184M (AvailPageFile size 448M)
current process WorkingSet (physical memory assigned to process): 478M, peak: 1503M
current process commit charge ("private bytes"): 4114M, peak: 4114M

vm_info: OpenJDK 64-Bit Server VM (21.0.3+-12282718-b509.11) for windows-amd64 JRE (21.0.3+-12282718-b509.11), built on 2024-08-27T17:34:15Z by "builder" with MS VC++ 16.10 / 16.11 (VS2019)

END.
